timestamp,current_replicas,desired_replicas,current_cpu_percentage,target_cpu_percentage,sampling_interval_seconds,segment_id,cpu_lag_15s,cpu_lag_30s,cpu_lag_45s,cpu_lag_60s,replicas_lag_15s,cpu_change_15s,cpu_change_30s,cpu_slope_30s,cpu_recent_mean,cpu_recent_max,cpu_recent_min,cpu_recent_std,replica_change_15s,cpu_above_target,future_cpu_30s,future_timestamp,actual_horizon_seconds
2026-08-04 18:33:53+00:00,1,1,0,50,10.0,0,0.0,0.0,0.0,0.0,1.0,0.0,0.0,0.0,0.0,0.0,0.0,0.0,0.0,-50,0.0,2026-08-04 18:34:23+00:00,30.0
2026-08-04 18:34:03+00:00,1,1,0,50,10.0,0,0.0,0.0,0.0,0.0,1.0,0.0,0.0,0.0,0.0,0.0,0.0,0.0,0.0,-50,0.0,2026-08-04 18:34:33+00:00,30.0
2026-08-04 18:34:13+00:00,1,1,0,50,10.0,0,0.0,0.0,0.0,0.0,1.0,0.0,0.0,0.0,0.0,0.0,0.0,0.0,0.0,-50,0.0,2026-08-04 18:34:43+00:00,30.0
2026-08-04 18:34:23+00:00,1,1,0,50,10.0,0,0.0,0.0,0.0,0.0,1.0,0.0,0.0,0.0,0.0,0.0,0.0,0.0,0.0,-50,1.0,2026-08-04 18:34:53+00:00,30.0
2026-08-04 18:34:33+00:00,1,1,0,50,10.0,0,0.0,0.0,0.0,0.0,1.0,0.0,0.0,0.0,0.0,0.0,0.0,0.0,0.0,-50,1.0,2026-08-04 18:35:03+00:00,30.0
2026-08-04 18:34:43+00:00,1,1,0,50,10.0,0,0.0,0.0,0.0,0.0,1.0,0.0,0.0,0.0,0.0,0.0,0.0,0.0,0.0,-50,1.0,2026-08-04 18:35:13+00:00,30.0
2026-08-04 18:34:53+00:00,1,1,1,50,10.0,0,0.0,0.0,0.0,0.0,1.0,1.0,1.0,0.03333333333333333,0.2,1.0,0.0,0.44721359549995804,0.0,-49,1.0,2026-08-04 18:35:23+00:00,30.0
2026-08-04 18:35:03+00:00,1,1,1,50,10.0,0,0.0,0.0,0.0,0.0,1.0,1.0,1.0,0.03333333333333333,0.2,1.0,0.0,0.44721359549995804,0.0,-49,1.0,2026-08-04 18:35:33+00:00,30.0
2026-08-04 18:35:13+00:00,1,1,1,50,10.0,0,1.0,0.0,0.0,0.0,1.0,0.0,1.0,0.03333333333333333,0.4,1.0,0.0,0.5477225575051662,0.0,-49,1.0,2026-08-04 18:35:43+00:00,30.0
2026-08-04 18:35:23+00:00,1,1,1,50,10.0,0,1.0,1.0,0.0,0.0,1.0,0.0,0.0,0.0,0.6,1.0,0.0,0.5477225575051662,0.0,-49,0.0,2026-08-04 18:35:53+00:00,30.0
2026-08-04 18:35:33+00:00,1,1,1,50,10.0,0,1.0,1.0,0.0,0.0,1.0,0.0,0.0,0.0,0.6,1.0,0.0,0.5477225575051662,0.0,-49,0.0,2026-08-04 18:36:03+00:00,30.0
2026-08-04 18:35:43+00:00,1,1,1,50,10.0,0,1.0,1.0,1.0,0.0,1.0,0.0,0.0,0.0,0.8,1.0,0.0,0.4472135954999579,0.0,-49,0.0,2026-08-04 18:36:13+00:00,30.0
2026-08-04 18:35:53+00:00,1,1,0,50,10.0,0,1.0,1.0,1.0,1.0,1.0,-1.0,-1.0,-0.03333333333333333,0.8,1.0,0.0,0.44721359549995804,0.0,-50,0.0,2026-08-04 18:36:23+00:00,30.0
2026-08-04 18:36:03+00:00,1,1,0,50,10.0,0,1.0,1.0,1.0,1.0,1.0,-1.0,-1.0,-0.03333333333333333,0.8,1.0,0.0,0.44721359549995804,0.0,-50,0.0,2026-08-04 18:36:33+00:00,30.0
2026-08-04 18:36:13+00:00,1,1,0,50,10.0,0,0.0,1.0,1.0,1.0,1.0,0.0,-1.0,-0.03333333333333333,0.6,1.0,0.0,0.5477225575051662,0.0,-50,0.0,2026-08-04 18:36:43+00:00,30.0
2026-08-04 18:36:23+00:00,1,1,0,50,10.0,0,0.0,0.0,1.0,1.0,1.0,0.0,0.0,0.0,0.4,1.0,0.0,0.5477225575051662,0.0,-50,22.0,2026-08-04 18:36:53+00:00,30.0
2026-08-04 18:36:33+00:00,1,1,0,50,10.0,0,0.0,0.0,1.0,1.0,1.0,0.0,0.0,0.0,0.4,1.0,0.0,0.5477225575051662,0.0,-50,22.0,2026-08-04 18:37:03+00:00,30.0
2026-08-04 18:36:43+00:00,1,1,0,50,10.0,0,0.0,0.0,0.0,1.0,1.0,0.0,0.0,0.0,0.2,1.0,0.0,0.447213595499958,0.0,-50,22.0,2026-08-04 18:37:13+00:00,30.0
2026-08-04 18:36:53+00:00,1,1,22,50,10.0,0,0.0,0.0,0.0,0.0,1.0,22.0,22.0,0.7333333333333333,4.4,22.0,0.0,9.838699100999076,0.0,-28,22.0,2026-08-04 18:37:23+00:00,30.0
2026-08-04 18:37:03+00:00,1,1,22,50,10.0,0,0.0,0.0,0.0,0.0,1.0,22.0,22.0,0.7333333333333333,4.4,22.0,0.0,9.838699100999076,0.0,-28,22.0,2026-08-04 18:37:33+00:00,30.0
2026-08-04 18:37:13+00:00,1,1,22,50,10.0,0,22.0,0.0,0.0,0.0,1.0,0.0,22.0,0.7333333333333333,8.8,22.0,0.0,12.049896265113654,0.0,-28,22.0,2026-08-04 18:37:43+00:00,30.0
2026-08-04 18:37:23+00:00,1,1,22,50,10.0,0,22.0,22.0,0.0,0.0,1.0,0.0,0.0,0.0,13.2,22.0,0.0,12.049896265113656,0.0,-28,36.0,2026-08-04 18:37:53+00:00,30.0
2026-08-04 18:37:33+00:00,1,1,22,50,10.0,0,22.0,22.0,0.0,0.0,1.0,0.0,0.0,0.0,13.2,22.0,0.0,12.049896265113656,0.0,-28,36.0,2026-08-04 18:38:03+00:00,30.0
2026-08-04 18:37:43+00:00,1,1,22,50,10.0,0,22.0,22.0,22.0,0.0,1.0,0.0,0.0,0.0,17.6,22.0,0.0,9.838699100999074,0.0,-28,36.0,2026-08-04 18:38:13+00:00,30.0
2026-08-04 19:01:34+00:00,2,2,36,50,10.0,1,36.0,36.0,36.0,36.0,2.0,0.0,0.0,0.0,36.0,36.0,36.0,0.0,0.0,-14,37.0,2026-08-04 19:02:04+00:00,30.0
2026-08-04 19:01:44+00:00,2,2,36,50,10.0,1,36.0,36.0,36.0,36.0,2.0,0.0,0.0,0.0,36.0,36.0,36.0,0.0,0.0,-14,37.0,2026-08-04 19:02:14+00:00,30.0
2026-08-04 19:01:54+00:00,2,2,37,50,10.0,1,36.0,36.0,36.0,36.0,2.0,1.0,1.0,0.03333333333333333,36.2,37.0,36.0,0.4472135954999579,0.0,-13,37.0,2026-08-04 19:02:24+00:00,30.0
2026-08-04 19:02:04+00:00,2,2,37,50,10.0,1,36.0,36.0,36.0,36.0,2.0,1.0,1.0,0.03333333333333333,36.2,37.0,36.0,0.4472135954999579,0.0,-13,37.0,2026-08-04 19:02:34+00:00,30.0
2026-08-04 19:02:14+00:00,2,2,37,50,10.0,1,37.0,36.0,36.0,36.0,2.0,0.0,1.0,0.03333333333333333,36.4,37.0,36.0,0.5477225575051661,0.0,-13,37.0,2026-08-04 19:02:44+00:00,30.0
2026-08-04 19:02:24+00:00,2,2,37,50,10.0,1,37.0,37.0,36.0,36.0,2.0,0.0,0.0,0.0,36.6,37.0,36.0,0.5477225575051661,0.0,-13,37.0,2026-08-04 19:02:54+00:00,30.0
2026-08-04 19:02:34+00:00,2,2,37,50,10.0,1,37.0,37.0,36.0,36.0,2.0,0.0,0.0,0.0,36.6,37.0,36.0,0.5477225575051661,0.0,-13,37.0,2026-08-04 19:03:04+00:00,30.0
2026-08-04 19:02:44+00:00,2,2,37,50,10.0,1,37.0,37.0,37.0,36.0,2.0,0.0,0.0,0.0,36.8,37.0,36.0,0.4472135954999579,0.0,-13,37.0,2026-08-04 19:03:14+00:00,30.0
2026-08-04 19:02:54+00:00,2,2,37,50,10.0,1,37.0,37.0,37.0,37.0,2.0,0.0,0.0,0.0,37.0,37.0,37.0,0.0,0.0,-13,37.0,2026-08-04 19:03:24+00:00,30.0
2026-08-04 19:03:04+00:00,2,2,37,50,10.0,1,37.0,37.0,37.0,37.0,2.0,0.0,0.0,0.0,37.0,37.0,37.0,0.0,0.0,-13,37.0,2026-08-04 19:03:34+00:00,30.0
2026-08-04 19:03:14+00:00,2,2,37,50,10.0,1,37.0,37.0,37.0,37.0,2.0,0.0,0.0,0.0,37.0,37.0,37.0,0.0,0.0,-13,35.0,2026-08-04 19:03:44+00:00,30.0
2026-08-04 19:03:24+00:00,2,2,37,50,10.0,1,37.0,37.0,37.0,37.0,2.0,0.0,0.0,0.0,37.0,37.0,37.0,0.0,0.0,-13,35.0,2026-08-04 19:03:54+00:00,30.0
2026-08-04 19:03:34+00:00,2,2,37,50,10.0,1,37.0,37.0,37.0,37.0,2.0,0.0,0.0,0.0,37.0,37.0,37.0,0.0,0.0,-13,35.0,2026-08-04 19:04:04+00:00,30.0
2026-08-04 19:03:44+00:00,2,2,35,50,10.0,1,37.0,37.0,37.0,37.0,2.0,-2.0,-2.0,-0.06666666666666667,36.6,37.0,35.0,0.8944271909999159,0.0,-15,35.0,2026-08-04 19:04:14+00:00,30.0
2026-08-04 19:03:54+00:00,2,2,35,50,10.0,1,37.0,37.0,37.0,37.0,2.0,-2.0,-2.0,-0.06666666666666667,36.6,37.0,35.0,0.8944271909999159,0.0,-15,35.0,2026-08-04 19:04:24+00:00,30.0
2026-08-04 19:04:04+00:00,2,2,35,50,10.0,1,35.0,37.0,37.0,37.0,2.0,0.0,-2.0,-0.06666666666666667,36.2,37.0,35.0,1.0954451150103321,0.0,-15,35.0,2026-08-04 19:04:34+00:00,30.0
2026-08-04 19:04:14+00:00,2,2,35,50,10.0,1,35.0,35.0,37.0,37.0,2.0,0.0,0.0,0.0,35.8,37.0,35.0,1.0954451150103321,0.0,-15,36.0,2026-08-04 19:04:44+00:00,30.0
2026-08-04 19:04:24+00:00,2,2,35,50,10.0,1,35.0,35.0,37.0,37.0,2.0,0.0,0.0,0.0,35.8,37.0,35.0,1.0954451150103321,0.0,-15,36.0,2026-08-04 19:04:54+00:00,30.0
2026-08-04 19:04:34+00:00,2,2,35,50,10.0,1,35.0,35.0,35.0,37.0,2.0,0.0,0.0,0.0,35.4,37.0,35.0,0.8944271909999159,0.0,-15,36.0,2026-08-04 19:05:04+00:00,30.0
2026-08-04 19:04:44+00:00,2,2,36,50,10.0,1,35.0,35.0,35.0,35.0,2.0,1.0,1.0,0.03333333333333333,35.2,36.0,35.0,0.4472135954999579,0.0,-14,36.0,2026-08-04 19:05:14+00:00,30.0
2026-08-04 19:04:54+00:00,2,2,36,50,10.0,1,35.0,35.0,35.0,35.0,2.0,1.0,1.0,0.03333333333333333,35.2,36.0,35.0,0.4472135954999579,0.0,-14,36.0,2026-08-04 19:05:24+00:00,30.0
2026-08-04 19:05:04+00:00,2,2,36,50,10.0,1,36.0,35.0,35.0,35.0,2.0,0.0,1.0,0.03333333333333333,35.4,36.0,35.0,0.5477225575051661,0.0,-14,36.0,2026-08-04 19:05:34+00:00,30.0
2026-08-04 19:05:14+00:00,2,2,36,50,10.0,1,36.0,36.0,35.0,35.0,2.0,0.0,0.0,0.0,35.6,36.0,35.0,0.5477225575051661,0.0,-14,35.0,2026-08-04 19:05:44+00:00,30.0
2026-08-04 19:05:24+00:00,2,2,36,50,10.0,1,36.0,36.0,35.0,35.0,2.0,0.0,0.0,0.0,35.6,36.0,35.0,0.5477225575051661,0.0,-14,35.0,2026-08-04 19:05:54+00:00,30.0
2026-08-04 19:05:34+00:00,2,2,36,50,10.0,1,36.0,36.0,36.0,35.0,2.0,0.0,0.0,0.0,35.8,36.0,35.0,0.4472135954999579,0.0,-14,35.0,2026-08-04 19:06:04+00:00,30.0
2026-08-04 19:05:44+00:00,2,2,35,50,10.0,1,36.0,36.0,36.0,36.0,2.0,-1.0,-1.0,-0.03333333333333333,35.8,36.0,35.0,0.4472135954999579,0.0,-15,35.0,2026-08-04 19:06:14+00:00,30.0
2026-08-04 19:05:54+00:00,2,2,35,50,10.0,1,36.0,36.0,36.0,36.0,2.0,-1.0,-1.0,-0.03333333333333333,35.8,36.0,35.0,0.4472135954999579,0.0,-15,35.0,2026-08-04 19:06:24+00:00,30.0
2026-08-04 19:06:04+00:00,2,2,35,50,10.0,1,35.0,36.0,36.0,36.0,2.0,0.0,-1.0,-0.03333333333333333,35.6,36.0,35.0,0.5477225575051661,0.0,-15,35.0,2026-08-04 19:06:34+00:00,30.0
2026-08-04 19:06:14+00:00,2,2,35,50,10.0,1,35.0,35.0,36.0,36.0,2.0,0.0,0.0,0.0,35.4,36.0,35.0,0.5477225575051661,0.0,-15,45.0,2026-08-04 19:06:44+00:00,30.0
2026-08-04 19:06:24+00:00,2,2,35,50,10.0,1,35.0,35.0,36.0,36.0,2.0,0.0,0.0,0.0,35.4,36.0,35.0,0.5477225575051661,0.0,-15,45.0,2026-08-04 19:06:54+00:00,30.0
2026-08-04 19:06:34+00:00,2,2,35,50,10.0,1,35.0,35.0,35.0,36.0,2.0,0.0,0.0,0.0,35.2,36.0,35.0,0.4472135954999579,0.0,-15,45.0,2026-08-04 19:07:04+00:00,30.0
2026-08-04 19:06:44+00:00,2,2,45,50,10.0,1,35.0,35.0,35.0,35.0,2.0,10.0,10.0,0.3333333333333333,37.0,45.0,35.0,4.47213595499958,0.0,-5,45.0,2026-08-04 19:07:14+00:00,30.0
2026-08-04 19:06:54+00:00,2,2,45,50,10.0,1,35.0,35.0,35.0,35.0,2.0,10.0,10.0,0.3333333333333333,37.0,45.0,35.0,4.47213595499958,0.0,-5,45.0,2026-08-04 19:07:24+00:00,30.0
2026-08-04 19:07:04+00:00,2,2,45,50,10.0,1,45.0,35.0,35.0,35.0,2.0,0.0,10.0,0.3333333333333333,39.0,45.0,35.0,5.477225575051661,0.0,-5,45.0,2026-08-04 19:07:34+00:00,30.0
2026-08-04 19:07:14+00:00,2,2,45,50,10.0,1,45.0,45.0,35.0,35.0,2.0,0.0,0.0,0.0,41.0,45.0,35.0,5.477225575051661,0.0,-5,53.0,2026-08-04 19:07:44+00:00,30.0
2026-08-04 19:07:24+00:00,2,2,45,50,10.0,1,45.0,45.0,35.0,35.0,2.0,0.0,0.0,0.0,41.0,45.0,35.0,5.477225575051661,0.0,-5,53.0,2026-08-04 19:07:54+00:00,30.0
2026-08-04 19:07:34+00:00,2,2,45,50,10.0,1,45.0,45.0,45.0,35.0,2.0,0.0,0.0,0.0,43.0,45.0,35.0,4.47213595499958,0.0,-5,53.0,2026-08-04 19:08:04+00:00,30.0
2026-08-04 19:07:44+00:00,2,2,53,50,10.0,1,45.0,45.0,45.0,45.0,2.0,8.0,8.0,0.26666666666666666,46.6,53.0,45.0,3.577708763999663,0.0,3,53.0,2026-08-04 19:08:14+00:00,30.0
2026-08-04 19:07:54+00:00,2,2,53,50,10.0,1,45.0,45.0,45.0,45.0,2.0,8.0,8.0,0.26666666666666666,46.6,53.0,45.0,3.577708763999663,0.0,3,53.0,2026-08-04 19:08:24+00:00,30.0
2026-08-04 19:08:04+00:00,2,2,53,50,10.0,1,53.0,45.0,45.0,45.0,2.0,0.0,8.0,0.26666666666666666,48.2,53.0,45.0,4.3817804600413295,0.0,3,53.0,2026-08-04 19:08:34+00:00,30.0
2026-08-04 19:08:14+00:00,2,2,53,50,10.0,1,53.0,53.0,45.0,45.0,2.0,0.0,0.0,0.0,49.8,53.0,45.0,4.3817804600413295,0.0,3,53.0,2026-08-04 19:08:44+00:00,30.0
2026-08-04 19:08:24+00:00,2,2,53,50,10.0,1,53.0,53.0,45.0,45.0,2.0,0.0,0.0,0.0,49.8,53.0,45.0,4.3817804600413295,0.0,3,53.0,2026-08-04 19:08:54+00:00,30.0
2026-08-04 19:08:34+00:00,2,2,53,50,10.0,1,53.0,53.0,53.0,45.0,2.0,0.0,0.0,0.0,51.4,53.0,45.0,3.5777087639996634,0.0,3,53.0,2026-08-04 19:09:04+00:00,30.0
2026-08-04 19:08:44+00:00,2,2,53,50,10.0,1,53.0,53.0,53.0,53.0,2.0,0.0,0.0,0.0,53.0,53.0,53.0,0.0,0.0,3,53.0,2026-08-04 19:09:14+00:00,30.0
2026-08-04 19:08:54+00:00,2,2,53,50,10.0,1,53.0,53.0,53.0,53.0,2.0,0.0,0.0,0.0,53.0,53.0,53.0,0.0,0.0,3,53.0,2026-08-04 19:09:24+00:00,30.0
2026-08-04 19:09:04+00:00,2,2,53,50,10.0,1,53.0,53.0,53.0,53.0,2.0,0.0,0.0,0.0,53.0,53.0,53.0,0.0,0.0,3,53.0,2026-08-04 19:09:34+00:00,30.0
2026-08-04 19:09:14+00:00,2,2,53,50,10.0,1,53.0,53.0,53.0,53.0,2.0,0.0,0.0,0.0,53.0,53.0,53.0,0.0,0.0,3,55.0,2026-08-04 19:09:44+00:00,30.0
2026-08-04 19:09:24+00:00,2,2,53,50,10.0,1,53.0,53.0,53.0,53.0,2.0,0.0,0.0,0.0,53.0,53.0,53.0,0.0,0.0,3,55.0,2026-08-04 19:09:54+00:00,30.0
2026-08-04 19:09:34+00:00,2,2,53,50,10.0,1,53.0,53.0,53.0,53.0,2.0,0.0,0.0,0.0,53.0,53.0,53.0,0.0,0.0,3,55.0,2026-08-04 19:10:04+00:00,30.0
2026-08-04 19:09:44+00:00,2,2,55,50,10.0,1,53.0,53.0,53.0,53.0,2.0,2.0,2.0,0.06666666666666667,53.4,55.0,53.0,0.8944271909999159,0.0,5,55.0,2026-08-04 19:10:14+00:00,30.0
2026-08-04 19:09:54+00:00,2,2,55,50,10.0,1,53.0,53.0,53.0,53.0,2.0,2.0,2.0,0.06666666666666667,53.4,55.0,53.0,0.8944271909999159,0.0,5,55.0,2026-08-04 19:10:24+00:00,30.0
2026-08-04 19:10:04+00:00,2,2,55,50,10.0,1,55.0,53.0,53.0,53.0,2.0,0.0,2.0,0.06666666666666667,53.8,55.0,53.0,1.0954451150103321,0.0,5,55.0,2026-08-04 19:10:34+00:00,30.0
2026-08-04 19:10:14+00:00,2,2,55,50,10.0,1,55.0,55.0,53.0,53.0,2.0,0.0,0.0,0.0,54.2,55.0,53.0,1.0954451150103321,0.0,5,55.0,2026-08-04 19:10:44+00:00,30.0
2026-08-04 19:10:24+00:00,2,2,55,50,10.0,1,55.0,55.0,53.0,53.0,2.0,0.0,0.0,0.0,54.2,55.0,53.0,1.0954451150103321,0.0,5,55.0,2026-08-04 19:10:54+00:00,30.0
2026-08-04 19:10:34+00:00,2,2,55,50,10.0,1,55.0,55.0,55.0,53.0,2.0,0.0,0.0,0.0,54.6,55.0,53.0,0.8944271909999159,0.0,5,55.0,2026-08-04 19:11:04+00:00,30.0
2026-08-04 19:10:44+00:00,2,2,55,50,10.0,1,55.0,55.0,55.0,55.0,2.0,0.0,0.0,0.0,55.0,55.0,55.0,0.0,0.0,5,55.0,2026-08-04 19:11:14+00:00,30.0
2026-08-04 19:10:54+00:00,2,2,55,50,10.0,1,55.0,55.0,55.0,55.0,2.0,0.0,0.0,0.0,55.0,55.0,55.0,0.0,0.0,5,55.0,2026-08-04 19:11:24+00:00,30.0
2026-08-04 19:11:04+00:00,2,2,55,50,10.0,1,55.0,55.0,55.0,55.0,2.0,0.0,0.0,0.0,55.0,55.0,55.0,0.0,0.0,5,55.0,2026-08-04 19:11:34+00:00,30.0
2026-08-04 19:11:14+00:00,2,2,55,50,10.0,1,55.0,55.0,55.0,55.0,2.0,0.0,0.0,0.0,55.0,55.0,55.0,0.0,0.0,5,53.0,2026-08-04 19:11:44+00:00,30.0
2026-08-04 19:11:24+00:00,2,2,55,50,10.0,1,55.0,55.0,55.0,55.0,2.0,0.0,0.0,0.0,55.0,55.0,55.0,0.0,0.0,5,53.0,2026-08-04 19:11:54+00:00,30.0
2026-08-04 19:11:34+00:00,2,2,55,50,10.0,1,55.0,55.0,55.0,55.0,2.0,0.0,0.0,0.0,55.0,55.0,55.0,0.0,0.0,5,53.0,2026-08-04 19:12:04+00:00,30.0
2026-08-04 19:11:44+00:00,2,2,53,50,10.0,1,55.0,55.0,55.0,55.0,2.0,-2.0,-2.0,-0.06666666666666667,54.6,55.0,53.0,0.8944271909999159,0.0,3,53.0,2026-08-04 19:12:14+00:00,30.0
2026-08-04 19:11:54+00:00,2,2,53,50,10.0,1,55.0,55.0,55.0,55.0,2.0,-2.0,-2.0,-0.06666666666666667,54.6,55.0,53.0,0.8944271909999159,0.0,3,53.0,2026-08-04 19:12:24+00:00,30.0
2026-08-04 19:12:04+00:00,2,2,53,50,10.0,1,53.0,55.0,55.0,55.0,2.0,0.0,-2.0,-0.06666666666666667,54.2,55.0,53.0,1.0954451150103321,0.0,3,53.0,2026-08-04 19:12:34+00:00,30.0
2026-08-04 19:12:14+00:00,2,2,53,50,10.0,1,53.0,53.0,55.0,55.0,2.0,0.0,0.0,0.0,53.8,55.0,53.0,1.0954451150103321,0.0,3,55.0,2026-08-04 19:12:44+00:00,30.0
2026-08-04 19:12:24+00:00,2,2,53,50,10.0,1,53.0,53.0,55.0,55.0,2.0,0.0,0.0,0.0,53.8,55.0,53.0,1.0954451150103321,0.0,3,55.0,2026-08-04 19:12:54+00:00,30.0
2026-08-04 19:12:34+00:00,2,2,53,50,10.0,1,53.0,53.0,53.0,55.0,2.0,0.0,0.0,0.0,53.4,55.0,53.0,0.8944271909999159,0.0,3,55.0,2026-08-04 19:13:05+00:00,31.0
2026-08-04 19:12:44+00:00,2,2,55,50,10.0,1,53.0,53.0,53.0,53.0,2.0,2.0,2.0,0.06666666666666667,53.4,55.0,53.0,0.8944271909999159,0.0,5,55.0,2026-08-04 19:13:15+00:00,31.0
2026-08-04 19:12:54+00:00,2,2,55,50,10.0,1,53.0,53.0,53.0,53.0,2.0,2.0,2.0,0.06666666666666667,53.4,55.0,53.0,0.8944271909999159,0.0,5,55.0,2026-08-04 19:13:25+00:00,31.0
2026-08-04 19:13:05+00:00,2,2,55,50,11.0,1,55.0,53.0,53.0,53.0,2.0,0.0,2.0,0.06666666666666667,53.8,55.0,53.0,1.0954451150103321,0.0,5,55.0,2026-08-04 19:13:35+00:00,30.0
2026-08-04 19:13:15+00:00,2,2,55,50,10.0,1,55.0,55.0,53.0,53.0,2.0,0.0,0.0,0.0,54.2,55.0,53.0,1.0954451150103321,0.0,5,54.0,2026-08-04 19:13:45+00:00,30.0
2026-08-04 19:13:25+00:00,2,2,55,50,10.0,1,55.0,55.0,55.0,53.0,2.0,0.0,0.0,0.0,54.6,55.0,53.0,0.8944271909999159,0.0,5,54.0,2026-08-04 19:13:55+00:00,30.0
2026-08-04 19:13:35+00:00,2,2,55,50,10.0,1,55.0,55.0,55.0,53.0,2.0,0.0,0.0,0.0,54.6,55.0,53.0,0.8944271909999159,0.0,5,54.0,2026-08-04 19:14:05+00:00,30.0
2026-08-04 19:13:45+00:00,2,2,54,50,10.0,1,55.0,55.0,55.0,55.0,2.0,-1.0,-1.0,-0.03333333333333333,54.8,55.0,54.0,0.4472135954999579,0.0,4,54.0,2026-08-04 19:14:15+00:00,30.0
2026-08-04 19:13:55+00:00,2,2,54,50,10.0,1,55.0,55.0,55.0,55.0,2.0,-1.0,-1.0,-0.03333333333333333,54.8,55.0,54.0,0.4472135954999579,0.0,4,54.0,2026-08-04 19:14:25+00:00,30.0
2026-08-04 19:14:05+00:00,2,2,54,50,10.0,1,54.0,55.0,55.0,55.0,2.0,0.0,-1.0,-0.03333333333333333,54.6,55.0,54.0,0.5477225575051661,0.0,4,54.0,2026-08-04 19:14:35+00:00,30.0
2026-08-04 19:14:15+00:00,2,2,54,50,10.0,1,54.0,54.0,55.0,55.0,2.0,0.0,0.0,0.0,54.4,55.0,54.0,0.5477225575051661,0.0,4,53.0,2026-08-04 19:14:45+00:00,30.0
2026-08-04 19:14:25+00:00,2,2,54,50,10.0,1,54.0,54.0,55.0,55.0,2.0,0.0,0.0,0.0,54.4,55.0,54.0,0.5477225575051661,0.0,4,53.0,2026-08-04 19:14:55+00:00,30.0
2026-08-04 19:14:35+00:00,2,2,54,50,10.0,1,54.0,54.0,54.0,55.0,2.0,0.0,0.0,0.0,54.2,55.0,54.0,0.4472135954999579,0.0,4,53.0,2026-08-04 19:15:05+00:00,30.0
2026-08-04 19:14:45+00:00,2,2,53,50,10.0,1,54.0,54.0,54.0,54.0,2.0,-1.0,-1.0,-0.03333333333333333,53.8,54.0,53.0,0.4472135954999579,0.0,3,53.0,2026-08-04 19:15:15+00:00,30.0
2026-08-04 19:14:55+00:00,2,2,53,50,10.0,1,54.0,54.0,54.0,54.0,2.0,-1.0,-1.0,-0.03333333333333333,53.8,54.0,53.0,0.4472135954999579,0.0,3,53.0,2026-08-04 19:15:25+00:00,30.0
2026-08-04 19:15:05+00:00,2,2,53,50,10.0,1,53.0,54.0,54.0,54.0,2.0,0.0,-1.0,-0.03333333333333333,53.6,54.0,53.0,0.5477225575051661,0.0,3,53.0,2026-08-04 19:15:35+00:00,30.0
2026-08-04 19:15:15+00:00,2,2,53,50,10.0,1,53.0,53.0,54.0,54.0,2.0,0.0,0.0,0.0,53.4,54.0,53.0,0.5477225575051661,0.0,3,55.0,2026-08-04 19:15:45+00:00,30.0
2026-08-04 19:15:25+00:00,2,2,53,50,10.0,1,53.0,53.0,54.0,54.0,2.0,0.0,0.0,0.0,53.4,54.0,53.0,0.5477225575051661,0.0,3,55.0,2026-08-04 19:15:55+00:00,30.0
2026-08-04 19:15:35+00:00,2,2,53,50,10.0,1,53.0,53.0,53.0,54.0,2.0,0.0,0.0,0.0,53.2,54.0,53.0,0.4472135954999579,0.0,3,55.0,2026-08-04 19:16:05+00:00,30.0
2026-08-04 19:15:45+00:00,2,2,55,50,10.0,1,53.0,53.0,53.0,53.0,2.0,2.0,2.0,0.06666666666666667,53.4,55.0,53.0,0.8944271909999159,0.0,5,55.0,2026-08-04 19:16:15+00:00,30.0
2026-08-04 19:15:55+00:00,2,2,55,50,10.0,1,53.0,53.0,53.0,53.0,2.0,2.0,2.0,0.06666666666666667,53.4,55.0,53.0,0.8944271909999159,0.0,5,55.0,2026-08-04 19:16:25+00:00,30.0
2026-08-04 19:16:05+00:00,2,2,55,50,10.0,1,55.0,53.0,53.0,53.0,2.0,0.0,2.0,0.06666666666666667,53.8,55.0,53.0,1.0954451150103321,0.0,5,55.0,2026-08-04 19:16:35+00:00,30.0
2026-08-04 19:16:15+00:00,2,2,55,50,10.0,1,55.0,55.0,53.0,53.0,2.0,0.0,0.0,0.0,54.2,55.0,53.0,1.0954451150103321,0.0,5,54.0,2026-08-04 19:16:45+00:00,30.0
2026-08-04 19:16:25+00:00,2,2,55,50,10.0,1,55.0,55.0,53.0,53.0,2.0,0.0,0.0,0.0,54.2,55.0,53.0,1.0954451150103321,0.0,5,54.0,2026-08-04 19:16:55+00:00,30.0
2026-08-04 19:16:35+00:00,2,2,55,50,10.0,1,55.0,55.0,55.0,53.0,2.0,0.0,0.0,0.0,54.6,55.0,53.0,0.8944271909999159,0.0,5,54.0,2026-08-04 19:17:05+00:00,30.0
2026-08-04 19:16:45+00:00,2,2,54,50,10.0,1,55.0,55.0,55.0,55.0,2.0,-1.0,-1.0,-0.03333333333333333,54.8,55.0,54.0,0.4472135954999579,0.0,4,54.0,2026-08-04 19:17:15+00:00,30.0
2026-08-04 19:16:55+00:00,2,2,54,50,10.0,1,55.0,55.0,55.0,55.0,2.0,-1.0,-1.0,-0.03333333333333333,54.8,55.0,54.0,0.4472135954999579,0.0,4,54.0,2026-08-04 19:17:25+00:00,30.0
2026-08-04 19:17:05+00:00,2,2,54,50,10.0,1,54.0,55.0,55.0,55.0,2.0,0.0,-1.0,-0.03333333333333333,54.6,55.0,54.0,0.5477225575051661,0.0,4,54.0,2026-08-04 19:17:35+00:00,30.0
2026-08-04 19:17:15+00:00,2,2,54,50,10.0,1,54.0,54.0,55.0,55.0,2.0,0.0,0.0,0.0,54.4,55.0,54.0,0.5477225575051661,0.0,4,55.0,2026-08-04 19:17:45+00:00,30.0
2026-08-04 19:17:25+00:00,2,2,54,50,10.0,1,54.0,54.0,55.0,55.0,2.0,0.0,0.0,0.0,54.4,55.0,54.0,0.5477225575051661,0.0,4,55.0,2026-08-04 19:17:55+00:00,30.0
2026-08-04 19:17:35+00:00,2,2,54,50,10.0,1,54.0,54.0,54.0,55.0,2.0,0.0,0.0,0.0,54.2,55.0,54.0,0.4472135954999579,0.0,4,55.0,2026-08-04 19:18:05+00:00,30.0
2026-08-04 19:17:45+00:00,2,2,55,50,10.0,1,54.0,54.0,54.0,54.0,2.0,1.0,1.0,0.03333333333333333,54.2,55.0,54.0,0.4472135954999579,0.0,5,55.0,2026-08-04 19:18:15+00:00,30.0
2026-08-04 19:17:55+00:00,2,2,55,50,10.0,1,54.0,54.0,54.0,54.0,2.0,1.0,1.0,0.03333333333333333,54.2,55.0,54.0,0.4472135954999579,0.0,5,55.0,2026-08-04 19:18:25+00:00,30.0
2026-08-04 19:18:05+00:00,2,2,55,50,10.0,1,55.0,54.0,54.0,54.0,2.0,0.0,1.0,0.03333333333333333,54.4,55.0,54.0,0.5477225575051661,0.0,5,55.0,2026-08-04 19:18:35+00:00,30.0
2026-08-04 19:18:15+00:00,2,2,55,50,10.0,1,55.0,55.0,54.0,54.0,2.0,0.0,0.0,0.0,54.6,55.0,54.0,0.5477225575051661,0.0,5,75.0,2026-08-04 19:18:45+00:00,30.0
2026-08-04 19:18:25+00:00,2,2,55,50,10.0,1,55.0,55.0,54.0,54.0,2.0,0.0,0.0,0.0,54.6,55.0,54.0,0.5477225575051661,0.0,5,75.0,2026-08-04 19:18:55+00:00,30.0
2026-08-04 19:18:35+00:00,2,2,55,50,10.0,1,55.0,55.0,55.0,54.0,2.0,0.0,0.0,0.0,54.8,55.0,54.0,0.4472135954999579,0.0,5,75.0,2026-08-04 19:19:05+00:00,30.0
2026-08-04 19:18:45+00:00,2,3,75,50,10.0,1,55.0,55.0,55.0,55.0,2.0,20.0,20.0,0.6666666666666666,59.0,75.0,55.0,8.94427190999916,0.0,25,75.0,2026-08-04 19:19:15+00:00,30.0
2026-08-04 19:18:55+00:00,3,3,75,50,10.0,1,55.0,55.0,55.0,55.0,2.0,20.0,20.0,0.6666666666666666,59.0,75.0,55.0,8.94427190999916,1.0,25,75.0,2026-08-04 19:19:25+00:00,30.0
2026-08-04 19:19:05+00:00,3,3,75,50,10.0,1,75.0,55.0,55.0,55.0,2.0,0.0,20.0,0.6666666666666666,63.0,75.0,55.0,10.954451150103322,1.0,25,75.0,2026-08-04 19:19:35+00:00,30.0
2026-08-04 19:19:15+00:00,3,3,75,50,10.0,1,75.0,75.0,55.0,55.0,3.0,0.0,0.0,0.0,67.0,75.0,55.0,10.954451150103322,0.0,25,61.0,2026-08-04 19:19:45+00:00,30.0
2026-08-04 19:19:25+00:00,3,3,75,50,10.0,1,75.0,75.0,55.0,55.0,3.0,0.0,0.0,0.0,67.0,75.0,55.0,10.954451150103322,0.0,25,61.0,2026-08-04 19:19:55+00:00,30.0
2026-08-04 19:19:35+00:00,3,3,75,50,10.0,1,75.0,75.0,75.0,55.0,3.0,0.0,0.0,0.0,71.0,75.0,55.0,8.94427190999916,0.0,25,61.0,2026-08-04 19:20:05+00:00,30.0
2026-08-04 19:19:45+00:00,3,3,61,50,10.0,1,75.0,75.0,75.0,75.0,3.0,-14.0,-14.0,-0.4666666666666667,72.2,75.0,61.0,6.260990336999411,0.0,11,61.0,2026-08-04 19:20:15+00:00,30.0
2026-08-04 19:19:55+00:00,3,3,61,50,10.0,1,75.0,75.0,75.0,75.0,3.0,-14.0,-14.0,-0.4666666666666667,72.2,75.0,61.0,6.260990336999411,0.0,11,61.0,2026-08-04 19:20:25+00:00,30.0
2026-08-04 19:20:05+00:00,3,3,61,50,10.0,1,61.0,75.0,75.0,75.0,3.0,0.0,-14.0,-0.4666666666666667,69.4,75.0,61.0,7.6681158050723255,0.0,11,61.0,2026-08-04 19:20:35+00:00,30.0
2026-08-04 19:20:15+00:00,3,3,61,50,10.0,1,61.0,61.0,75.0,75.0,3.0,0.0,0.0,0.0,66.6,75.0,61.0,7.668115805072326,0.0,11,62.0,2026-08-04 19:20:45+00:00,30.0
2026-08-04 19:20:25+00:00,3,3,61,50,10.0,1,61.0,61.0,75.0,75.0,3.0,0.0,0.0,0.0,66.6,75.0,61.0,7.668115805072326,0.0,11,62.0,2026-08-04 19:20:55+00:00,30.0
2026-08-04 19:20:35+00:00,3,3,61,50,10.0,1,61.0,61.0,61.0,75.0,3.0,0.0,0.0,0.0,63.8,75.0,61.0,6.260990336999411,0.0,11,62.0,2026-08-04 19:21:05+00:00,30.0
2026-08-04 19:20:45+00:00,3,4,62,50,10.0,1,61.0,61.0,61.0,61.0,3.0,1.0,1.0,0.03333333333333333,61.2,62.0,61.0,0.4472135954999579,0.0,12,64.0,2026-08-04 19:21:15+00:00,30.0
2026-08-04 19:20:55+00:00,3,4,62,50,10.0,1,61.0,61.0,61.0,61.0,3.0,1.0,1.0,0.03333333333333333,61.2,62.0,61.0,0.4472135954999579,0.0,12,64.0,2026-08-04 19:21:25+00:00,30.0
2026-08-04 19:21:05+00:00,4,4,62,50,10.0,1,62.0,61.0,61.0,61.0,3.0,0.0,1.0,0.03333333333333333,61.4,62.0,61.0,0.5477225575051661,1.0,12,62.0,2026-08-04 19:21:35+00:00,30.0
2026-08-04 19:21:15+00:00,4,4,64,50,10.0,1,62.0,62.0,61.0,61.0,3.0,2.0,2.0,0.06666666666666667,62.0,64.0,61.0,1.224744871391589,1.0,14,66.0,2026-08-04 19:21:45+00:00,30.0
2026-08-04 19:21:25+00:00,4,4,64,50,10.0,1,62.0,62.0,61.0,61.0,4.0,2.0,2.0,0.06666666666666667,62.0,64.0,61.0,1.224744871391589,0.0,14,66.0,2026-08-04 19:21:55+00:00,30.0
2026-08-04 19:21:35+00:00,4,4,62,50,10.0,1,64.0,62.0,62.0,61.0,4.0,-2.0,0.0,0.0,62.2,64.0,61.0,1.0954451150103321,0.0,12,66.0,2026-08-04 19:22:05+00:00,30.0
2026-08-04 19:21:45+00:00,4,4,66,50,10.0,1,64.0,64.0,62.0,62.0,4.0,2.0,2.0,0.06666666666666667,63.6,66.0,62.0,1.6733200530681511,0.0,16,66.0,2026-08-04 19:22:15+00:00,30.0
2026-08-04 19:21:55+00:00,4,4,66,50,10.0,1,62.0,64.0,62.0,62.0,4.0,4.0,2.0,0.06666666666666667,63.2,66.0,62.0,1.7888543819998317,0.0,16,66.0,2026-08-04 19:22:25+00:00,30.0
2026-08-04 19:22:05+00:00,4,4,66,50,10.0,1,66.0,62.0,64.0,62.0,4.0,0.0,4.0,0.13333333333333333,64.0,66.0,62.0,2.0,0.0,16,66.0,2026-08-04 19:22:35+00:00,30.0
2026-08-04 19:22:15+00:00,4,4,66,50,10.0,1,66.0,66.0,64.0,64.0,4.0,0.0,0.0,0.0,65.2,66.0,64.0,1.0954451150103321,0.0,16,54.0,2026-08-04 19:22:45+00:00,30.0
2026-08-04 19:22:25+00:00,4,4,66,50,10.0,1,66.0,66.0,62.0,64.0,4.0,0.0,0.0,0.0,64.8,66.0,62.0,1.7888543819998317,0.0,16,54.0,2026-08-04 19:22:55+00:00,30.0
2026-08-04 19:22:35+00:00,4,4,66,50,10.0,1,66.0,66.0,66.0,62.0,4.0,0.0,0.0,0.0,65.2,66.0,62.0,1.7888543819998317,0.0,16,54.0,2026-08-04 19:23:05+00:00,30.0
2026-08-04 19:22:45+00:00,4,4,54,50,10.0,1,66.0,66.0,66.0,66.0,4.0,-12.0,-12.0,-0.4,63.6,66.0,54.0,5.366563145999495,0.0,4,54.0,2026-08-04 19:23:15+00:00,30.0
2026-08-04 19:22:55+00:00,4,4,54,50,10.0,1,66.0,66.0,66.0,66.0,4.0,-12.0,-12.0,-0.4,63.6,66.0,54.0,5.366563145999495,0.0,4,54.0,2026-08-04 19:23:25+00:00,30.0
2026-08-04 19:23:05+00:00,4,4,54,50,10.0,1,54.0,66.0,66.0,66.0,4.0,0.0,-12.0,-0.4,61.2,66.0,54.0,6.572670690061993,0.0,4,54.0,2026-08-04 19:23:35+00:00,30.0
2026-08-04 19:23:15+00:00,4,4,54,50,10.0,1,54.0,54.0,66.0,66.0,4.0,0.0,0.0,0.0,58.8,66.0,54.0,6.572670690061993,0.0,4,55.0,2026-08-04 19:23:45+00:00,30.0
2026-08-04 19:23:25+00:00,4,4,54,50,10.0,1,54.0,54.0,66.0,66.0,4.0,0.0,0.0,0.0,58.8,66.0,54.0,6.572670690061993,0.0,4,55.0,2026-08-04 19:23:55+00:00,30.0
2026-08-04 19:23:35+00:00,4,4,54,50,10.0,1,54.0,54.0,54.0,66.0,4.0,0.0,0.0,0.0,56.4,66.0,54.0,5.366563145999495,0.0,4,55.0,2026-08-04 19:24:05+00:00,30.0
2026-08-04 19:23:45+00:00,4,4,55,50,10.0,1,54.0,54.0,54.0,54.0,4.0,1.0,1.0,0.03333333333333333,54.2,55.0,54.0,0.4472135954999579,0.0,5,55.0,2026-08-04 19:24:15+00:00,30.0
2026-08-04 19:23:55+00:00,4,4,55,50,10.0,1,54.0,54.0,54.0,54.0,4.0,1.0,1.0,0.03333333333333333,54.2,55.0,54.0,0.4472135954999579,0.0,5,55.0,2026-08-04 19:24:25+00:00,30.0
2026-08-04 19:24:05+00:00,4,4,55,50,10.0,1,55.0,54.0,54.0,54.0,4.0,0.0,1.0,0.03333333333333333,54.4,55.0,54.0,0.5477225575051661,0.0,5,55.0,2026-08-04 19:24:35+00:00,30.0
2026-08-04 19:24:15+00:00,4,4,55,50,10.0,1,55.0,55.0,54.0,54.0,4.0,0.0,0.0,0.0,54.6,55.0,54.0,0.5477225575051661,0.0,5,56.0,2026-08-04 19:24:45+00:00,30.0
2026-08-04 19:24:25+00:00,4,4,55,50,10.0,1,55.0,55.0,54.0,54.0,4.0,0.0,0.0,0.0,54.6,55.0,54.0,0.5477225575051661,0.0,5,56.0,2026-08-04 19:24:55+00:00,30.0
2026-08-04 19:24:35+00:00,4,4,55,50,10.0,1,55.0,55.0,55.0,54.0,4.0,0.0,0.0,0.0,54.8,55.0,54.0,0.4472135954999579,0.0,5,56.0,2026-08-04 19:25:05+00:00,30.0
2026-08-04 19:24:45+00:00,4,5,56,50,10.0,1,55.0,55.0,55.0,55.0,4.0,1.0,1.0,0.03333333333333333,55.2,56.0,55.0,0.4472135954999579,0.0,6,56.0,2026-08-04 19:25:15+00:00,30.0
2026-08-04 19:24:55+00:00,4,5,56,50,10.0,1,55.0,55.0,55.0,55.0,4.0,1.0,1.0,0.03333333333333333,55.2,56.0,55.0,0.4472135954999579,0.0,6,56.0,2026-08-04 19:25:25+00:00,30.0
2026-08-04 19:25:05+00:00,5,5,56,50,10.0,1,56.0,55.0,55.0,55.0,4.0,0.0,1.0,0.03333333333333333,55.4,56.0,55.0,0.5477225575051661,1.0,6,56.0,2026-08-04 19:25:35+00:00,30.0
2026-08-04 19:25:15+00:00,5,5,56,50,10.0,1,56.0,56.0,55.0,55.0,4.0,0.0,0.0,0.0,55.6,56.0,55.0,0.5477225575051661,1.0,6,58.0,2026-08-04 19:25:45+00:00,30.0
2026-08-04 19:25:25+00:00,5,5,56,50,10.0,1,56.0,56.0,55.0,55.0,5.0,0.0,0.0,0.0,55.6,56.0,55.0,0.5477225575051661,0.0,6,58.0,2026-08-04 19:25:55+00:00,30.0
2026-08-04 19:25:35+00:00,5,5,56,50,10.0,1,56.0,56.0,56.0,55.0,5.0,0.0,0.0,0.0,55.8,56.0,55.0,0.4472135954999579,0.0,6,58.0,2026-08-04 19:26:05+00:00,30.0
2026-08-04 19:25:45+00:00,5,5,58,50,10.0,1,56.0,56.0,56.0,56.0,5.0,2.0,2.0,0.06666666666666667,56.4,58.0,56.0,0.8944271909999159,0.0,8,58.0,2026-08-04 19:26:15+00:00,30.0
2026-08-04 19:25:55+00:00,5,5,58,50,10.0,1,56.0,56.0,56.0,56.0,5.0,2.0,2.0,0.06666666666666667,56.4,58.0,56.0,0.8944271909999159,0.0,8,58.0,2026-08-04 19:26:25+00:00,30.0
2026-08-04 19:26:05+00:00,5,5,58,50,10.0,1,58.0,56.0,56.0,56.0,5.0,0.0,2.0,0.06666666666666667,56.8,58.0,56.0,1.0954451150103321,0.0,8,58.0,2026-08-04 19:26:35+00:00,30.0
2026-08-04 19:26:15+00:00,5,5,58,50,10.0,1,58.0,58.0,56.0,56.0,5.0,0.0,0.0,0.0,57.2,58.0,56.0,1.0954451150103321,0.0,8,44.0,2026-08-04 19:26:45+00:00,30.0
2026-08-04 19:26:25+00:00,5,5,58,50,10.0,1,58.0,58.0,56.0,56.0,5.0,0.0,0.0,0.0,57.2,58.0,56.0,1.0954451150103321,0.0,8,44.0,2026-08-04 19:26:55+00:00,30.0
2026-08-04 19:26:35+00:00,5,5,58,50,10.0,1,58.0,58.0,58.0,56.0,5.0,0.0,0.0,0.0,57.6,58.0,56.0,0.8944271909999159,0.0,8,44.0,2026-08-04 19:27:05+00:00,30.0
2026-08-04 19:26:45+00:00,5,5,44,50,10.0,1,58.0,58.0,58.0,58.0,5.0,-14.0,-14.0,-0.4666666666666667,55.2,58.0,44.0,6.260990336999411,0.0,-6,44.0,2026-08-04 19:27:15+00:00,30.0
2026-08-04 19:26:55+00:00,5,5,44,50,10.0,1,58.0,58.0,58.0,58.0,5.0,-14.0,-14.0,-0.4666666666666667,55.2,58.0,44.0,6.260990336999411,0.0,-6,44.0,2026-08-04 19:27:25+00:00,30.0
2026-08-04 19:27:05+00:00,5,5,44,50,10.0,1,44.0,58.0,58.0,58.0,5.0,0.0,-14.0,-0.4666666666666667,52.4,58.0,44.0,7.6681158050723255,0.0,-6,44.0,2026-08-04 19:27:35+00:00,30.0
2026-08-04 19:27:15+00:00,5,5,44,50,10.0,1,44.0,44.0,58.0,58.0,5.0,0.0,0.0,0.0,49.6,58.0,44.0,7.6681158050723255,0.0,-6,48.0,2026-08-04 19:27:45+00:00,30.0
2026-08-04 19:27:25+00:00,5,5,44,50,10.0,1,44.0,44.0,58.0,58.0,5.0,0.0,0.0,0.0,49.6,58.0,44.0,7.6681158050723255,0.0,-6,48.0,2026-08-04 19:27:55+00:00,30.0
2026-08-04 19:27:35+00:00,5,5,44,50,10.0,1,44.0,44.0,44.0,58.0,5.0,0.0,0.0,0.0,46.8,58.0,44.0,6.260990336999411,0.0,-6,48.0,2026-08-04 19:28:05+00:00,30.0
2026-08-04 19:27:45+00:00,5,5,48,50,10.0,1,44.0,44.0,44.0,44.0,5.0,4.0,4.0,0.13333333333333333,44.8,48.0,44.0,1.7888543819998317,0.0,-2,48.0,2026-08-04 19:28:15+00:00,30.0
2026-08-04 19:27:55+00:00,5,5,48,50,10.0,1,44.0,44.0,44.0,44.0,5.0,4.0,4.0,0.13333333333333333,44.8,48.0,44.0,1.7888543819998317,0.0,-2,48.0,2026-08-04 19:28:25+00:00,30.0
2026-08-04 19:28:05+00:00,5,5,48,50,10.0,1,48.0,44.0,44.0,44.0,5.0,0.0,4.0,0.13333333333333333,45.6,48.0,44.0,2.1908902300206647,0.0,-2,48.0,2026-08-04 19:28:35+00:00,30.0
2026-08-04 19:28:15+00:00,5,5,48,50,10.0,1,48.0,48.0,44.0,44.0,5.0,0.0,0.0,0.0,46.4,48.0,44.0,2.1908902300206647,0.0,-2,44.0,2026-08-04 19:28:45+00:00,30.0
2026-08-04 19:28:25+00:00,5,5,48,50,10.0,1,48.0,48.0,44.0,44.0,5.0,0.0,0.0,0.0,46.4,48.0,44.0,2.1908902300206647,0.0,-2,44.0,2026-08-04 19:28:55+00:00,30.0
2026-08-04 19:28:35+00:00,5,5,48,50,10.0,1,48.0,48.0,48.0,44.0,5.0,0.0,0.0,0.0,47.2,48.0,44.0,1.7888543819998317,0.0,-2,44.0,2026-08-04 19:29:05+00:00,30.0
2026-08-04 19:28:45+00:00,5,5,44,50,10.0,1,48.0,48.0,48.0,48.0,5.0,-4.0,-4.0,-0.13333333333333333,47.2,48.0,44.0,1.7888543819998317,0.0,-6,44.0,2026-08-04 19:29:15+00:00,30.0
2026-08-04 19:28:55+00:00,5,5,44,50,10.0,1,48.0,48.0,48.0,48.0,5.0,-4.0,-4.0,-0.13333333333333333,47.2,48.0,44.0,1.7888543819998317,0.0,-6,44.0,2026-08-04 19:29:25+00:00,30.0
2026-08-04 19:29:05+00:00,5,5,44,50,10.0,1,44.0,48.0,48.0,48.0,5.0,0.0,-4.0,-0.13333333333333333,46.4,48.0,44.0,2.1908902300206647,0.0,-6,44.0,2026-08-04 19:29:35+00:00,30.0
2026-08-04 19:29:15+00:00,5,5,44,50,10.0,1,44.0,44.0,48.0,48.0,5.0,0.0,0.0,0.0,45.6,48.0,44.0,2.1908902300206647,0.0,-6,46.0,2026-08-04 19:29:45+00:00,30.0
2026-08-04 19:29:25+00:00,5,5,44,50,10.0,1,44.0,44.0,48.0,48.0,5.0,0.0,0.0,0.0,45.6,48.0,44.0,2.1908902300206647,0.0,-6,46.0,2026-08-04 19:29:55+00:00,30.0
2026-08-04 19:29:35+00:00,5,5,44,50,10.0,1,44.0,44.0,44.0,48.0,5.0,0.0,0.0,0.0,44.8,48.0,44.0,1.7888543819998317,0.0,-6,46.0,2026-08-04 19:30:05+00:00,30.0
2026-08-04 19:29:45+00:00,5,5,46,50,10.0,1,44.0,44.0,44.0,44.0,5.0,2.0,2.0,0.06666666666666667,44.4,46.0,44.0,0.8944271909999159,0.0,-4,46.0,2026-08-04 19:30:15+00:00,30.0
2026-08-04 19:29:55+00:00,5,5,46,50,10.0,1,44.0,44.0,44.0,44.0,5.0,2.0,2.0,0.06666666666666667,44.4,46.0,44.0,0.8944271909999159,0.0,-4,46.0,2026-08-04 19:30:25+00:00,30.0
2026-08-04 19:30:05+00:00,5,5,46,50,10.0,1,46.0,44.0,44.0,44.0,5.0,0.0,2.0,0.06666666666666667,44.8,46.0,44.0,1.0954451150103321,0.0,-4,46.0,2026-08-04 19:30:35+00:00,30.0
2026-08-04 19:30:15+00:00,5,5,46,50,10.0,1,46.0,46.0,44.0,44.0,5.0,0.0,0.0,0.0,45.2,46.0,44.0,1.0954451150103321,0.0,-4,44.0,2026-08-04 19:30:45+00:00,30.0
2026-08-04 19:30:25+00:00,5,5,46,50,10.0,1,46.0,46.0,44.0,44.0,5.0,0.0,0.0,0.0,45.2,46.0,44.0,1.0954451150103321,0.0,-4,44.0,2026-08-04 19:30:55+00:00,30.0
2026-08-04 19:30:35+00:00,5,5,46,50,10.0,1,46.0,46.0,46.0,44.0,5.0,0.0,0.0,0.0,45.6,46.0,44.0,0.8944271909999159,0.0,-4,44.0,2026-08-04 19:31:05+00:00,30.0
2026-08-04 19:30:45+00:00,5,5,44,50,10.0,1,46.0,46.0,46.0,46.0,5.0,-2.0,-2.0,-0.06666666666666667,45.6,46.0,44.0,0.8944271909999159,0.0,-6,44.0,2026-08-04 19:31:15+00:00,30.0
2026-08-04 19:30:55+00:00,5,5,44,50,10.0,1,46.0,46.0,46.0,46.0,5.0,-2.0,-2.0,-0.06666666666666667,45.6,46.0,44.0,0.8944271909999159,0.0,-6,44.0,2026-08-04 19:31:25+00:00,30.0
2026-08-04 19:31:05+00:00,5,5,44,50,10.0,1,44.0,46.0,46.0,46.0,5.0,0.0,-2.0,-0.06666666666666667,45.2,46.0,44.0,1.0954451150103321,0.0,-6,44.0,2026-08-04 19:31:35+00:00,30.0
2026-08-04 19:31:15+00:00,5,5,44,50,10.0,1,44.0,44.0,46.0,46.0,5.0,0.0,0.0,0.0,44.8,46.0,44.0,1.0954451150103321,0.0,-6,45.0,2026-08-04 19:31:45+00:00,30.0
2026-08-04 19:31:25+00:00,5,5,44,50,10.0,1,44.0,44.0,46.0,46.0,5.0,0.0,0.0,0.0,44.8,46.0,44.0,1.0954451150103321,0.0,-6,45.0,2026-08-04 19:31:55+00:00,30.0
2026-08-04 19:31:35+00:00,5,5,44,50,10.0,1,44.0,44.0,44.0,46.0,5.0,0.0,0.0,0.0,44.4,46.0,44.0,0.8944271909999159,0.0,-6,45.0,2026-08-04 19:32:05+00:00,30.0
2026-08-04 19:31:45+00:00,5,5,45,50,10.0,1,44.0,44.0,44.0,44.0,5.0,1.0,1.0,0.03333333333333333,44.2,45.0,44.0,0.4472135954999579,0.0,-5,45.0,2026-08-04 19:32:15+00:00,30.0
2026-08-04 19:31:55+00:00,5,5,45,50,10.0,1,44.0,44.0,44.0,44.0,5.0,1.0,1.0,0.03333333333333333,44.2,45.0,44.0,0.4472135954999579,0.0,-5,45.0,2026-08-04 19:32:25+00:00,30.0
2026-08-04 19:32:05+00:00,5,5,45,50,10.0,1,45.0,44.0,44.0,44.0,5.0,0.0,1.0,0.03333333333333333,44.4,45.0,44.0,0.5477225575051661,0.0,-5,45.0,2026-08-04 19:32:35+00:00,30.0
2026-08-04 19:32:15+00:00,5,5,45,50,10.0,1,45.0,45.0,44.0,44.0,5.0,0.0,0.0,0.0,44.6,45.0,44.0,0.5477225575051661,0.0,-5,39.0,2026-08-04 19:32:45+00:00,30.0
2026-08-04 19:32:25+00:00,5,5,45,50,10.0,1,45.0,45.0,44.0,44.0,5.0,0.0,0.0,0.0,44.6,45.0,44.0,0.5477225575051661,0.0,-5,39.0,2026-08-04 19:32:55+00:00,30.0
2026-08-04 19:32:35+00:00,5,5,45,50,10.0,1,45.0,45.0,45.0,44.0,5.0,0.0,0.0,0.0,44.8,45.0,44.0,0.4472135954999579,0.0,-5,39.0,2026-08-04 19:33:05+00:00,30.0
2026-08-04 19:32:45+00:00,5,5,39,50,10.0,1,45.0,45.0,45.0,45.0,5.0,-6.0,-6.0,-0.2,43.8,45.0,39.0,2.683281572999748,0.0,-11,39.0,2026-08-04 19:33:15+00:00,30.0
2026-08-04 19:32:55+00:00,5,5,39,50,10.0,1,45.0,45.0,45.0,45.0,5.0,-6.0,-6.0,-0.2,43.8,45.0,39.0,2.683281572999748,0.0,-11,39.0,2026-08-04 19:33:25+00:00,30.0
2026-08-04 19:33:05+00:00,5,5,39,50,10.0,1,39.0,45.0,45.0,45.0,5.0,0.0,-6.0,-0.2,42.6,45.0,39.0,3.2863353450309964,0.0,-11,39.0,2026-08-04 19:33:35+00:00,30.0
2026-08-04 19:33:15+00:00,5,5,39,50,10.0,1,39.0,39.0,45.0,45.0,5.0,0.0,0.0,0.0,41.4,45.0,39.0,3.2863353450309964,0.0,-11,32.0,2026-08-04 19:33:45+00:00,30.0
2026-08-04 19:33:25+00:00,5,5,39,50,10.0,1,39.0,39.0,45.0,45.0,5.0,0.0,0.0,0.0,41.4,45.0,39.0,3.2863353450309964,0.0,-11,32.0,2026-08-04 19:33:55+00:00,30.0
2026-08-04 19:33:35+00:00,5,5,39,50,10.0,1,39.0,39.0,39.0,45.0,5.0,0.0,0.0,0.0,40.2,45.0,39.0,2.6832815729997477,0.0,-11,32.0,2026-08-04 19:34:05+00:00,30.0
2026-08-04 19:33:45+00:00,5,5,32,50,10.0,1,39.0,39.0,39.0,39.0,5.0,-7.0,-7.0,-0.23333333333333334,37.6,39.0,32.0,3.1304951684997055,0.0,-18,32.0,2026-08-04 19:34:15+00:00,30.0
2026-08-04 19:33:55+00:00,5,5,32,50,10.0,1,39.0,39.0,39.0,39.0,5.0,-7.0,-7.0,-0.23333333333333334,37.6,39.0,32.0,3.1304951684997055,0.0,-18,32.0,2026-08-04 19:34:25+00:00,30.0
2026-08-04 19:34:05+00:00,5,5,32,50,10.0,1,32.0,39.0,39.0,39.0,5.0,0.0,-7.0,-0.23333333333333334,36.2,39.0,32.0,3.8340579025361627,0.0,-18,32.0,2026-08-04 19:34:35+00:00,30.0
2026-08-04 19:34:15+00:00,5,5,32,50,10.0,1,32.0,32.0,39.0,39.0,5.0,0.0,0.0,0.0,34.8,39.0,32.0,3.834057902536163,0.0,-18,27.0,2026-08-04 19:34:45+00:00,30.0
2026-08-04 19:34:25+00:00,5,5,32,50,10.0,1,32.0,32.0,39.0,39.0,5.0,0.0,0.0,0.0,34.8,39.0,32.0,3.834057902536163,0.0,-18,27.0,2026-08-04 19:34:55+00:00,30.0
2026-08-04 19:34:35+00:00,5,5,32,50,10.0,1,32.0,32.0,32.0,39.0,5.0,0.0,0.0,0.0,33.4,39.0,32.0,3.1304951684997055,0.0,-18,27.0,2026-08-04 19:35:05+00:00,30.0
2026-08-04 19:34:45+00:00,5,5,27,50,10.0,1,32.0,32.0,32.0,32.0,5.0,-5.0,-5.0,-0.16666666666666666,31.0,32.0,27.0,2.23606797749979,0.0,-23,27.0,2026-08-04 19:35:15+00:00,30.0
2026-08-04 19:34:55+00:00,5,5,27,50,10.0,1,32.0,32.0,32.0,32.0,5.0,-5.0,-5.0,-0.16666666666666666,31.0,32.0,27.0,2.23606797749979,0.0,-23,27.0,2026-08-04 19:35:25+00:00,30.0
2026-08-04 19:35:05+00:00,5,5,27,50,10.0,1,27.0,32.0,32.0,32.0,5.0,0.0,-5.0,-0.16666666666666666,30.0,32.0,27.0,2.7386127875258306,0.0,-23,27.0,2026-08-04 19:35:35+00:00,30.0
2026-08-04 19:35:15+00:00,5,5,27,50,10.0,1,27.0,27.0,32.0,32.0,5.0,0.0,0.0,0.0,29.0,32.0,27.0,2.7386127875258306,0.0,-23,18.0,2026-08-04 19:35:45+00:00,30.0
2026-08-04 19:35:25+00:00,5,5,27,50,10.0,1,27.0,27.0,32.0,32.0,5.0,0.0,0.0,0.0,29.0,32.0,27.0,2.7386127875258306,0.0,-23,18.0,2026-08-04 19:35:55+00:00,30.0
2026-08-04 19:35:35+00:00,5,5,27,50,10.0,1,27.0,27.0,27.0,32.0,5.0,0.0,0.0,0.0,28.0,32.0,27.0,2.23606797749979,0.0,-23,18.0,2026-08-04 19:36:05+00:00,30.0
2026-08-04 19:35:45+00:00,5,5,18,50,10.0,1,27.0,27.0,27.0,27.0,5.0,-9.0,-9.0,-0.3,25.2,27.0,18.0,4.024922359499621,0.0,-32,18.0,2026-08-04 19:36:15+00:00,30.0
2026-08-04 19:35:55+00:00,5,5,18,50,10.0,1,27.0,27.0,27.0,27.0,5.0,-9.0,-9.0,-0.3,25.2,27.0,18.0,4.024922359499621,0.0,-32,18.0,2026-08-04 19:36:25+00:00,30.0
2026-08-04 19:36:05+00:00,5,5,18,50,10.0,1,18.0,27.0,27.0,27.0,5.0,0.0,-9.0,-0.3,23.4,27.0,18.0,4.929503017546495,0.0,-32,18.0,2026-08-04 19:36:35+00:00,30.0
2026-08-04 19:36:15+00:00,5,5,18,50,10.0,1,18.0,18.0,27.0,27.0,5.0,0.0,0.0,0.0,21.6,27.0,18.0,4.929503017546495,0.0,-32,11.0,2026-08-04 19:36:45+00:00,30.0
2026-08-04 19:36:25+00:00,5,5,18,50,10.0,1,18.0,18.0,27.0,27.0,5.0,0.0,0.0,0.0,21.6,27.0,18.0,4.929503017546495,0.0,-32,11.0,2026-08-04 19:36:55+00:00,30.0
2026-08-04 19:36:35+00:00,5,5,18,50,10.0,1,18.0,18.0,18.0,27.0,5.0,0.0,0.0,0.0,19.8,27.0,18.0,4.024922359499621,0.0,-32,11.0,2026-08-04 19:37:05+00:00,30.0
2026-08-04 19:36:45+00:00,5,5,11,50,10.0,1,18.0,18.0,18.0,18.0,5.0,-7.0,-7.0,-0.23333333333333334,16.6,18.0,11.0,3.1304951684997055,0.0,-39,11.0,2026-08-04 19:37:15+00:00,30.0
2026-08-04 19:36:55+00:00,5,5,11,50,10.0,1,18.0,18.0,18.0,18.0,5.0,-7.0,-7.0,-0.23333333333333334,16.6,18.0,11.0,3.1304951684997055,0.0,-39,11.0,2026-08-04 19:37:25+00:00,30.0
2026-08-04 19:37:05+00:00,5,5,11,50,10.0,1,11.0,18.0,18.0,18.0,5.0,0.0,-7.0,-0.23333333333333334,15.2,18.0,11.0,3.8340579025361627,0.0,-39,11.0,2026-08-04 19:37:35+00:00,30.0
2026-08-04 19:37:15+00:00,5,5,11,50,10.0,1,11.0,11.0,18.0,18.0,5.0,0.0,0.0,0.0,13.8,18.0,11.0,3.8340579025361627,0.0,-39,0.0,2026-08-04 19:37:45+00:00,30.0
2026-08-04 19:37:25+00:00,5,5,11,50,10.0,1,11.0,11.0,18.0,18.0,5.0,0.0,0.0,0.0,13.8,18.0,11.0,3.8340579025361627,0.0,-39,0.0,2026-08-04 19:37:55+00:00,30.0
2026-08-04 19:37:35+00:00,5,4,11,50,10.0,1,11.0,11.0,11.0,18.0,5.0,0.0,0.0,0.0,12.4,18.0,11.0,3.1304951684997055,0.0,-39,0.0,2026-08-04 19:38:05+00:00,30.0
2026-08-04 19:37:45+00:00,4,4,0,50,10.0,1,11.0,11.0,11.0,11.0,5.0,-11.0,-11.0,-0.36666666666666664,8.8,11.0,0.0,4.919349550499538,-1.0,-50,0.0,2026-08-04 19:38:15+00:00,30.0
2026-08-04 19:37:55+00:00,4,4,0,50,10.0,1,11.0,11.0,11.0,11.0,5.0,-11.0,-11.0,-0.36666666666666664,8.8,11.0,0.0,4.919349550499538,-1.0,-50,0.0,2026-08-04 19:38:25+00:00,30.0
2026-08-04 19:38:05+00:00,4,4,0,50,10.0,1,0.0,11.0,11.0,11.0,4.0,0.0,-11.0,-0.36666666666666664,6.6,11.0,0.0,6.024948132556827,0.0,-50,0.0,2026-08-04 19:38:35+00:00,30.0
2026-08-04 19:38:15+00:00,4,4,0,50,10.0,1,0.0,0.0,11.0,11.0,4.0,0.0,0.0,0.0,4.4,11.0,0.0,6.024948132556828,0.0,-50,9.0,2026-08-04 19:38:45+00:00,30.0
2026-08-04 19:38:25+00:00,4,4,0,50,10.0,1,0.0,0.0,11.0,11.0,4.0,0.0,0.0,0.0,4.4,11.0,0.0,6.024948132556828,0.0,-50,9.0,2026-08-04 19:38:55+00:00,30.0
2026-08-04 19:38:35+00:00,4,4,0,50,10.0,1,0.0,0.0,0.0,11.0,4.0,0.0,0.0,0.0,2.2,11.0,0.0,4.919349550499538,0.0,-50,9.0,2026-08-04 19:39:05+00:00,30.0
2026-08-04 19:38:45+00:00,4,4,9,50,10.0,1,0.0,0.0,0.0,0.0,4.0,9.0,9.0,0.3,1.8,9.0,0.0,4.024922359499622,0.0,-41,9.0,2026-08-04 19:39:15+00:00,30.0
2026-08-04 19:38:55+00:00,4,4,9,50,10.0,1,0.0,0.0,0.0,0.0,4.0,9.0,9.0,0.3,1.8,9.0,0.0,4.024922359499622,0.0,-41,9.0,2026-08-04 19:39:25+00:00,30.0
2026-08-04 19:39:05+00:00,4,4,9,50,10.0,1,9.0,0.0,0.0,0.0,4.0,0.0,9.0,0.3,3.6,9.0,0.0,4.929503017546495,0.0,-41,9.0,2026-08-04 19:39:35+00:00,30.0
2026-08-04 19:39:15+00:00,4,4,9,50,10.0,1,9.0,9.0,0.0,0.0,4.0,0.0,0.0,0.0,5.4,9.0,0.0,4.9295030175464944,0.0,-41,11.0,2026-08-04 19:39:45+00:00,30.0
2026-08-04 19:39:25+00:00,4,4,9,50,10.0,1,9.0,9.0,0.0,0.0,4.0,0.0,0.0,0.0,5.4,9.0,0.0,4.9295030175464944,0.0,-41,11.0,2026-08-04 19:39:55+00:00,30.0
2026-08-04 19:39:35+00:00,4,3,9,50,10.0,1,9.0,9.0,9.0,0.0,4.0,0.0,0.0,0.0,7.2,9.0,0.0,4.024922359499621,0.0,-41,11.0,2026-08-04 19:40:05+00:00,30.0
2026-08-04 19:39:45+00:00,3,3,11,50,10.0,1,9.0,9.0,9.0,9.0,4.0,2.0,2.0,0.06666666666666667,9.4,11.0,9.0,0.8944271909999157,-1.0,-39,11.0,2026-08-04 19:40:15+00:00,30.0
2026-08-04 19:39:55+00:00,3,3,11,50,10.0,1,9.0,9.0,9.0,9.0,4.0,2.0,2.0,0.06666666666666667,9.4,11.0,9.0,0.8944271909999157,-1.0,-39,11.0,2026-08-04 19:40:25+00:00,30.0
2026-08-04 19:40:05+00:00,3,3,11,50,10.0,1,11.0,9.0,9.0,9.0,3.0,0.0,2.0,0.06666666666666667,9.8,11.0,9.0,1.0954451150103324,0.0,-39,11.0,2026-08-04 19:40:35+00:00,30.0
2026-08-04 19:40:15+00:00,3,3,11,50,10.0,1,11.0,11.0,9.0,9.0,3.0,0.0,0.0,0.0,10.2,11.0,9.0,1.0954451150103324,0.0,-39,18.0,2026-08-04 19:40:45+00:00,30.0
2026-08-04 19:40:25+00:00,3,3,11,50,10.0,1,11.0,11.0,9.0,9.0,3.0,0.0,0.0,0.0,10.2,11.0,9.0,1.0954451150103324,0.0,-39,18.0,2026-08-04 19:40:55+00:00,30.0
2026-08-04 19:40:35+00:00,3,2,11,50,10.0,1,11.0,11.0,11.0,9.0,3.0,0.0,0.0,0.0,10.6,11.0,9.0,0.8944271909999159,0.0,-39,18.0,2026-08-04 19:41:05+00:00,30.0
2026-08-04 19:40:45+00:00,2,2,18,50,10.0,1,11.0,11.0,11.0,11.0,3.0,7.0,7.0,0.23333333333333334,12.4,18.0,11.0,3.1304951684997055,-1.0,-32,18.0,2026-08-04 19:41:15+00:00,30.0
2026-08-04 19:40:55+00:00,2,2,18,50,10.0,1,11.0,11.0,11.0,11.0,3.0,7.0,7.0,0.23333333333333334,12.4,18.0,11.0,3.1304951684997055,-1.0,-32,18.0,2026-08-04 19:41:25+00:00,30.0
2026-08-04 19:41:05+00:00,2,2,18,50,10.0,1,18.0,11.0,11.0,11.0,2.0,0.0,7.0,0.23333333333333334,13.8,18.0,11.0,3.8340579025361627,0.0,-32,18.0,2026-08-04 19:41:35+00:00,30.0
2026-08-04 19:41:15+00:00,2,2,18,50,10.0,1,18.0,18.0,11.0,11.0,2.0,0.0,0.0,0.0,15.2,18.0,11.0,3.8340579025361627,0.0,-32,19.0,2026-08-04 19:41:45+00:00,30.0
2026-08-04 19:41:25+00:00,2,2,18,50,10.0,1,18.0,18.0,11.0,11.0,2.0,0.0,0.0,0.0,15.2,18.0,11.0,3.8340579025361627,0.0,-32,19.0,2026-08-04 19:41:55+00:00,30.0
2026-08-04 19:41:35+00:00,2,2,18,50,10.0,1,18.0,18.0,18.0,11.0,2.0,0.0,0.0,0.0,16.6,18.0,11.0,3.1304951684997055,0.0,-32,19.0,2026-08-04 19:42:05+00:00,30.0
2026-08-04 19:41:45+00:00,2,2,19,50,10.0,1,18.0,18.0,18.0,18.0,2.0,1.0,1.0,0.03333333333333333,18.2,19.0,18.0,0.4472135954999579,0.0,-31,19.0,2026-08-04 19:42:15+00:00,30.0
2026-08-04 19:41:55+00:00,2,2,19,50,10.0,1,18.0,18.0,18.0,18.0,2.0,1.0,1.0,0.03333333333333333,18.2,19.0,18.0,0.4472135954999579,0.0,-31,19.0,2026-08-04 19:42:25+00:00,30.0
2026-08-04 19:42:05+00:00,2,2,19,50,10.0,1,19.0,18.0,18.0,18.0,2.0,0.0,1.0,0.03333333333333333,18.4,19.0,18.0,0.5477225575051661,0.0,-31,19.0,2026-08-04 19:42:35+00:00,30.0
2026-08-04 19:42:15+00:00,2,2,19,50,10.0,1,19.0,19.0,18.0,18.0,2.0,0.0,0.0,0.0,18.6,19.0,18.0,0.5477225575051661,0.0,-31,35.0,2026-08-04 19:42:45+00:00,30.0
2026-08-04 19:42:25+00:00,2,2,19,50,10.0,1,19.0,19.0,18.0,18.0,2.0,0.0,0.0,0.0,18.6,19.0,18.0,0.5477225575051661,0.0,-31,35.0,2026-08-04 19:42:55+00:00,30.0
2026-08-04 19:42:35+00:00,2,1,19,50,10.0,1,19.0,19.0,19.0,18.0,2.0,0.0,0.0,0.0,18.8,19.0,18.0,0.4472135954999579,0.0,-31,35.0,2026-08-04 19:43:05+00:00,30.0
2026-08-04 19:42:45+00:00,1,1,35,50,10.0,1,19.0,19.0,19.0,19.0,2.0,16.0,16.0,0.5333333333333333,22.2,35.0,19.0,7.155417527999329,-1.0,-15,35.0,2026-08-04 19:43:15+00:00,30.0
2026-08-04 19:42:55+00:00,1,1,35,50,10.0,1,19.0,19.0,19.0,19.0,2.0,16.0,16.0,0.5333333333333333,22.2,35.0,19.0,7.155417527999329,-1.0,-15,35.0,2026-08-04 19:43:25+00:00,30.0
2026-08-04 19:43:05+00:00,1,1,35,50,10.0,1,35.0,19.0,19.0,19.0,1.0,0.0,16.0,0.5333333333333333,25.4,35.0,19.0,8.763560920082657,0.0,-15,35.0,2026-08-04 19:43:35+00:00,30.0
2026-08-04 19:43:15+00:00,1,1,35,50,10.0,1,35.0,35.0,19.0,19.0,1.0,0.0,0.0,0.0,28.6,35.0,19.0,8.763560920082657,0.0,-15,37.0,2026-08-04 19:43:45+00:00,30.0
2026-08-04 19:43:25+00:00,1,1,35,50,10.0,1,35.0,35.0,19.0,19.0,1.0,0.0,0.0,0.0,28.6,35.0,19.0,8.763560920082657,0.0,-15,37.0,2026-08-04 19:43:55+00:00,30.0
2026-08-04 19:43:35+00:00,1,1,35,50,10.0,1,35.0,35.0,35.0,19.0,1.0,0.0,0.0,0.0,31.8,35.0,19.0,7.155417527999327,0.0,-15,37.0,2026-08-04 19:44:05+00:00,30.0
2026-08-04 19:43:45+00:00,1,1,37,50,10.0,1,35.0,35.0,35.0,35.0,1.0,2.0,2.0,0.06666666666666667,35.4,37.0,35.0,0.8944271909999159,0.0,-13,37.0,2026-08-04 19:44:15+00:00,30.0
2026-08-04 19:43:55+00:00,1,1,37,50,10.0,1,35.0,35.0,35.0,35.0,1.0,2.0,2.0,0.06666666666666667,35.4,37.0,35.0,0.8944271909999159,0.0,-13,37.0,2026-08-04 19:44:25+00:00,30.0
2026-08-04 19:44:05+00:00,1,1,37,50,10.0,1,37.0,35.0,35.0,35.0,1.0,0.0,2.0,0.06666666666666667,35.8,37.0,35.0,1.0954451150103321,0.0,-13,37.0,2026-08-04 19:44:35+00:00,30.0
2026-08-04 19:44:15+00:00,1,1,37,50,10.0,1,37.0,37.0,35.0,35.0,1.0,0.0,0.0,0.0,36.2,37.0,35.0,1.0954451150103321,0.0,-13,35.0,2026-08-04 19:44:45+00:00,30.0
2026-08-04 19:44:25+00:00,1,1,37,50,10.0,1,37.0,37.0,35.0,35.0,1.0,0.0,0.0,0.0,36.2,37.0,35.0,1.0954451150103321,0.0,-13,35.0,2026-08-04 19:44:55+00:00,30.0
2026-08-04 19:44:35+00:00,1,1,37,50,10.0,1,37.0,37.0,37.0,35.0,1.0,0.0,0.0,0.0,36.6,37.0,35.0,0.8944271909999159,0.0,-13,35.0,2026-08-04 19:45:05+00:00,30.0
2026-08-04 19:44:45+00:00,1,1,35,50,10.0,1,37.0,37.0,37.0,37.0,1.0,-2.0,-2.0,-0.06666666666666667,36.6,37.0,35.0,0.8944271909999159,0.0,-15,35.0,2026-08-04 19:45:15+00:00,30.0
2026-08-04 19:44:55+00:00,1,1,35,50,10.0,1,37.0,37.0,37.0,37.0,1.0,-2.0,-2.0,-0.06666666666666667,36.6,37.0,35.0,0.8944271909999159,0.0,-15,35.0,2026-08-04 19:45:25+00:00,30.0
2026-08-04 19:45:05+00:00,1,1,35,50,10.0,1,35.0,37.0,37.0,37.0,1.0,0.0,-2.0,-0.06666666666666667,36.2,37.0,35.0,1.0954451150103321,0.0,-15,35.0,2026-08-04 19:45:35+00:00,30.0
2026-08-04 19:45:15+00:00,1,1,35,50,10.0,1,35.0,35.0,37.0,37.0,1.0,0.0,0.0,0.0,35.8,37.0,35.0,1.0954451150103321,0.0,-15,36.0,2026-08-04 19:45:45+00:00,30.0
2026-08-04 19:45:25+00:00,1,1,35,50,10.0,1,35.0,35.0,37.0,37.0,1.0,0.0,0.0,0.0,35.8,37.0,35.0,1.0954451150103321,0.0,-15,36.0,2026-08-04 19:45:55+00:00,30.0
2026-08-04 19:45:35+00:00,1,1,35,50,10.0,1,35.0,35.0,35.0,37.0,1.0,0.0,0.0,0.0,35.4,37.0,35.0,0.8944271909999159,0.0,-15,36.0,2026-08-04 19:46:05+00:00,30.0
2026-08-04 19:45:45+00:00,1,1,36,50,10.0,1,35.0,35.0,35.0,35.0,1.0,1.0,1.0,0.03333333333333333,35.2,36.0,35.0,0.4472135954999579,0.0,-14,36.0,2026-08-04 19:46:15+00:00,30.0
2026-08-04 19:45:55+00:00,1,1,36,50,10.0,1,35.0,35.0,35.0,35.0,1.0,1.0,1.0,0.03333333333333333,35.2,36.0,35.0,0.4472135954999579,0.0,-14,36.0,2026-08-04 19:46:25+00:00,30.0
2026-08-04 19:46:05+00:00,1,1,36,50,10.0,1,36.0,35.0,35.0,35.0,1.0,0.0,1.0,0.03333333333333333,35.4,36.0,35.0,0.5477225575051661,0.0,-14,36.0,2026-08-04 19:46:35+00:00,30.0
2026-08-04 19:46:15+00:00,1,1,36,50,10.0,1,36.0,36.0,35.0,35.0,1.0,0.0,0.0,0.0,35.6,36.0,35.0,0.5477225575051661,0.0,-14,37.0,2026-08-04 19:46:45+00:00,30.0
2026-08-04 19:46:25+00:00,1,1,36,50,10.0,1,36.0,36.0,35.0,35.0,1.0,0.0,0.0,0.0,35.6,36.0,35.0,0.5477225575051661,0.0,-14,37.0,2026-08-04 19:46:55+00:00,30.0
2026-08-04 19:46:35+00:00,1,1,36,50,10.0,1,36.0,36.0,36.0,35.0,1.0,0.0,0.0,0.0,35.8,36.0,35.0,0.4472135954999579,0.0,-14,37.0,2026-08-04 19:47:05+00:00,30.0
2026-08-04 19:46:45+00:00,1,1,37,50,10.0,1,36.0,36.0,36.0,36.0,1.0,1.0,1.0,0.03333333333333333,36.2,37.0,36.0,0.4472135954999579,0.0,-13,37.0,2026-08-04 19:47:15+00:00,30.0
2026-08-04 19:46:55+00:00,1,1,37,50,10.0,1,36.0,36.0,36.0,36.0,1.0,1.0,1.0,0.03333333333333333,36.2,37.0,36.0,0.4472135954999579,0.0,-13,37.0,2026-08-04 19:47:25+00:00,30.0
2026-08-04 19:47:05+00:00,1,1,37,50,10.0,1,37.0,36.0,36.0,36.0,1.0,0.0,1.0,0.03333333333333333,36.4,37.0,36.0,0.5477225575051661,0.0,-13,37.0,2026-08-04 19:47:35+00:00,30.0
2026-08-04 19:47:15+00:00,1,1,37,50,10.0,1,37.0,37.0,36.0,36.0,1.0,0.0,0.0,0.0,36.6,37.0,36.0,0.5477225575051661,0.0,-13,36.0,2026-08-04 19:47:45+00:00,30.0
2026-08-04 19:47:25+00:00,1,1,37,50,10.0,1,37.0,37.0,36.0,36.0,1.0,0.0,0.0,0.0,36.6,37.0,36.0,0.5477225575051661,0.0,-13,36.0,2026-08-04 19:47:55+00:00,30.0
2026-08-04 19:47:35+00:00,1,1,37,50,10.0,1,37.0,37.0,37.0,36.0,1.0,0.0,0.0,0.0,36.8,37.0,36.0,0.4472135954999579,0.0,-13,36.0,2026-08-04 19:48:05+00:00,30.0
2026-08-04 19:47:45+00:00,1,1,36,50,10.0,1,37.0,37.0,37.0,37.0,1.0,-1.0,-1.0,-0.03333333333333333,36.8,37.0,36.0,0.4472135954999579,0.0,-14,36.0,2026-08-04 19:48:15+00:00,30.0
2026-08-04 19:47:55+00:00,1,1,36,50,10.0,1,37.0,37.0,37.0,37.0,1.0,-1.0,-1.0,-0.03333333333333333,36.8,37.0,36.0,0.4472135954999579,0.0,-14,36.0,2026-08-04 19:48:25+00:00,30.0
2026-08-04 19:48:05+00:00,1,1,36,50,10.0,1,36.0,37.0,37.0,37.0,1.0,0.0,-1.0,-0.03333333333333333,36.6,37.0,36.0,0.5477225575051661,0.0,-14,36.0,2026-08-04 19:48:35+00:00,30.0
2026-08-04 19:48:15+00:00,1,1,36,50,10.0,1,36.0,36.0,37.0,37.0,1.0,0.0,0.0,0.0,36.4,37.0,36.0,0.5477225575051661,0.0,-14,38.0,2026-08-04 19:48:45+00:00,30.0
2026-08-04 19:48:25+00:00,1,1,36,50,10.0,1,36.0,36.0,37.0,37.0,1.0,0.0,0.0,0.0,36.4,37.0,36.0,0.5477225575051661,0.0,-14,38.0,2026-08-04 19:48:55+00:00,30.0
2026-08-04 19:48:35+00:00,1,1,36,50,10.0,1,36.0,36.0,36.0,37.0,1.0,0.0,0.0,0.0,36.2,37.0,36.0,0.4472135954999579,0.0,-14,38.0,2026-08-04 19:49:05+00:00,30.0
2026-08-04 19:48:45+00:00,1,1,38,50,10.0,1,36.0,36.0,36.0,36.0,1.0,2.0,2.0,0.06666666666666667,36.4,38.0,36.0,0.8944271909999159,0.0,-12,38.0,2026-08-04 19:49:15+00:00,30.0
2026-08-04 19:48:55+00:00,1,1,38,50,10.0,1,36.0,36.0,36.0,36.0,1.0,2.0,2.0,0.06666666666666667,36.4,38.0,36.0,0.8944271909999159,0.0,-12,38.0,2026-08-04 19:49:25+00:00,30.0
2026-08-04 19:49:05+00:00,1,1,38,50,10.0,1,38.0,36.0,36.0,36.0,1.0,0.0,2.0,0.06666666666666667,36.8,38.0,36.0,1.0954451150103321,0.0,-12,38.0,2026-08-04 19:49:35+00:00,30.0
2026-08-04 19:49:15+00:00,1,1,38,50,10.0,1,38.0,38.0,36.0,36.0,1.0,0.0,0.0,0.0,37.2,38.0,36.0,1.0954451150103321,0.0,-12,71.0,2026-08-04 19:49:45+00:00,30.0
2026-08-04 19:49:25+00:00,1,1,38,50,10.0,1,38.0,38.0,36.0,36.0,1.0,0.0,0.0,0.0,37.2,38.0,36.0,1.0954451150103321,0.0,-12,71.0,2026-08-04 19:49:55+00:00,30.0
2026-08-04 19:49:35+00:00,1,1,38,50,10.0,1,38.0,38.0,38.0,36.0,1.0,0.0,0.0,0.0,37.6,38.0,36.0,0.8944271909999159,0.0,-12,71.0,2026-08-04 19:50:05+00:00,30.0
2026-08-04 19:49:45+00:00,1,2,71,50,10.0,1,38.0,38.0,38.0,38.0,1.0,33.0,33.0,1.1,44.6,71.0,38.0,14.758048651498614,0.0,21,71.0,2026-08-04 19:50:15+00:00,30.0
2026-08-04 19:49:55+00:00,1,2,71,50,10.0,1,38.0,38.0,38.0,38.0,1.0,33.0,33.0,1.1,44.6,71.0,38.0,14.758048651498614,0.0,21,71.0,2026-08-04 19:50:25+00:00,30.0
2026-08-04 19:50:05+00:00,2,2,71,50,10.0,1,71.0,38.0,38.0,38.0,1.0,0.0,33.0,1.1,51.2,71.0,38.0,18.074844397670482,1.0,21,71.0,2026-08-04 19:50:35+00:00,30.0
2026-08-04 19:50:15+00:00,2,2,71,50,10.0,1,71.0,71.0,38.0,38.0,1.0,0.0,0.0,0.0,57.8,71.0,38.0,18.074844397670482,1.0,21,38.0,2026-08-04 19:50:45+00:00,30.0
2026-08-04 19:50:25+00:00,2,2,71,50,10.0,1,71.0,71.0,38.0,38.0,2.0,0.0,0.0,0.0,57.8,71.0,38.0,18.074844397670482,0.0,21,38.0,2026-08-04 19:50:55+00:00,30.0
2026-08-04 19:50:35+00:00,2,2,71,50,10.0,1,71.0,71.0,71.0,38.0,2.0,0.0,0.0,0.0,64.4,71.0,38.0,14.758048651498612,0.0,21,38.0,2026-08-04 19:51:05+00:00,30.0
2026-08-04 19:50:45+00:00,2,2,38,50,10.0,1,71.0,71.0,71.0,71.0,2.0,-33.0,-33.0,-1.1,64.4,71.0,38.0,14.758048651498612,0.0,-12,38.0,2026-08-04 19:51:15+00:00,30.0
2026-08-04 19:50:55+00:00,2,2,38,50,10.0,1,71.0,71.0,71.0,71.0,2.0,-33.0,-33.0,-1.1,64.4,71.0,38.0,14.758048651498612,0.0,-12,38.0,2026-08-04 19:51:25+00:00,30.0
2026-08-04 19:51:05+00:00,2,2,38,50,10.0,1,38.0,71.0,71.0,71.0,2.0,0.0,-33.0,-1.1,57.8,71.0,38.0,18.074844397670482,0.0,-12,38.0,2026-08-04 19:51:35+00:00,30.0
2026-08-04 19:51:15+00:00,2,2,38,50,10.0,1,38.0,38.0,71.0,71.0,2.0,0.0,0.0,0.0,51.2,71.0,38.0,18.074844397670482,0.0,-12,43.0,2026-08-04 19:51:45+00:00,30.0
2026-08-04 19:51:25+00:00,2,2,38,50,10.0,1,38.0,38.0,71.0,71.0,2.0,0.0,0.0,0.0,51.2,71.0,38.0,18.074844397670482,0.0,-12,43.0,2026-08-04 19:51:55+00:00,30.0
2026-08-04 19:51:35+00:00,2,2,38,50,10.0,1,38.0,38.0,38.0,71.0,2.0,0.0,0.0,0.0,44.6,71.0,38.0,14.758048651498612,0.0,-12,43.0,2026-08-04 19:52:05+00:00,30.0
2026-08-04 19:51:45+00:00,2,2,43,50,10.0,1,38.0,38.0,38.0,38.0,2.0,5.0,5.0,0.16666666666666666,39.0,43.0,38.0,2.23606797749979,0.0,-7,43.0,2026-08-04 19:52:15+00:00,30.0
2026-08-04 19:51:55+00:00,2,2,43,50,10.0,1,38.0,38.0,38.0,38.0,2.0,5.0,5.0,0.16666666666666666,39.0,43.0,38.0,2.23606797749979,0.0,-7,43.0,2026-08-04 19:52:25+00:00,30.0
2026-08-04 19:52:05+00:00,2,2,43,50,10.0,1,43.0,38.0,38.0,38.0,2.0,0.0,5.0,0.16666666666666666,40.0,43.0,38.0,2.7386127875258306,0.0,-7,43.0,2026-08-04 19:52:35+00:00,30.0
2026-08-04 19:52:15+00:00,2,2,43,50,10.0,1,43.0,43.0,38.0,38.0,2.0,0.0,0.0,0.0,41.0,43.0,38.0,2.7386127875258306,0.0,-7,52.0,2026-08-04 19:52:45+00:00,30.0
2026-08-04 19:52:25+00:00,2,2,43,50,10.0,1,43.0,43.0,38.0,38.0,2.0,0.0,0.0,0.0,41.0,43.0,38.0,2.7386127875258306,0.0,-7,52.0,2026-08-04 19:52:55+00:00,30.0
2026-08-04 19:52:35+00:00,2,2,43,50,10.0,1,43.0,43.0,43.0,38.0,2.0,0.0,0.0,0.0,42.0,43.0,38.0,2.23606797749979,0.0,-7,52.0,2026-08-04 19:53:05+00:00,30.0
2026-08-04 19:52:45+00:00,2,2,52,50,10.0,1,43.0,43.0,43.0,43.0,2.0,9.0,9.0,0.3,44.8,52.0,43.0,4.024922359499621,0.0,2,52.0,2026-08-04 19:53:15+00:00,30.0
2026-08-04 19:52:55+00:00,2,2,52,50,10.0,1,43.0,43.0,43.0,43.0,2.0,9.0,9.0,0.3,44.8,52.0,43.0,4.024922359499621,0.0,2,52.0,2026-08-04 19:53:25+00:00,30.0
2026-08-04 19:53:05+00:00,2,2,52,50,10.0,1,52.0,43.0,43.0,43.0,2.0,0.0,9.0,0.3,46.6,52.0,43.0,4.929503017546495,0.0,2,52.0,2026-08-04 19:53:35+00:00,30.0
2026-08-04 19:53:15+00:00,2,2,52,50,10.0,1,52.0,52.0,43.0,43.0,2.0,0.0,0.0,0.0,48.4,52.0,43.0,4.929503017546495,0.0,2,71.0,2026-08-04 19:53:45+00:00,30.0
2026-08-04 19:53:25+00:00,2,2,52,50,10.0,1,52.0,52.0,43.0,43.0,2.0,0.0,0.0,0.0,48.4,52.0,43.0,4.929503017546495,0.0,2,71.0,2026-08-04 19:53:55+00:00,30.0
2026-08-04 19:53:35+00:00,2,2,52,50,10.0,1,52.0,52.0,52.0,43.0,2.0,0.0,0.0,0.0,50.2,52.0,43.0,4.024922359499621,0.0,2,71.0,2026-08-04 19:54:05+00:00,30.0
2026-08-04 19:53:45+00:00,2,3,71,50,10.0,1,52.0,52.0,52.0,52.0,2.0,19.0,19.0,0.6333333333333333,55.8,71.0,52.0,8.497058314499201,0.0,21,71.0,2026-08-04 19:54:15+00:00,30.0
2026-08-04 19:53:55+00:00,2,3,71,50,10.0,1,52.0,52.0,52.0,52.0,2.0,19.0,19.0,0.6333333333333333,55.8,71.0,52.0,8.497058314499201,0.0,21,71.0,2026-08-04 19:54:25+00:00,30.0
2026-08-04 19:54:05+00:00,3,3,71,50,10.0,1,71.0,52.0,52.0,52.0,2.0,0.0,19.0,0.6333333333333333,59.6,71.0,52.0,10.406728592598155,1.0,21,71.0,2026-08-04 19:54:35+00:00,30.0
2026-08-04 19:54:15+00:00,3,3,71,50,10.0,1,71.0,71.0,52.0,52.0,2.0,0.0,0.0,0.0,63.4,71.0,52.0,10.406728592598157,1.0,21,71.0,2026-08-04 19:54:45+00:00,30.0
2026-08-04 19:54:25+00:00,3,3,71,50,10.0,1,71.0,71.0,52.0,52.0,3.0,0.0,0.0,0.0,63.4,71.0,52.0,10.406728592598157,0.0,21,51.0,2026-08-04 19:54:55+00:00,30.0
2026-08-04 19:54:35+00:00,3,3,71,50,10.0,1,71.0,71.0,71.0,52.0,3.0,0.0,0.0,0.0,67.2,71.0,52.0,8.497058314499201,0.0,21,51.0,2026-08-04 19:55:05+00:00,30.0
2026-08-04 19:54:45+00:00,3,3,71,50,10.0,1,71.0,71.0,71.0,71.0,3.0,0.0,0.0,0.0,71.0,71.0,71.0,0.0,0.0,21,51.0,2026-08-04 19:55:15+00:00,30.0
2026-08-04 19:54:55+00:00,3,3,51,50,10.0,1,71.0,71.0,71.0,71.0,3.0,-20.0,-20.0,-0.6666666666666666,67.0,71.0,51.0,8.94427190999916,0.0,1,51.0,2026-08-04 19:55:25+00:00,30.0
2026-08-04 19:55:05+00:00,3,3,51,50,10.0,1,71.0,71.0,71.0,71.0,3.0,-20.0,-20.0,-0.6666666666666666,67.0,71.0,51.0,8.94427190999916,0.0,1,51.0,2026-08-04 19:55:35+00:00,30.0
2026-08-04 19:55:15+00:00,3,3,51,50,10.0,1,51.0,71.0,71.0,71.0,3.0,0.0,-20.0,-0.6666666666666666,63.0,71.0,51.0,10.954451150103322,0.0,1,51.0,2026-08-04 19:55:45+00:00,30.0
2026-08-04 19:55:25+00:00,3,3,51,50,10.0,1,51.0,51.0,71.0,71.0,3.0,0.0,0.0,0.0,59.0,71.0,51.0,10.954451150103322,0.0,1,67.0,2026-08-04 19:55:55+00:00,30.0
2026-08-04 19:55:35+00:00,3,3,51,50,10.0,1,51.0,51.0,71.0,71.0,3.0,0.0,0.0,0.0,59.0,71.0,51.0,10.954451150103322,0.0,1,67.0,2026-08-04 19:56:05+00:00,30.0
2026-08-04 19:55:45+00:00,3,3,51,50,10.0,1,51.0,51.0,51.0,71.0,3.0,0.0,0.0,0.0,55.0,71.0,51.0,8.94427190999916,0.0,1,67.0,2026-08-04 19:56:15+00:00,30.0
2026-08-04 19:55:55+00:00,3,5,67,50,10.0,1,51.0,51.0,51.0,51.0,3.0,16.0,16.0,0.5333333333333333,54.2,67.0,51.0,7.155417527999326,0.0,17,67.0,2026-08-04 19:56:25+00:00,30.0
2026-08-04 19:56:05+00:00,5,5,67,50,10.0,1,51.0,51.0,51.0,51.0,3.0,16.0,16.0,0.5333333333333333,54.2,67.0,51.0,7.155417527999326,2.0,17,67.0,2026-08-04 19:56:35+00:00,30.0
2026-08-04 19:56:15+00:00,5,5,67,50,10.0,1,67.0,51.0,51.0,51.0,3.0,0.0,16.0,0.5333333333333333,57.4,67.0,51.0,8.763560920082657,2.0,17,67.0,2026-08-04 19:56:45+00:00,30.0
2026-08-04 19:56:25+00:00,5,5,67,50,10.0,1,67.0,67.0,51.0,51.0,5.0,0.0,0.0,0.0,60.6,67.0,51.0,8.763560920082657,0.0,17,63.0,2026-08-04 19:56:55+00:00,30.0
2026-08-04 19:56:35+00:00,5,5,67,50,10.0,1,67.0,67.0,51.0,51.0,5.0,0.0,0.0,0.0,60.6,67.0,51.0,8.763560920082657,0.0,17,63.0,2026-08-04 19:57:05+00:00,30.0
2026-08-04 19:56:45+00:00,5,5,67,50,10.0,1,67.0,67.0,67.0,51.0,5.0,0.0,0.0,0.0,63.8,67.0,51.0,7.155417527999327,0.0,17,63.0,2026-08-04 19:57:15+00:00,30.0
2026-08-04 19:56:55+00:00,5,5,63,50,10.0,1,67.0,67.0,67.0,67.0,5.0,-4.0,-4.0,-0.13333333333333333,66.2,67.0,63.0,1.7888543819998317,0.0,13,63.0,2026-08-04 19:57:25+00:00,30.0
2026-08-04 19:57:05+00:00,5,5,63,50,10.0,1,67.0,67.0,67.0,67.0,5.0,-4.0,-4.0,-0.13333333333333333,66.2,67.0,63.0,1.7888543819998317,0.0,13,63.0,2026-08-04 19:57:35+00:00,30.0
2026-08-04 19:57:15+00:00,5,5,63,50,10.0,1,63.0,67.0,67.0,67.0,5.0,0.0,-4.0,-0.13333333333333333,65.4,67.0,63.0,2.1908902300206643,0.0,13,63.0,2026-08-04 19:57:45+00:00,30.0
2026-08-04 19:57:25+00:00,5,5,63,50,10.0,1,63.0,63.0,67.0,67.0,5.0,0.0,0.0,0.0,64.6,67.0,63.0,2.1908902300206643,0.0,13,44.0,2026-08-04 19:57:55+00:00,30.0
2026-08-04 19:57:35+00:00,5,5,63,50,10.0,1,63.0,63.0,67.0,67.0,5.0,0.0,0.0,0.0,64.6,67.0,63.0,2.1908902300206643,0.0,13,44.0,2026-08-04 19:58:05+00:00,30.0
2026-08-04 19:57:45+00:00,5,5,63,50,10.0,1,63.0,63.0,63.0,67.0,5.0,0.0,0.0,0.0,63.8,67.0,63.0,1.7888543819998317,0.0,13,44.0,2026-08-04 19:58:15+00:00,30.0
2026-08-04 19:57:55+00:00,5,5,44,50,10.0,1,63.0,63.0,63.0,63.0,5.0,-19.0,-19.0,-0.6333333333333333,59.2,63.0,44.0,8.497058314499201,0.0,-6,44.0,2026-08-04 19:58:25+00:00,30.0
2026-08-04 19:58:05+00:00,5,5,44,50,10.0,1,63.0,63.0,63.0,63.0,5.0,-19.0,-19.0,-0.6333333333333333,59.2,63.0,44.0,8.497058314499201,0.0,-6,44.0,2026-08-04 19:58:35+00:00,30.0
2026-08-04 19:58:15+00:00,5,5,44,50,10.0,1,44.0,63.0,63.0,63.0,5.0,0.0,-19.0,-0.6333333333333333,55.4,63.0,44.0,10.406728592598155,0.0,-6,44.0,2026-08-04 19:58:45+00:00,30.0
2026-08-04 19:58:25+00:00,5,5,44,50,10.0,1,44.0,44.0,63.0,63.0,5.0,0.0,0.0,0.0,51.6,63.0,44.0,10.406728592598157,0.0,-6,38.0,2026-08-04 19:58:55+00:00,30.0
2026-08-04 19:58:35+00:00,5,5,44,50,10.0,1,44.0,44.0,63.0,63.0,5.0,0.0,0.0,0.0,51.6,63.0,44.0,10.406728592598157,0.0,-6,38.0,2026-08-04 19:59:05+00:00,30.0
2026-08-04 19:58:45+00:00,5,5,44,50,10.0,1,44.0,44.0,44.0,63.0,5.0,0.0,0.0,0.0,47.8,63.0,44.0,8.497058314499201,0.0,-6,38.0,2026-08-04 19:59:15+00:00,30.0
2026-08-04 19:58:55+00:00,5,5,38,50,10.0,1,44.0,44.0,44.0,44.0,5.0,-6.0,-6.0,-0.2,42.8,44.0,38.0,2.683281572999748,0.0,-12,38.0,2026-08-04 19:59:25+00:00,30.0
2026-08-04 19:59:05+00:00,5,5,38,50,10.0,1,44.0,44.0,44.0,44.0,5.0,-6.0,-6.0,-0.2,42.8,44.0,38.0,2.683281572999748,0.0,-12,38.0,2026-08-04 19:59:35+00:00,30.0
2026-08-04 19:59:15+00:00,5,5,38,50,10.0,1,38.0,44.0,44.0,44.0,5.0,0.0,-6.0,-0.2,41.6,44.0,38.0,3.2863353450309964,0.0,-12,38.0,2026-08-04 19:59:45+00:00,30.0
2026-08-04 19:59:25+00:00,5,5,38,50,10.0,1,38.0,38.0,44.0,44.0,5.0,0.0,0.0,0.0,40.4,44.0,38.0,3.2863353450309964,0.0,-12,34.0,2026-08-04 19:59:55+00:00,30.0
2026-08-04 19:59:35+00:00,5,5,38,50,10.0,1,38.0,38.0,44.0,44.0,5.0,0.0,0.0,0.0,40.4,44.0,38.0,3.2863353450309964,0.0,-12,34.0,2026-08-04 20:00:05+00:00,30.0
2026-08-04 19:59:45+00:00,5,5,38,50,10.0,1,38.0,38.0,38.0,44.0,5.0,0.0,0.0,0.0,39.2,44.0,38.0,2.6832815729997477,0.0,-12,34.0,2026-08-04 20:00:15+00:00,30.0
2026-08-04 19:59:55+00:00,5,5,34,50,10.0,1,38.0,38.0,38.0,38.0,5.0,-4.0,-4.0,-0.13333333333333333,37.2,38.0,34.0,1.7888543819998317,0.0,-16,34.0,2026-08-04 20:00:25+00:00,30.0
2026-08-04 20:00:05+00:00,5,5,34,50,10.0,1,38.0,38.0,38.0,38.0,5.0,-4.0,-4.0,-0.13333333333333333,37.2,38.0,34.0,1.7888543819998317,0.0,-16,34.0,2026-08-04 20:00:35+00:00,30.0
2026-08-04 20:00:15+00:00,5,5,34,50,10.0,1,34.0,38.0,38.0,38.0,5.0,0.0,-4.0,-0.13333333333333333,36.4,38.0,34.0,2.1908902300206647,0.0,-16,34.0,2026-08-04 20:00:45+00:00,30.0
2026-08-04 20:00:25+00:00,5,5,34,50,10.0,1,34.0,34.0,38.0,38.0,5.0,0.0,0.0,0.0,35.6,38.0,34.0,2.1908902300206647,0.0,-16,30.0,2026-08-04 20:00:55+00:00,30.0
2026-08-04 20:00:35+00:00,5,5,34,50,10.0,1,34.0,34.0,38.0,38.0,5.0,0.0,0.0,0.0,35.6,38.0,34.0,2.1908902300206647,0.0,-16,30.0,2026-08-04 20:01:05+00:00,30.0
2026-08-04 20:00:45+00:00,5,5,34,50,10.0,1,34.0,34.0,34.0,38.0,5.0,0.0,0.0,0.0,34.8,38.0,34.0,1.7888543819998317,0.0,-16,30.0,2026-08-04 20:01:15+00:00,30.0
2026-08-04 20:00:55+00:00,5,5,30,50,10.0,1,34.0,34.0,34.0,34.0,5.0,-4.0,-4.0,-0.13333333333333333,33.2,34.0,30.0,1.7888543819998317,0.0,-20,30.0,2026-08-04 20:01:25+00:00,30.0
2026-08-04 20:01:05+00:00,5,5,30,50,10.0,1,34.0,34.0,34.0,34.0,5.0,-4.0,-4.0,-0.13333333333333333,33.2,34.0,30.0,1.7888543819998317,0.0,-20,30.0,2026-08-04 20:01:35+00:00,30.0
2026-08-04 20:01:15+00:00,5,5,30,50,10.0,1,30.0,34.0,34.0,34.0,5.0,0.0,-4.0,-0.13333333333333333,32.4,34.0,30.0,2.1908902300206647,0.0,-20,30.0,2026-08-04 20:01:45+00:00,30.0
2026-08-04 20:01:25+00:00,5,5,30,50,10.0,1,30.0,30.0,34.0,34.0,5.0,0.0,0.0,0.0,31.6,34.0,30.0,2.1908902300206647,0.0,-20,25.0,2026-08-04 20:01:55+00:00,30.0
2026-08-04 20:01:35+00:00,5,5,30,50,10.0,1,30.0,30.0,34.0,34.0,5.0,0.0,0.0,0.0,31.6,34.0,30.0,2.1908902300206647,0.0,-20,25.0,2026-08-04 20:02:05+00:00,30.0
2026-08-04 20:01:45+00:00,5,5,30,50,10.0,1,30.0,30.0,30.0,34.0,5.0,0.0,0.0,0.0,30.8,34.0,30.0,1.7888543819998317,0.0,-20,25.0,2026-08-04 20:02:15+00:00,30.0
2026-08-04 20:01:55+00:00,5,5,25,50,10.0,1,30.0,30.0,30.0,30.0,5.0,-5.0,-5.0,-0.16666666666666666,29.0,30.0,25.0,2.23606797749979,0.0,-25,25.0,2026-08-04 20:02:25+00:00,30.0
2026-08-04 20:02:05+00:00,5,5,25,50,10.0,1,30.0,30.0,30.0,30.0,5.0,-5.0,-5.0,-0.16666666666666666,29.0,30.0,25.0,2.23606797749979,0.0,-25,25.0,2026-08-04 20:02:35+00:00,30.0
2026-08-04 20:02:15+00:00,5,5,25,50,10.0,1,25.0,30.0,30.0,30.0,5.0,0.0,-5.0,-0.16666666666666666,28.0,30.0,25.0,2.7386127875258306,0.0,-25,25.0,2026-08-04 20:02:45+00:00,30.0
2026-08-04 20:02:25+00:00,5,5,25,50,10.0,1,25.0,25.0,30.0,30.0,5.0,0.0,0.0,0.0,27.0,30.0,25.0,2.7386127875258306,0.0,-25,23.0,2026-08-04 20:02:55+00:00,30.0
2026-08-04 20:02:35+00:00,5,5,25,50,10.0,1,25.0,25.0,30.0,30.0,5.0,0.0,0.0,0.0,27.0,30.0,25.0,2.7386127875258306,0.0,-25,23.0,2026-08-04 20:03:05+00:00,30.0
2026-08-04 20:02:45+00:00,5,5,25,50,10.0,1,25.0,25.0,25.0,30.0,5.0,0.0,0.0,0.0,26.0,30.0,25.0,2.23606797749979,0.0,-25,23.0,2026-08-04 20:03:15+00:00,30.0
2026-08-04 20:02:55+00:00,5,5,23,50,10.0,1,25.0,25.0,25.0,25.0,5.0,-2.0,-2.0,-0.06666666666666667,24.6,25.0,23.0,0.8944271909999159,0.0,-27,23.0,2026-08-04 20:03:25+00:00,30.0
2026-08-04 20:03:05+00:00,5,5,23,50,10.0,1,25.0,25.0,25.0,25.0,5.0,-2.0,-2.0,-0.06666666666666667,24.6,25.0,23.0,0.8944271909999159,0.0,-27,23.0,2026-08-04 20:03:35+00:00,30.0
2026-08-04 20:03:15+00:00,5,5,23,50,10.0,1,23.0,25.0,25.0,25.0,5.0,0.0,-2.0,-0.06666666666666667,24.2,25.0,23.0,1.0954451150103324,0.0,-27,23.0,2026-08-04 20:03:45+00:00,30.0
2026-08-04 20:03:25+00:00,5,5,23,50,10.0,1,23.0,23.0,25.0,25.0,5.0,0.0,0.0,0.0,23.8,25.0,23.0,1.0954451150103324,0.0,-27,27.0,2026-08-04 20:03:55+00:00,30.0
2026-08-04 20:03:35+00:00,5,4,23,50,10.0,1,23.0,23.0,25.0,25.0,5.0,0.0,0.0,0.0,23.8,25.0,23.0,1.0954451150103324,0.0,-27,27.0,2026-08-04 20:04:05+00:00,30.0
2026-08-04 20:03:45+00:00,5,4,23,50,10.0,1,23.0,23.0,23.0,25.0,5.0,0.0,0.0,0.0,23.4,25.0,23.0,0.8944271909999159,0.0,-27,27.0,2026-08-04 20:04:15+00:00,30.0
2026-08-04 20:03:55+00:00,4,4,27,50,10.0,1,23.0,23.0,23.0,23.0,5.0,4.0,4.0,0.13333333333333333,23.8,27.0,23.0,1.7888543819998315,-1.0,-23,27.0,2026-08-04 20:04:25+00:00,30.0
2026-08-04 20:04:05+00:00,4,4,27,50,10.0,1,23.0,23.0,23.0,23.0,5.0,4.0,4.0,0.13333333333333333,23.8,27.0,23.0,1.7888543819998315,-1.0,-23,27.0,2026-08-04 20:04:35+00:00,30.0
2026-08-04 20:04:15+00:00,4,4,27,50,10.0,1,27.0,23.0,23.0,23.0,4.0,0.0,4.0,0.13333333333333333,24.6,27.0,23.0,2.1908902300206647,0.0,-23,27.0,2026-08-04 20:04:45+00:00,30.0
2026-08-04 20:04:25+00:00,4,4,27,50,10.0,1,27.0,27.0,23.0,23.0,4.0,0.0,0.0,0.0,25.4,27.0,23.0,2.1908902300206647,0.0,-23,38.0,2026-08-04 20:04:55+00:00,30.0
2026-08-04 20:04:35+00:00,4,4,27,50,10.0,1,27.0,27.0,23.0,23.0,4.0,0.0,0.0,0.0,25.4,27.0,23.0,2.1908902300206647,0.0,-23,38.0,2026-08-04 20:05:05+00:00,30.0
2026-08-04 20:04:45+00:00,4,4,27,50,10.0,1,27.0,27.0,27.0,23.0,4.0,0.0,0.0,0.0,26.2,27.0,23.0,1.7888543819998317,0.0,-23,38.0,2026-08-04 20:05:15+00:00,30.0
2026-08-04 20:04:55+00:00,4,4,38,50,10.0,1,27.0,27.0,27.0,27.0,4.0,11.0,11.0,0.36666666666666664,29.2,38.0,27.0,4.919349550499538,0.0,-12,38.0,2026-08-04 20:05:25+00:00,30.0
2026-08-04 20:05:05+00:00,4,4,38,50,10.0,1,27.0,27.0,27.0,27.0,4.0,11.0,11.0,0.36666666666666664,29.2,38.0,27.0,4.919349550499538,0.0,-12,38.0,2026-08-04 20:05:35+00:00,30.0
2026-08-04 20:05:15+00:00,4,4,38,50,10.0,1,38.0,27.0,27.0,27.0,4.0,0.0,11.0,0.36666666666666664,31.4,38.0,27.0,6.024948132556827,0.0,-12,38.0,2026-08-04 20:05:45+00:00,30.0
2026-08-04 20:05:25+00:00,4,4,38,50,10.0,1,38.0,38.0,27.0,27.0,4.0,0.0,0.0,0.0,33.6,38.0,27.0,6.024948132556827,0.0,-12,46.0,2026-08-04 20:05:55+00:00,30.0
2026-08-04 20:05:35+00:00,4,4,38,50,10.0,1,38.0,38.0,27.0,27.0,4.0,0.0,0.0,0.0,33.6,38.0,27.0,6.024948132556827,0.0,-12,46.0,2026-08-04 20:06:05+00:00,30.0
2026-08-04 20:05:45+00:00,4,4,38,50,10.0,1,38.0,38.0,38.0,27.0,4.0,0.0,0.0,0.0,35.8,38.0,27.0,4.919349550499538,0.0,-12,46.0,2026-08-04 20:06:15+00:00,30.0
2026-08-04 20:05:55+00:00,4,4,46,50,10.0,1,38.0,38.0,38.0,38.0,4.0,8.0,8.0,0.26666666666666666,39.6,46.0,38.0,3.577708763999663,0.0,-4,46.0,2026-08-04 20:06:25+00:00,30.0
2026-08-04 20:06:05+00:00,4,4,46,50,10.0,1,38.0,38.0,38.0,38.0,4.0,8.0,8.0,0.26666666666666666,39.6,46.0,38.0,3.577708763999663,0.0,-4,46.0,2026-08-04 20:06:35+00:00,30.0
2026-08-04 20:06:15+00:00,4,4,46,50,10.0,1,46.0,38.0,38.0,38.0,4.0,0.0,8.0,0.26666666666666666,41.2,46.0,38.0,4.3817804600413295,0.0,-4,46.0,2026-08-04 20:06:45+00:00,30.0
2026-08-04 20:06:25+00:00,4,4,46,50,10.0,1,46.0,46.0,38.0,38.0,4.0,0.0,0.0,0.0,42.8,46.0,38.0,4.3817804600413295,0.0,-4,48.0,2026-08-04 20:06:55+00:00,30.0
2026-08-04 20:06:35+00:00,4,4,46,50,10.0,1,46.0,46.0,38.0,38.0,4.0,0.0,0.0,0.0,42.8,46.0,38.0,4.3817804600413295,0.0,-4,48.0,2026-08-04 20:07:05+00:00,30.0
2026-08-04 20:06:45+00:00,4,4,46,50,10.0,1,46.0,46.0,46.0,38.0,4.0,0.0,0.0,0.0,44.4,46.0,38.0,3.5777087639996634,0.0,-4,48.0,2026-08-04 20:07:15+00:00,30.0
2026-08-04 20:06:55+00:00,4,4,48,50,10.0,1,46.0,46.0,46.0,46.0,4.0,2.0,2.0,0.06666666666666667,46.4,48.0,46.0,0.8944271909999159,0.0,-2,48.0,2026-08-04 20:07:25+00:00,30.0
2026-08-04 20:07:05+00:00,4,4,48,50,10.0,1,46.0,46.0,46.0,46.0,4.0,2.0,2.0,0.06666666666666667,46.4,48.0,46.0,0.8944271909999159,0.0,-2,48.0,2026-08-04 20:07:35+00:00,30.0
2026-08-04 20:07:15+00:00,4,4,48,50,10.0,1,48.0,46.0,46.0,46.0,4.0,0.0,2.0,0.06666666666666667,46.8,48.0,46.0,1.0954451150103321,0.0,-2,48.0,2026-08-04 20:07:45+00:00,30.0
2026-08-04 20:07:25+00:00,4,4,48,50,10.0,1,48.0,48.0,46.0,46.0,4.0,0.0,0.0,0.0,47.2,48.0,46.0,1.0954451150103321,0.0,-2,52.0,2026-08-04 20:07:55+00:00,30.0
2026-08-04 20:07:35+00:00,4,4,48,50,10.0,1,48.0,48.0,46.0,46.0,4.0,0.0,0.0,0.0,47.2,48.0,46.0,1.0954451150103321,0.0,-2,52.0,2026-08-04 20:08:05+00:00,30.0
2026-08-04 20:07:45+00:00,4,4,48,50,10.0,1,48.0,48.0,48.0,46.0,4.0,0.0,0.0,0.0,47.6,48.0,46.0,0.8944271909999159,0.0,-2,52.0,2026-08-04 20:08:15+00:00,30.0
2026-08-04 20:07:55+00:00,4,4,52,50,10.0,1,48.0,48.0,48.0,48.0,4.0,4.0,4.0,0.13333333333333333,48.8,52.0,48.0,1.7888543819998317,0.0,2,52.0,2026-08-04 20:08:25+00:00,30.0
2026-08-04 20:08:05+00:00,4,4,52,50,10.0,1,48.0,48.0,48.0,48.0,4.0,4.0,4.0,0.13333333333333333,48.8,52.0,48.0,1.7888543819998317,0.0,2,52.0,2026-08-04 20:08:35+00:00,30.0
2026-08-04 20:08:15+00:00,4,4,52,50,10.0,1,52.0,48.0,48.0,48.0,4.0,0.0,4.0,0.13333333333333333,49.6,52.0,48.0,2.1908902300206647,0.0,2,52.0,2026-08-04 20:08:45+00:00,30.0
2026-08-04 20:08:25+00:00,4,4,52,50,10.0,1,52.0,52.0,48.0,48.0,4.0,0.0,0.0,0.0,50.4,52.0,48.0,2.1908902300206647,0.0,2,40.0,2026-08-04 20:08:55+00:00,30.0
2026-08-04 20:08:35+00:00,4,4,52,50,10.0,1,52.0,52.0,48.0,48.0,4.0,0.0,0.0,0.0,50.4,52.0,48.0,2.1908902300206647,0.0,2,40.0,2026-08-04 20:09:05+00:00,30.0
2026-08-04 20:08:45+00:00,4,4,52,50,10.0,1,52.0,52.0,52.0,48.0,4.0,0.0,0.0,0.0,51.2,52.0,48.0,1.7888543819998317,0.0,2,40.0,2026-08-04 20:09:15+00:00,30.0
2026-08-04 20:08:55+00:00,4,4,40,50,10.0,1,52.0,52.0,52.0,52.0,4.0,-12.0,-12.0,-0.4,49.6,52.0,40.0,5.366563145999495,0.0,-10,40.0,2026-08-04 20:09:25+00:00,30.0
2026-08-04 20:09:05+00:00,4,4,40,50,10.0,1,52.0,52.0,52.0,52.0,4.0,-12.0,-12.0,-0.4,49.6,52.0,40.0,5.366563145999495,0.0,-10,40.0,2026-08-04 20:09:35+00:00,30.0
2026-08-04 20:09:15+00:00,4,4,40,50,10.0,1,40.0,52.0,52.0,52.0,4.0,0.0,-12.0,-0.4,47.2,52.0,40.0,6.572670690061993,0.0,-10,40.0,2026-08-04 20:09:45+00:00,30.0
2026-08-04 20:09:25+00:00,4,4,40,50,10.0,1,40.0,40.0,52.0,52.0,4.0,0.0,0.0,0.0,44.8,52.0,40.0,6.572670690061993,0.0,-10,32.0,2026-08-04 20:09:55+00:00,30.0
2026-08-04 20:09:35+00:00,4,4,40,50,10.0,1,40.0,40.0,52.0,52.0,4.0,0.0,0.0,0.0,44.8,52.0,40.0,6.572670690061993,0.0,-10,32.0,2026-08-04 20:10:05+00:00,30.0
2026-08-04 20:09:45+00:00,4,4,40,50,10.0,1,40.0,40.0,40.0,52.0,4.0,0.0,0.0,0.0,42.4,52.0,40.0,5.366563145999495,0.0,-10,32.0,2026-08-04 20:10:15+00:00,30.0
2026-08-04 20:09:55+00:00,4,4,32,50,10.0,1,40.0,40.0,40.0,40.0,4.0,-8.0,-8.0,-0.26666666666666666,38.4,40.0,32.0,3.577708763999663,0.0,-18,32.0,2026-08-04 20:10:25+00:00,30.0
2026-08-04 20:10:05+00:00,4,4,32,50,10.0,1,40.0,40.0,40.0,40.0,4.0,-8.0,-8.0,-0.26666666666666666,38.4,40.0,32.0,3.577708763999663,0.0,-18,32.0,2026-08-04 20:10:35+00:00,30.0
2026-08-04 20:10:15+00:00,4,4,32,50,10.0,1,32.0,40.0,40.0,40.0,4.0,0.0,-8.0,-0.26666666666666666,36.8,40.0,32.0,4.3817804600413295,0.0,-18,32.0,2026-08-04 20:10:45+00:00,30.0
2026-08-04 20:10:25+00:00,4,4,32,50,10.0,1,32.0,32.0,40.0,40.0,4.0,0.0,0.0,0.0,35.2,40.0,32.0,4.3817804600413295,0.0,-18,22.0,2026-08-04 20:10:55+00:00,30.0
2026-08-04 20:10:35+00:00,4,4,32,50,10.0,1,32.0,32.0,40.0,40.0,4.0,0.0,0.0,0.0,35.2,40.0,32.0,4.3817804600413295,0.0,-18,22.0,2026-08-04 20:11:05+00:00,30.0
2026-08-04 20:10:45+00:00,4,4,32,50,10.0,1,32.0,32.0,32.0,40.0,4.0,0.0,0.0,0.0,33.6,40.0,32.0,3.5777087639996634,0.0,-18,22.0,2026-08-04 20:11:15+00:00,30.0
2026-08-04 20:10:55+00:00,4,4,22,50,10.0,1,32.0,32.0,32.0,32.0,4.0,-10.0,-10.0,-0.3333333333333333,30.0,32.0,22.0,4.47213595499958,0.0,-28,22.0,2026-08-04 20:11:25+00:00,30.0
2026-08-04 20:11:05+00:00,4,4,22,50,10.0,1,32.0,32.0,32.0,32.0,4.0,-10.0,-10.0,-0.3333333333333333,30.0,32.0,22.0,4.47213595499958,0.0,-28,22.0,2026-08-04 20:11:35+00:00,30.0
2026-08-04 20:11:15+00:00,4,4,22,50,10.0,1,22.0,32.0,32.0,32.0,4.0,0.0,-10.0,-0.3333333333333333,28.0,32.0,22.0,5.477225575051661,0.0,-28,22.0,2026-08-04 20:11:45+00:00,30.0
2026-08-04 20:11:25+00:00,4,4,22,50,10.0,1,22.0,22.0,32.0,32.0,4.0,0.0,0.0,0.0,26.0,32.0,22.0,5.477225575051661,0.0,-28,13.0,2026-08-04 20:11:55+00:00,30.0
2026-08-04 20:11:35+00:00,4,4,22,50,10.0,1,22.0,22.0,32.0,32.0,4.0,0.0,0.0,0.0,26.0,32.0,22.0,5.477225575051661,0.0,-28,13.0,2026-08-04 20:12:05+00:00,30.0
2026-08-04 20:11:45+00:00,4,4,22,50,10.0,1,22.0,22.0,22.0,32.0,4.0,0.0,0.0,0.0,24.0,32.0,22.0,4.47213595499958,0.0,-28,13.0,2026-08-04 20:12:15+00:00,30.0
2026-08-04 20:11:55+00:00,4,4,13,50,10.0,1,22.0,22.0,22.0,22.0,4.0,-9.0,-9.0,-0.3,20.2,22.0,13.0,4.024922359499621,0.0,-37,13.0,2026-08-04 20:12:25+00:00,30.0
2026-08-04 20:12:05+00:00,4,4,13,50,10.0,1,22.0,22.0,22.0,22.0,4.0,-9.0,-9.0,-0.3,20.2,22.0,13.0,4.024922359499621,0.0,-37,13.0,2026-08-04 20:12:35+00:00,30.0
2026-08-04 20:12:15+00:00,4,4,13,50,10.0,1,13.0,22.0,22.0,22.0,4.0,0.0,-9.0,-0.3,18.4,22.0,13.0,4.929503017546495,0.0,-37,13.0,2026-08-04 20:12:45+00:00,30.0
2026-08-04 20:12:25+00:00,4,4,13,50,10.0,1,13.0,13.0,22.0,22.0,4.0,0.0,0.0,0.0,16.6,22.0,13.0,4.929503017546495,0.0,-37,14.0,2026-08-04 20:12:55+00:00,30.0
2026-08-04 20:12:35+00:00,4,4,13,50,10.0,1,13.0,13.0,22.0,22.0,4.0,0.0,0.0,0.0,16.6,22.0,13.0,4.929503017546495,0.0,-37,14.0,2026-08-04 20:13:05+00:00,30.0
2026-08-04 20:12:45+00:00,4,4,13,50,10.0,1,13.0,13.0,13.0,22.0,4.0,0.0,0.0,0.0,14.8,22.0,13.0,4.024922359499621,0.0,-37,14.0,2026-08-04 20:13:15+00:00,30.0
2026-08-04 20:12:55+00:00,4,4,14,50,10.0,1,13.0,13.0,13.0,13.0,4.0,1.0,1.0,0.03333333333333333,13.2,14.0,13.0,0.4472135954999579,0.0,-36,13.0,2026-08-04 20:13:25+00:00,30.0
2026-08-04 20:13:05+00:00,4,4,14,50,10.0,1,13.0,13.0,13.0,13.0,4.0,1.0,1.0,0.03333333333333333,13.2,14.0,13.0,0.4472135954999579,0.0,-36,13.0,2026-08-04 20:13:35+00:00,30.0
2026-08-04 20:13:15+00:00,4,4,14,50,10.0,1,14.0,13.0,13.0,13.0,4.0,0.0,1.0,0.03333333333333333,13.4,14.0,13.0,0.5477225575051662,0.0,-36,13.0,2026-08-04 20:13:45+00:00,30.0
2026-08-04 20:13:25+00:00,4,4,13,50,10.0,1,14.0,14.0,13.0,13.0,4.0,-1.0,-1.0,-0.03333333333333333,13.4,14.0,13.0,0.5477225575051662,0.0,-37,23.0,2026-08-04 20:13:55+00:00,30.0
2026-08-04 20:13:35+00:00,4,4,13,50,10.0,1,14.0,14.0,13.0,13.0,4.0,-1.0,-1.0,-0.03333333333333333,13.4,14.0,13.0,0.5477225575051662,0.0,-37,23.0,2026-08-04 20:14:05+00:00,30.0
2026-08-04 20:13:45+00:00,4,4,13,50,10.0,1,13.0,14.0,14.0,13.0,4.0,0.0,-1.0,-0.03333333333333333,13.4,14.0,13.0,0.5477225575051662,0.0,-37,23.0,2026-08-04 20:14:15+00:00,30.0
2026-08-04 20:13:55+00:00,4,4,23,50,10.0,1,13.0,13.0,14.0,14.0,4.0,10.0,10.0,0.3333333333333333,15.4,23.0,13.0,4.277849927241488,0.0,-27,23.0,2026-08-04 20:14:25+00:00,30.0
2026-08-04 20:14:05+00:00,4,4,23,50,10.0,1,13.0,13.0,14.0,14.0,4.0,10.0,10.0,0.3333333333333333,15.4,23.0,13.0,4.277849927241488,0.0,-27,23.0,2026-08-04 20:14:35+00:00,30.0
2026-08-04 20:14:15+00:00,4,4,23,50,10.0,1,23.0,13.0,13.0,14.0,4.0,0.0,10.0,0.3333333333333333,17.2,23.0,13.0,5.310367218940701,0.0,-27,23.0,2026-08-04 20:14:45+00:00,30.0
2026-08-04 20:14:25+00:00,4,4,23,50,10.0,1,23.0,23.0,13.0,13.0,4.0,0.0,0.0,0.0,19.0,23.0,13.0,5.477225575051661,0.0,-27,17.0,2026-08-04 20:14:55+00:00,30.0
2026-08-04 20:14:35+00:00,4,3,23,50,10.0,1,23.0,23.0,13.0,13.0,4.0,0.0,0.0,0.0,19.0,23.0,13.0,5.477225575051661,0.0,-27,17.0,2026-08-04 20:15:05+00:00,30.0
2026-08-04 20:14:45+00:00,4,3,23,50,10.0,1,23.0,23.0,23.0,13.0,4.0,0.0,0.0,0.0,21.0,23.0,13.0,4.47213595499958,0.0,-27,17.0,2026-08-04 20:15:15+00:00,30.0
2026-08-04 20:14:55+00:00,3,3,17,50,10.0,1,23.0,23.0,23.0,23.0,4.0,-6.0,-6.0,-0.2,21.8,23.0,17.0,2.6832815729997477,-1.0,-33,17.0,2026-08-04 20:15:25+00:00,30.0
2026-08-04 20:15:05+00:00,3,3,17,50,10.0,1,23.0,23.0,23.0,23.0,4.0,-6.0,-6.0,-0.2,21.8,23.0,17.0,2.6832815729997477,-1.0,-33,17.0,2026-08-04 20:15:35+00:00,30.0
2026-08-04 20:15:15+00:00,3,3,17,50,10.0,1,17.0,23.0,23.0,23.0,3.0,0.0,-6.0,-0.2,20.6,23.0,17.0,3.2863353450309964,0.0,-33,17.0,2026-08-04 20:15:45+00:00,30.0
2026-08-04 20:15:25+00:00,3,3,17,50,10.0,1,17.0,17.0,23.0,23.0,3.0,0.0,0.0,0.0,19.4,23.0,17.0,3.2863353450309964,0.0,-33,60.0,2026-08-04 20:15:55+00:00,30.0
2026-08-04 20:15:35+00:00,3,2,17,50,10.0,1,17.0,17.0,23.0,23.0,3.0,0.0,0.0,0.0,19.4,23.0,17.0,3.2863353450309964,0.0,-33,60.0,2026-08-04 20:16:05+00:00,30.0
2026-08-04 20:15:45+00:00,3,2,17,50,10.0,1,17.0,17.0,17.0,23.0,3.0,0.0,0.0,0.0,18.2,23.0,17.0,2.6832815729997477,0.0,-33,60.0,2026-08-04 20:16:15+00:00,30.0
2026-08-04 20:15:55+00:00,2,3,60,50,10.0,1,17.0,17.0,17.0,17.0,3.0,43.0,43.0,1.4333333333333333,25.6,60.0,17.0,19.23018460649819,-1.0,10,60.0,2026-08-04 20:16:25+00:00,30.0
2026-08-04 20:16:05+00:00,3,3,60,50,10.0,1,17.0,17.0,17.0,17.0,3.0,43.0,43.0,1.4333333333333333,25.6,60.0,17.0,19.23018460649819,0.0,10,60.0,2026-08-04 20:16:35+00:00,30.0
2026-08-04 20:16:15+00:00,3,3,60,50,10.0,1,60.0,17.0,17.0,17.0,2.0,0.0,43.0,1.4333333333333333,34.2,60.0,17.0,23.552069972722144,1.0,10,60.0,2026-08-04 20:16:45+00:00,30.0
2026-08-04 20:16:25+00:00,3,3,60,50,10.0,1,60.0,60.0,17.0,17.0,3.0,0.0,0.0,0.0,42.8,60.0,17.0,23.552069972722144,0.0,10,87.0,2026-08-04 20:16:55+00:00,30.0
2026-08-04 20:16:35+00:00,3,3,60,50,10.0,1,60.0,60.0,17.0,17.0,3.0,0.0,0.0,0.0,42.8,60.0,17.0,23.552069972722144,0.0,10,87.0,2026-08-04 20:17:05+00:00,30.0
2026-08-04 20:16:45+00:00,3,3,60,50,10.0,1,60.0,60.0,60.0,17.0,3.0,0.0,0.0,0.0,51.4,60.0,17.0,19.23018460649819,0.0,10,87.0,2026-08-04 20:17:15+00:00,30.0
2026-08-04 20:16:55+00:00,3,4,87,50,10.0,1,60.0,60.0,60.0,60.0,3.0,27.0,27.0,0.9,65.4,87.0,60.0,12.074767078498866,0.0,37,87.0,2026-08-04 20:17:25+00:00,30.0
2026-08-04 20:17:05+00:00,3,4,87,50,10.0,1,60.0,60.0,60.0,60.0,3.0,27.0,27.0,0.9,65.4,87.0,60.0,12.074767078498866,0.0,37,87.0,2026-08-04 20:17:35+00:00,30.0
2026-08-04 20:17:15+00:00,4,4,87,50,10.0,1,87.0,60.0,60.0,60.0,3.0,0.0,27.0,0.9,70.8,87.0,60.0,14.788509052639487,1.0,37,87.0,2026-08-04 20:17:45+00:00,30.0
2026-08-04 20:17:25+00:00,4,4,87,50,10.0,1,87.0,87.0,60.0,60.0,3.0,0.0,0.0,0.0,76.2,87.0,60.0,14.788509052639485,1.0,37,72.0,2026-08-04 20:17:55+00:00,30.0
2026-08-04 20:17:35+00:00,4,4,87,50,10.0,1,87.0,87.0,60.0,60.0,4.0,0.0,0.0,0.0,76.2,87.0,60.0,14.788509052639485,0.0,37,72.0,2026-08-04 20:18:05+00:00,30.0
2026-08-04 20:17:45+00:00,4,4,87,50,10.0,1,87.0,87.0,87.0,60.0,4.0,0.0,0.0,0.0,81.6,87.0,60.0,12.074767078498866,0.0,37,72.0,2026-08-04 20:18:15+00:00,30.0
2026-08-04 20:17:55+00:00,4,4,72,50,10.0,1,87.0,87.0,87.0,87.0,4.0,-15.0,-15.0,-0.5,84.0,87.0,72.0,6.708203932499369,0.0,22,72.0,2026-08-04 20:18:25+00:00,30.0
2026-08-04 20:18:05+00:00,4,4,72,50,10.0,1,87.0,87.0,87.0,87.0,4.0,-15.0,-15.0,-0.5,84.0,87.0,72.0,6.708203932499369,0.0,22,72.0,2026-08-04 20:18:35+00:00,30.0
2026-08-04 20:18:15+00:00,4,4,72,50,10.0,1,72.0,87.0,87.0,87.0,4.0,0.0,-15.0,-0.5,81.0,87.0,72.0,8.215838362577491,0.0,22,72.0,2026-08-04 20:18:45+00:00,30.0
2026-08-04 20:18:25+00:00,4,4,72,50,10.0,1,72.0,72.0,87.0,87.0,4.0,0.0,0.0,0.0,78.0,87.0,72.0,8.215838362577491,0.0,22,48.0,2026-08-04 20:18:55+00:00,30.0
2026-08-04 20:18:35+00:00,4,4,72,50,10.0,1,72.0,72.0,87.0,87.0,4.0,0.0,0.0,0.0,78.0,87.0,72.0,8.215838362577491,0.0,22,48.0,2026-08-04 20:19:05+00:00,30.0
2026-08-04 20:18:45+00:00,4,4,72,50,10.0,1,72.0,72.0,72.0,87.0,4.0,0.0,0.0,0.0,75.0,87.0,72.0,6.708203932499369,0.0,22,48.0,2026-08-04 20:19:15+00:00,30.0
2026-08-04 20:18:55+00:00,4,4,48,50,10.0,1,72.0,72.0,72.0,72.0,4.0,-24.0,-24.0,-0.8,67.2,72.0,48.0,10.73312629199899,0.0,-2,48.0,2026-08-04 20:19:25+00:00,30.0
2026-08-04 20:19:05+00:00,4,4,48,50,10.0,1,72.0,72.0,72.0,72.0,4.0,-24.0,-24.0,-0.8,67.2,72.0,48.0,10.73312629199899,0.0,-2,48.0,2026-08-04 20:19:35+00:00,30.0
2026-08-04 20:19:15+00:00,4,4,48,50,10.0,1,48.0,72.0,72.0,72.0,4.0,0.0,-24.0,-0.8,62.4,72.0,48.0,13.145341380123988,0.0,-2,48.0,2026-08-04 20:19:45+00:00,30.0
2026-08-04 20:19:25+00:00,4,4,48,50,10.0,1,48.0,48.0,72.0,72.0,4.0,0.0,0.0,0.0,57.6,72.0,48.0,13.145341380123988,0.0,-2,46.0,2026-08-04 20:19:55+00:00,30.0
2026-08-04 20:19:35+00:00,4,4,48,50,10.0,1,48.0,48.0,72.0,72.0,4.0,0.0,0.0,0.0,57.6,72.0,48.0,13.145341380123988,0.0,-2,46.0,2026-08-04 20:20:05+00:00,30.0
2026-08-04 20:19:45+00:00,4,4,48,50,10.0,1,48.0,48.0,48.0,72.0,4.0,0.0,0.0,0.0,52.8,72.0,48.0,10.73312629199899,0.0,-2,46.0,2026-08-04 20:20:15+00:00,30.0
2026-08-04 20:19:55+00:00,4,4,46,50,10.0,1,48.0,48.0,48.0,48.0,4.0,-2.0,-2.0,-0.06666666666666667,47.6,48.0,46.0,0.8944271909999159,0.0,-4,46.0,2026-08-04 20:20:25+00:00,30.0
2026-08-04 20:20:05+00:00,4,4,46,50,10.0,1,48.0,48.0,48.0,48.0,4.0,-2.0,-2.0,-0.06666666666666667,47.6,48.0,46.0,0.8944271909999159,0.0,-4,46.0,2026-08-04 20:20:35+00:00,30.0
2026-08-04 20:20:15+00:00,4,4,46,50,10.0,1,46.0,48.0,48.0,48.0,4.0,0.0,-2.0,-0.06666666666666667,47.2,48.0,46.0,1.0954451150103321,0.0,-4,46.0,2026-08-04 20:20:45+00:00,30.0
2026-08-04 20:20:25+00:00,4,4,46,50,10.0,1,46.0,46.0,48.0,48.0,4.0,0.0,0.0,0.0,46.8,48.0,46.0,1.0954451150103321,0.0,-4,37.0,2026-08-04 20:20:55+00:00,30.0
2026-08-04 20:20:35+00:00,4,4,46,50,10.0,1,46.0,46.0,48.0,48.0,4.0,0.0,0.0,0.0,46.8,48.0,46.0,1.0954451150103321,0.0,-4,37.0,2026-08-04 20:21:05+00:00,30.0
2026-08-04 20:20:45+00:00,4,4,46,50,10.0,1,46.0,46.0,46.0,48.0,4.0,0.0,0.0,0.0,46.4,48.0,46.0,0.8944271909999159,0.0,-4,37.0,2026-08-04 20:21:15+00:00,30.0
2026-08-04 20:20:55+00:00,4,4,37,50,10.0,1,46.0,46.0,46.0,46.0,4.0,-9.0,-9.0,-0.3,44.2,46.0,37.0,4.024922359499621,0.0,-13,37.0,2026-08-04 20:21:25+00:00,30.0
2026-08-04 20:21:05+00:00,4,4,37,50,10.0,1,46.0,46.0,46.0,46.0,4.0,-9.0,-9.0,-0.3,44.2,46.0,37.0,4.024922359499621,0.0,-13,37.0,2026-08-04 20:21:35+00:00,30.0
2026-08-04 20:21:15+00:00,4,4,37,50,10.0,1,37.0,46.0,46.0,46.0,4.0,0.0,-9.0,-0.3,42.4,46.0,37.0,4.929503017546495,0.0,-13,37.0,2026-08-04 20:21:45+00:00,30.0
2026-08-04 20:21:25+00:00,4,4,37,50,10.0,1,37.0,37.0,46.0,46.0,4.0,0.0,0.0,0.0,40.6,46.0,37.0,4.929503017546495,0.0,-13,33.0,2026-08-04 20:21:55+00:00,30.0
2026-08-04 20:21:35+00:00,4,4,37,50,10.0,1,37.0,37.0,46.0,46.0,4.0,0.0,0.0,0.0,40.6,46.0,37.0,4.929503017546495,0.0,-13,33.0,2026-08-04 20:22:05+00:00,30.0
2026-08-04 20:21:45+00:00,4,4,37,50,10.0,1,37.0,37.0,37.0,46.0,4.0,0.0,0.0,0.0,38.8,46.0,37.0,4.024922359499621,0.0,-13,33.0,2026-08-04 20:22:15+00:00,30.0
2026-08-04 20:21:55+00:00,4,4,33,50,10.0,1,37.0,37.0,37.0,37.0,4.0,-4.0,-4.0,-0.13333333333333333,36.2,37.0,33.0,1.7888543819998317,0.0,-17,33.0,2026-08-04 20:22:25+00:00,30.0
2026-08-04 20:22:05+00:00,4,4,33,50,10.0,1,37.0,37.0,37.0,37.0,4.0,-4.0,-4.0,-0.13333333333333333,36.2,37.0,33.0,1.7888543819998317,0.0,-17,33.0,2026-08-04 20:22:35+00:00,30.0
2026-08-04 20:22:15+00:00,4,4,33,50,10.0,1,33.0,37.0,37.0,37.0,4.0,0.0,-4.0,-0.13333333333333333,35.4,37.0,33.0,2.1908902300206647,0.0,-17,33.0,2026-08-04 20:22:45+00:00,30.0
2026-08-04 20:22:25+00:00,4,4,33,50,10.0,1,33.0,33.0,37.0,37.0,4.0,0.0,0.0,0.0,34.6,37.0,33.0,2.1908902300206647,0.0,-17,26.0,2026-08-04 20:22:55+00:00,30.0
2026-08-04 20:22:35+00:00,4,4,33,50,10.0,1,33.0,33.0,37.0,37.0,4.0,0.0,0.0,0.0,34.6,37.0,33.0,2.1908902300206647,0.0,-17,26.0,2026-08-04 20:23:05+00:00,30.0
2026-08-04 20:22:45+00:00,4,4,33,50,10.0,1,33.0,33.0,33.0,37.0,4.0,0.0,0.0,0.0,33.8,37.0,33.0,1.7888543819998317,0.0,-17,26.0,2026-08-04 20:23:15+00:00,30.0
2026-08-04 20:22:55+00:00,4,4,26,50,10.0,1,33.0,33.0,33.0,33.0,4.0,-7.0,-7.0,-0.23333333333333334,31.6,33.0,26.0,3.1304951684997055,0.0,-24,26.0,2026-08-04 20:23:25+00:00,30.0
2026-08-04 20:23:05+00:00,4,4,26,50,10.0,1,33.0,33.0,33.0,33.0,4.0,-7.0,-7.0,-0.23333333333333334,31.6,33.0,26.0,3.1304951684997055,0.0,-24,26.0,2026-08-04 20:23:35+00:00,30.0
2026-08-04 20:23:15+00:00,4,4,26,50,10.0,1,26.0,33.0,33.0,33.0,4.0,0.0,-7.0,-0.23333333333333334,30.2,33.0,26.0,3.8340579025361627,0.0,-24,26.0,2026-08-04 20:23:45+00:00,30.0
2026-08-04 20:23:25+00:00,4,4,26,50,10.0,1,26.0,26.0,33.0,33.0,4.0,0.0,0.0,0.0,28.8,33.0,26.0,3.8340579025361627,0.0,-24,26.0,2026-08-04 20:23:55+00:00,30.0
2026-08-04 20:23:35+00:00,4,4,26,50,10.0,1,26.0,26.0,33.0,33.0,4.0,0.0,0.0,0.0,28.8,33.0,26.0,3.8340579025361627,0.0,-24,26.0,2026-08-04 20:24:05+00:00,30.0
2026-08-04 20:23:45+00:00,4,4,26,50,10.0,1,26.0,26.0,26.0,33.0,4.0,0.0,0.0,0.0,27.4,33.0,26.0,3.1304951684997055,0.0,-24,26.0,2026-08-04 20:24:15+00:00,30.0
2026-08-04 20:23:55+00:00,4,4,26,50,10.0,1,26.0,26.0,26.0,26.0,4.0,0.0,0.0,0.0,26.0,26.0,26.0,0.0,0.0,-24,26.0,2026-08-04 20:24:25+00:00,30.0
2026-08-04 20:24:05+00:00,4,4,26,50,10.0,1,26.0,26.0,26.0,26.0,4.0,0.0,0.0,0.0,26.0,26.0,26.0,0.0,0.0,-24,26.0,2026-08-04 20:24:35+00:00,30.0
2026-08-04 20:24:15+00:00,4,4,26,50,10.0,1,26.0,26.0,26.0,26.0,4.0,0.0,0.0,0.0,26.0,26.0,26.0,0.0,0.0,-24,17.0,2026-08-04 20:24:45+00:00,30.0
2026-08-04 20:24:25+00:00,4,4,26,50,10.0,1,26.0,26.0,26.0,26.0,4.0,0.0,0.0,0.0,26.0,26.0,26.0,0.0,0.0,-24,17.0,2026-08-04 20:24:55+00:00,30.0
2026-08-04 20:24:35+00:00,4,4,26,50,10.0,1,26.0,26.0,26.0,26.0,4.0,0.0,0.0,0.0,26.0,26.0,26.0,0.0,0.0,-24,17.0,2026-08-04 20:25:05+00:00,30.0
2026-08-04 20:24:45+00:00,4,4,17,50,10.0,1,26.0,26.0,26.0,26.0,4.0,-9.0,-9.0,-0.3,24.2,26.0,17.0,4.024922359499621,0.0,-33,17.0,2026-08-04 20:25:15+00:00,30.0
2026-08-04 20:24:55+00:00,4,4,17,50,10.0,1,26.0,26.0,26.0,26.0,4.0,-9.0,-9.0,-0.3,24.2,26.0,17.0,4.024922359499621,0.0,-33,17.0,2026-08-04 20:25:25+00:00,30.0
2026-08-04 20:25:05+00:00,4,4,17,50,10.0,1,17.0,26.0,26.0,26.0,4.0,0.0,-9.0,-0.3,22.4,26.0,17.0,4.929503017546495,0.0,-33,17.0,2026-08-04 20:25:35+00:00,30.0
2026-08-04 20:25:15+00:00,4,4,17,50,10.0,1,17.0,17.0,26.0,26.0,4.0,0.0,0.0,0.0,20.6,26.0,17.0,4.929503017546495,0.0,-33,18.0,2026-08-04 20:25:45+00:00,30.0
2026-08-04 20:25:25+00:00,4,4,17,50,10.0,1,17.0,17.0,26.0,26.0,4.0,0.0,0.0,0.0,20.6,26.0,17.0,4.929503017546495,0.0,-33,12.0,2026-08-04 20:25:55+00:00,30.0
2026-08-04 20:25:35+00:00,4,4,17,50,10.0,1,17.0,17.0,17.0,26.0,4.0,0.0,0.0,0.0,18.8,26.0,17.0,4.024922359499621,0.0,-33,12.0,2026-08-04 20:26:05+00:00,30.0
2026-08-04 20:25:45+00:00,4,3,18,50,10.0,1,17.0,17.0,17.0,17.0,4.0,1.0,1.0,0.03333333333333333,17.2,18.0,17.0,0.4472135954999579,0.0,-32,12.0,2026-08-04 20:26:15+00:00,30.0
2026-08-04 20:25:55+00:00,3,3,12,50,10.0,1,17.0,17.0,17.0,17.0,4.0,-5.0,-5.0,-0.16666666666666666,16.0,17.0,12.0,2.23606797749979,-1.0,-38,12.0,2026-08-04 20:26:25+00:00,30.0
2026-08-04 20:26:05+00:00,3,3,12,50,10.0,1,18.0,17.0,17.0,17.0,4.0,-6.0,-5.0,-0.16666666666666666,16.2,18.0,12.0,2.3874672772626644,-1.0,-38,12.0,2026-08-04 20:26:35+00:00,30.0
2026-08-04 20:26:15+00:00,3,3,12,50,10.0,1,12.0,18.0,17.0,17.0,3.0,0.0,-6.0,-0.2,15.2,18.0,12.0,2.949576240750525,0.0,-38,20.0,2026-08-04 20:26:45+00:00,30.0
2026-08-04 20:26:25+00:00,3,3,12,50,10.0,1,12.0,12.0,17.0,17.0,3.0,0.0,0.0,0.0,14.0,17.0,12.0,2.7386127875258306,0.0,-38,20.0,2026-08-04 20:26:55+00:00,30.0
2026-08-04 20:26:35+00:00,3,3,12,50,10.0,1,12.0,12.0,18.0,17.0,3.0,0.0,0.0,0.0,14.2,18.0,12.0,3.0331501776206204,0.0,-38,20.0,2026-08-04 20:27:05+00:00,30.0
2026-08-04 20:26:45+00:00,3,3,20,50,10.0,1,12.0,12.0,12.0,18.0,3.0,8.0,8.0,0.26666666666666666,14.8,20.0,12.0,3.8987177379235853,0.0,-30,20.0,2026-08-04 20:27:15+00:00,30.0
2026-08-04 20:26:55+00:00,3,3,20,50,10.0,1,12.0,12.0,12.0,12.0,3.0,8.0,8.0,0.26666666666666666,13.6,20.0,12.0,3.5777087639996643,0.0,-30,20.0,2026-08-04 20:27:25+00:00,30.0
2026-08-04 20:27:05+00:00,3,3,20,50,10.0,1,20.0,12.0,12.0,12.0,3.0,0.0,8.0,0.26666666666666666,15.2,20.0,12.0,4.381780460041329,0.0,-30,20.0,2026-08-04 20:27:35+00:00,30.0
2026-08-04 20:27:15+00:00,3,3,20,50,10.0,1,20.0,20.0,12.0,12.0,3.0,0.0,0.0,0.0,16.8,20.0,12.0,4.381780460041329,0.0,-30,31.0,2026-08-04 20:27:45+00:00,30.0
2026-08-04 20:27:25+00:00,3,3,20,50,10.0,1,20.0,20.0,12.0,12.0,3.0,0.0,0.0,0.0,16.8,20.0,12.0,4.381780460041329,0.0,-30,31.0,2026-08-04 20:27:55+00:00,30.0
2026-08-04 20:27:35+00:00,3,3,20,50,10.0,1,20.0,20.0,20.0,12.0,3.0,0.0,0.0,0.0,18.4,20.0,12.0,3.5777087639996634,0.0,-30,31.0,2026-08-04 20:28:05+00:00,30.0
2026-08-04 20:27:45+00:00,3,3,31,50,10.0,1,20.0,20.0,20.0,20.0,3.0,11.0,11.0,0.36666666666666664,22.2,31.0,20.0,4.919349550499538,0.0,-19,31.0,2026-08-04 20:28:15+00:00,30.0
2026-08-04 20:27:55+00:00,3,3,31,50,10.0,1,20.0,20.0,20.0,20.0,3.0,11.0,11.0,0.36666666666666664,22.2,31.0,20.0,4.919349550499538,0.0,-19,31.0,2026-08-04 20:28:25+00:00,30.0
2026-08-04 20:28:05+00:00,3,3,31,50,10.0,1,31.0,20.0,20.0,20.0,3.0,0.0,11.0,0.36666666666666664,24.4,31.0,20.0,6.024948132556827,0.0,-19,31.0,2026-08-04 20:28:35+00:00,30.0
2026-08-04 20:28:15+00:00,3,3,31,50,10.0,1,31.0,31.0,20.0,20.0,3.0,0.0,0.0,0.0,26.6,31.0,20.0,6.024948132556827,0.0,-19,63.0,2026-08-04 20:28:45+00:00,30.0
2026-08-04 20:28:25+00:00,3,3,31,50,10.0,1,31.0,31.0,20.0,20.0,3.0,0.0,0.0,0.0,26.6,31.0,20.0,6.024948132556827,0.0,-19,63.0,2026-08-04 20:28:55+00:00,30.0
2026-08-04 20:28:35+00:00,3,3,31,50,10.0,1,31.0,31.0,31.0,20.0,3.0,0.0,0.0,0.0,28.8,31.0,20.0,4.919349550499537,0.0,-19,63.0,2026-08-04 20:29:05+00:00,30.0
2026-08-04 20:28:45+00:00,3,4,63,50,10.0,1,31.0,31.0,31.0,31.0,3.0,32.0,32.0,1.0666666666666667,37.4,63.0,31.0,14.310835055998657,0.0,13,63.0,2026-08-04 20:29:15+00:00,30.0
2026-08-04 20:28:55+00:00,4,4,63,50,10.0,1,31.0,31.0,31.0,31.0,3.0,32.0,32.0,1.0666666666666667,37.4,63.0,31.0,14.310835055998657,1.0,13,63.0,2026-08-04 20:29:25+00:00,30.0
2026-08-04 20:29:05+00:00,4,4,63,50,10.0,1,63.0,31.0,31.0,31.0,3.0,0.0,32.0,1.0666666666666667,43.8,63.0,31.0,17.527121840165314,1.0,13,63.0,2026-08-04 20:29:35+00:00,30.0
2026-08-04 20:29:15+00:00,4,4,63,50,10.0,1,63.0,63.0,31.0,31.0,4.0,0.0,0.0,0.0,50.2,63.0,31.0,17.527121840165314,0.0,13,78.0,2026-08-04 20:29:45+00:00,30.0
2026-08-04 20:29:25+00:00,4,4,63,50,10.0,1,63.0,63.0,31.0,31.0,4.0,0.0,0.0,0.0,50.2,63.0,31.0,17.527121840165314,0.0,13,78.0,2026-08-04 20:29:55+00:00,30.0
2026-08-04 20:29:35+00:00,4,4,63,50,10.0,1,63.0,63.0,63.0,31.0,4.0,0.0,0.0,0.0,56.6,63.0,31.0,14.310835055998654,0.0,13,78.0,2026-08-04 20:30:05+00:00,30.0
2026-08-04 20:29:45+00:00,4,5,78,50,10.0,1,63.0,63.0,63.0,63.0,4.0,15.0,15.0,0.5,66.0,78.0,63.0,6.708203932499369,0.0,28,78.0,2026-08-04 20:30:15+00:00,30.0
2026-08-04 20:29:55+00:00,5,5,78,50,10.0,1,63.0,63.0,63.0,63.0,4.0,15.0,15.0,0.5,66.0,78.0,63.0,6.708203932499369,1.0,28,78.0,2026-08-04 20:30:25+00:00,30.0
2026-08-04 20:30:05+00:00,5,5,78,50,10.0,1,78.0,63.0,63.0,63.0,4.0,0.0,15.0,0.5,69.0,78.0,63.0,8.215838362577491,1.0,28,78.0,2026-08-04 20:30:35+00:00,30.0
2026-08-04 20:30:15+00:00,5,5,78,50,10.0,1,78.0,78.0,63.0,63.0,5.0,0.0,0.0,0.0,72.0,78.0,63.0,8.215838362577491,0.0,28,80.0,2026-08-04 20:30:45+00:00,30.0
2026-08-04 20:30:25+00:00,5,5,78,50,10.0,1,78.0,78.0,63.0,63.0,5.0,0.0,0.0,0.0,72.0,78.0,63.0,8.215838362577491,0.0,28,80.0,2026-08-04 20:30:55+00:00,30.0
2026-08-04 20:30:35+00:00,5,5,78,50,10.0,1,78.0,78.0,78.0,63.0,5.0,0.0,0.0,0.0,75.0,78.0,63.0,6.708203932499369,0.0,28,80.0,2026-08-04 20:31:05+00:00,30.0
2026-08-04 20:30:45+00:00,5,7,80,50,10.0,1,78.0,78.0,78.0,78.0,5.0,2.0,2.0,0.06666666666666667,78.4,80.0,78.0,0.8944271909999159,0.0,30,80.0,2026-08-04 20:31:15+00:00,30.0
2026-08-04 20:30:55+00:00,7,7,80,50,10.0,1,78.0,78.0,78.0,78.0,5.0,2.0,2.0,0.06666666666666667,78.4,80.0,78.0,0.8944271909999159,2.0,30,80.0,2026-08-04 20:31:25+00:00,30.0
2026-08-04 20:31:05+00:00,7,7,80,50,10.0,1,80.0,78.0,78.0,78.0,5.0,0.0,2.0,0.06666666666666667,78.8,80.0,78.0,1.0954451150103321,2.0,30,80.0,2026-08-04 20:31:35+00:00,30.0
2026-08-04 20:31:15+00:00,7,7,80,50,10.0,1,80.0,80.0,78.0,78.0,7.0,0.0,0.0,0.0,79.2,80.0,78.0,1.0954451150103321,0.0,30,65.0,2026-08-04 20:31:45+00:00,30.0
2026-08-04 20:31:25+00:00,7,7,80,50,10.0,1,80.0,80.0,78.0,78.0,7.0,0.0,0.0,0.0,79.2,80.0,78.0,1.0954451150103321,0.0,30,65.0,2026-08-04 20:31:55+00:00,30.0
2026-08-04 20:31:35+00:00,7,7,80,50,10.0,1,80.0,80.0,80.0,78.0,7.0,0.0,0.0,0.0,79.6,80.0,78.0,0.8944271909999159,0.0,30,65.0,2026-08-04 20:32:05+00:00,30.0
2026-08-04 20:31:45+00:00,7,10,65,50,10.0,1,80.0,80.0,80.0,80.0,7.0,-15.0,-15.0,-0.5,77.0,80.0,65.0,6.708203932499369,0.0,15,65.0,2026-08-04 20:32:15+00:00,30.0
2026-08-04 20:31:55+00:00,10,10,65,50,10.0,1,80.0,80.0,80.0,80.0,7.0,-15.0,-15.0,-0.5,77.0,80.0,65.0,6.708203932499369,3.0,15,65.0,2026-08-04 20:32:25+00:00,30.0
2026-08-04 20:32:05+00:00,10,10,65,50,10.0,1,65.0,80.0,80.0,80.0,7.0,0.0,-15.0,-0.5,74.0,80.0,65.0,8.215838362577491,3.0,15,65.0,2026-08-04 20:32:35+00:00,30.0
2026-08-04 20:32:15+00:00,10,10,65,50,10.0,1,65.0,65.0,80.0,80.0,10.0,0.0,0.0,0.0,71.0,80.0,65.0,8.215838362577491,0.0,15,58.0,2026-08-04 20:32:45+00:00,30.0
2026-08-04 20:32:25+00:00,10,10,65,50,10.0,1,65.0,65.0,80.0,80.0,10.0,0.0,0.0,0.0,71.0,80.0,65.0,8.215838362577491,0.0,15,58.0,2026-08-04 20:32:55+00:00,30.0
2026-08-04 20:32:35+00:00,10,10,65,50,10.0,1,65.0,65.0,65.0,80.0,10.0,0.0,0.0,0.0,68.0,80.0,65.0,6.708203932499369,0.0,15,58.0,2026-08-04 20:33:05+00:00,30.0
2026-08-04 20:32:45+00:00,10,10,58,50,10.0,1,65.0,65.0,65.0,65.0,10.0,-7.0,-7.0,-0.23333333333333334,63.6,65.0,58.0,3.1304951684997055,0.0,8,58.0,2026-08-04 20:33:15+00:00,30.0
2026-08-04 20:32:55+00:00,10,10,58,50,10.0,1,65.0,65.0,65.0,65.0,10.0,-7.0,-7.0,-0.23333333333333334,63.6,65.0,58.0,3.1304951684997055,0.0,8,58.0,2026-08-04 20:33:25+00:00,30.0
2026-08-04 20:33:05+00:00,10,10,58,50,10.0,1,58.0,65.0,65.0,65.0,10.0,0.0,-7.0,-0.23333333333333334,62.2,65.0,58.0,3.8340579025361627,0.0,8,58.0,2026-08-04 20:33:35+00:00,30.0
2026-08-04 20:33:15+00:00,10,10,58,50,10.0,1,58.0,58.0,65.0,65.0,10.0,0.0,0.0,0.0,60.8,65.0,58.0,3.834057902536163,0.0,8,31.0,2026-08-04 20:33:45+00:00,30.0
2026-08-04 20:33:25+00:00,10,10,58,50,10.0,1,58.0,58.0,65.0,65.0,10.0,0.0,0.0,0.0,60.8,65.0,58.0,3.834057902536163,0.0,8,31.0,2026-08-04 20:33:55+00:00,30.0
2026-08-04 20:33:35+00:00,10,10,58,50,10.0,1,58.0,58.0,58.0,65.0,10.0,0.0,0.0,0.0,59.4,65.0,58.0,3.1304951684997055,0.0,8,31.0,2026-08-04 20:34:05+00:00,30.0
2026-08-04 20:33:45+00:00,10,10,31,50,10.0,1,58.0,58.0,58.0,58.0,10.0,-27.0,-27.0,-0.9,52.6,58.0,31.0,12.074767078498864,0.0,-19,31.0,2026-08-04 20:34:15+00:00,30.0
2026-08-04 20:33:55+00:00,10,10,31,50,10.0,1,58.0,58.0,58.0,58.0,10.0,-27.0,-27.0,-0.9,52.6,58.0,31.0,12.074767078498864,0.0,-19,31.0,2026-08-04 20:34:25+00:00,30.0
2026-08-04 20:34:05+00:00,10,10,31,50,10.0,1,31.0,58.0,58.0,58.0,10.0,0.0,-27.0,-0.9,47.2,58.0,31.0,14.788509052639487,0.0,-19,31.0,2026-08-04 20:34:35+00:00,30.0
2026-08-04 20:34:15+00:00,10,10,31,50,10.0,1,31.0,31.0,58.0,58.0,10.0,0.0,0.0,0.0,41.8,58.0,31.0,14.788509052639485,0.0,-19,23.0,2026-08-04 20:34:45+00:00,30.0
2026-08-04 20:34:25+00:00,10,10,31,50,10.0,1,31.0,31.0,58.0,58.0,10.0,0.0,0.0,0.0,41.8,58.0,31.0,14.788509052639485,0.0,-19,23.0,2026-08-04 20:34:55+00:00,30.0
2026-08-04 20:34:35+00:00,10,10,31,50,10.0,1,31.0,31.0,31.0,58.0,10.0,0.0,0.0,0.0,36.4,58.0,31.0,12.074767078498866,0.0,-19,23.0,2026-08-04 20:35:05+00:00,30.0
2026-08-04 20:34:45+00:00,10,10,23,50,10.0,1,31.0,31.0,31.0,31.0,10.0,-8.0,-8.0,-0.26666666666666666,29.4,31.0,23.0,3.577708763999663,0.0,-27,23.0,2026-08-04 20:35:15+00:00,30.0
2026-08-04 20:34:55+00:00,10,10,23,50,10.0,1,31.0,31.0,31.0,31.0,10.0,-8.0,-8.0,-0.26666666666666666,29.4,31.0,23.0,3.577708763999663,0.0,-27,23.0,2026-08-04 20:35:25+00:00,30.0
2026-08-04 20:35:05+00:00,10,10,23,50,10.0,1,23.0,31.0,31.0,31.0,10.0,0.0,-8.0,-0.26666666666666666,27.8,31.0,23.0,4.381780460041329,0.0,-27,23.0,2026-08-04 20:35:35+00:00,30.0
2026-08-04 20:35:15+00:00,10,10,23,50,10.0,1,23.0,23.0,31.0,31.0,10.0,0.0,0.0,0.0,26.2,31.0,23.0,4.381780460041329,0.0,-27,13.0,2026-08-04 20:35:45+00:00,30.0
2026-08-04 20:35:25+00:00,10,10,23,50,10.0,1,23.0,23.0,31.0,31.0,10.0,0.0,0.0,0.0,26.2,31.0,23.0,4.381780460041329,0.0,-27,13.0,2026-08-04 20:35:55+00:00,30.0
2026-08-04 20:35:35+00:00,10,10,23,50,10.0,1,23.0,23.0,23.0,31.0,10.0,0.0,0.0,0.0,24.6,31.0,23.0,3.5777087639996634,0.0,-27,13.0,2026-08-04 20:36:05+00:00,30.0
2026-08-04 20:35:45+00:00,10,10,13,50,10.0,1,23.0,23.0,23.0,23.0,10.0,-10.0,-10.0,-0.3333333333333333,21.0,23.0,13.0,4.47213595499958,0.0,-37,13.0,2026-08-04 20:36:15+00:00,30.0
2026-08-04 20:35:55+00:00,10,10,13,50,10.0,1,23.0,23.0,23.0,23.0,10.0,-10.0,-10.0,-0.3333333333333333,21.0,23.0,13.0,4.47213595499958,0.0,-37,13.0,2026-08-04 20:36:25+00:00,30.0
2026-08-04 20:36:05+00:00,10,10,13,50,10.0,1,13.0,23.0,23.0,23.0,10.0,0.0,-10.0,-0.3333333333333333,19.0,23.0,13.0,5.477225575051661,0.0,-37,13.0,2026-08-04 20:36:35+00:00,30.0
2026-08-04 20:36:15+00:00,10,10,13,50,10.0,1,13.0,13.0,23.0,23.0,10.0,0.0,0.0,0.0,17.0,23.0,13.0,5.477225575051661,0.0,-37,6.0,2026-08-04 20:36:45+00:00,30.0
2026-08-04 20:36:25+00:00,10,10,13,50,10.0,1,13.0,13.0,23.0,23.0,10.0,0.0,0.0,0.0,17.0,23.0,13.0,5.477225575051661,0.0,-37,6.0,2026-08-04 20:36:55+00:00,30.0
2026-08-04 20:36:35+00:00,10,10,13,50,10.0,1,13.0,13.0,13.0,23.0,10.0,0.0,0.0,0.0,15.0,23.0,13.0,4.47213595499958,0.0,-37,6.0,2026-08-04 20:37:05+00:00,30.0
2026-08-04 20:36:45+00:00,10,10,6,50,10.0,1,13.0,13.0,13.0,13.0,10.0,-7.0,-7.0,-0.23333333333333334,11.6,13.0,6.0,3.1304951684997055,0.0,-44,6.0,2026-08-04 20:37:15+00:00,30.0
2026-08-04 20:36:55+00:00,10,10,6,50,10.0,1,13.0,13.0,13.0,13.0,10.0,-7.0,-7.0,-0.23333333333333334,11.6,13.0,6.0,3.1304951684997055,0.0,-44,6.0,2026-08-04 20:37:25+00:00,30.0
2026-08-04 20:37:05+00:00,10,10,6,50,10.0,1,6.0,13.0,13.0,13.0,10.0,0.0,-7.0,-0.23333333333333334,10.2,13.0,6.0,3.8340579025361627,0.0,-44,6.0,2026-08-04 20:37:35+00:00,30.0
2026-08-04 20:37:15+00:00,10,10,6,50,10.0,1,6.0,6.0,13.0,13.0,10.0,0.0,0.0,0.0,8.8,13.0,6.0,3.8340579025361627,0.0,-44,3.0,2026-08-04 20:37:45+00:00,30.0
2026-08-04 20:37:25+00:00,10,10,6,50,10.0,1,6.0,6.0,13.0,13.0,10.0,0.0,0.0,0.0,8.8,13.0,6.0,3.8340579025361627,0.0,-44,3.0,2026-08-04 20:37:55+00:00,30.0
2026-08-04 20:37:35+00:00,10,10,6,50,10.0,1,6.0,6.0,6.0,13.0,10.0,0.0,0.0,0.0,7.4,13.0,6.0,3.1304951684997055,0.0,-44,3.0,2026-08-04 20:38:05+00:00,30.0
2026-08-04 20:37:45+00:00,10,10,3,50,10.0,1,6.0,6.0,6.0,6.0,10.0,-3.0,-3.0,-0.1,5.4,6.0,3.0,1.3416407864998738,0.0,-47,3.0,2026-08-04 20:38:15+00:00,30.0
2026-08-04 20:37:55+00:00,10,10,3,50,10.0,1,6.0,6.0,6.0,6.0,10.0,-3.0,-3.0,-0.1,5.4,6.0,3.0,1.3416407864998738,0.0,-47,3.0,2026-08-04 20:38:25+00:00,30.0
2026-08-04 20:38:05+00:00,10,10,3,50,10.0,1,3.0,6.0,6.0,6.0,10.0,0.0,-3.0,-0.1,4.8,6.0,3.0,1.6431676725154984,0.0,-47,3.0,2026-08-04 20:38:35+00:00,30.0
2026-08-04 20:38:15+00:00,10,10,3,50,10.0,1,3.0,3.0,6.0,6.0,10.0,0.0,0.0,0.0,4.2,6.0,3.0,1.6431676725154984,0.0,-47,5.0,2026-08-04 20:38:45+00:00,30.0
2026-08-04 20:38:25+00:00,10,7,3,50,10.0,1,3.0,3.0,6.0,6.0,10.0,0.0,0.0,0.0,4.2,6.0,3.0,1.6431676725154984,0.0,-47,5.0,2026-08-04 20:38:55+00:00,30.0
2026-08-04 20:38:35+00:00,10,7,3,50,10.0,1,3.0,3.0,3.0,6.0,10.0,0.0,0.0,0.0,3.6,6.0,3.0,1.3416407864998738,0.0,-47,5.0,2026-08-04 20:39:05+00:00,30.0
2026-08-04 20:38:45+00:00,7,7,5,50,10.0,1,3.0,3.0,3.0,3.0,10.0,2.0,2.0,0.06666666666666667,3.4,5.0,3.0,0.8944271909999161,-3.0,-45,5.0,2026-08-04 20:39:15+00:00,30.0
2026-08-04 20:38:55+00:00,7,7,5,50,10.0,1,3.0,3.0,3.0,3.0,10.0,2.0,2.0,0.06666666666666667,3.4,5.0,3.0,0.8944271909999161,-3.0,-45,5.0,2026-08-04 20:39:25+00:00,30.0
2026-08-04 20:39:05+00:00,7,7,5,50,10.0,1,5.0,3.0,3.0,3.0,7.0,0.0,2.0,0.06666666666666667,3.8,5.0,3.0,1.0954451150103321,0.0,-45,5.0,2026-08-04 20:39:35+00:00,30.0
2026-08-04 20:39:15+00:00,7,7,5,50,10.0,1,5.0,5.0,3.0,3.0,7.0,0.0,0.0,0.0,4.2,5.0,3.0,1.0954451150103321,0.0,-45,7.0,2026-08-04 20:39:45+00:00,30.0
2026-08-04 20:39:25+00:00,7,5,5,50,10.0,1,5.0,5.0,3.0,3.0,7.0,0.0,0.0,0.0,4.2,5.0,3.0,1.0954451150103321,0.0,-45,7.0,2026-08-04 20:39:55+00:00,30.0
2026-08-04 20:39:35+00:00,7,5,5,50,10.0,1,5.0,5.0,5.0,3.0,7.0,0.0,0.0,0.0,4.6,5.0,3.0,0.8944271909999159,0.0,-45,7.0,2026-08-04 20:40:05+00:00,30.0
2026-08-04 20:39:45+00:00,5,5,7,50,10.0,1,5.0,5.0,5.0,5.0,7.0,2.0,2.0,0.06666666666666667,5.4,7.0,5.0,0.8944271909999157,-2.0,-43,7.0,2026-08-04 20:40:15+00:00,30.0
2026-08-04 20:39:55+00:00,5,5,7,50,10.0,1,5.0,5.0,5.0,5.0,7.0,2.0,2.0,0.06666666666666667,5.4,7.0,5.0,0.8944271909999157,-2.0,-43,7.0,2026-08-04 20:40:25+00:00,30.0
2026-08-04 20:40:05+00:00,5,5,7,50,10.0,1,7.0,5.0,5.0,5.0,5.0,0.0,2.0,0.06666666666666667,5.8,7.0,5.0,1.0954451150103321,0.0,-43,7.0,2026-08-04 20:40:35+00:00,30.0
2026-08-04 20:40:15+00:00,5,5,7,50,10.0,1,7.0,7.0,5.0,5.0,5.0,0.0,0.0,0.0,6.2,7.0,5.0,1.0954451150103321,0.0,-43,12.0,2026-08-04 20:40:45+00:00,30.0
2026-08-04 20:40:25+00:00,5,5,7,50,10.0,1,7.0,7.0,5.0,5.0,5.0,0.0,0.0,0.0,6.2,7.0,5.0,1.0954451150103321,0.0,-43,12.0,2026-08-04 20:40:55+00:00,30.0
2026-08-04 20:40:35+00:00,5,3,7,50,10.0,1,7.0,7.0,7.0,5.0,5.0,0.0,0.0,0.0,6.6,7.0,5.0,0.8944271909999159,0.0,-43,12.0,2026-08-04 20:41:05+00:00,30.0
2026-08-04 20:40:45+00:00,3,3,12,50,10.0,1,7.0,7.0,7.0,7.0,5.0,5.0,5.0,0.16666666666666666,8.0,12.0,7.0,2.23606797749979,-2.0,-38,12.0,2026-08-04 20:41:15+00:00,30.0
2026-08-04 20:40:55+00:00,3,3,12,50,10.0,1,7.0,7.0,7.0,7.0,5.0,5.0,5.0,0.16666666666666666,8.0,12.0,7.0,2.23606797749979,-2.0,-38,12.0,2026-08-04 20:41:25+00:00,30.0
2026-08-04 20:41:05+00:00,3,3,12,50,10.0,1,12.0,7.0,7.0,7.0,3.0,0.0,5.0,0.16666666666666666,9.0,12.0,7.0,2.7386127875258306,0.0,-38,12.0,2026-08-04 20:41:35+00:00,30.0
2026-08-04 20:41:15+00:00,3,3,12,50,10.0,1,12.0,12.0,7.0,7.0,3.0,0.0,0.0,0.0,10.0,12.0,7.0,2.7386127875258306,0.0,-38,19.0,2026-08-04 20:41:45+00:00,30.0
2026-08-04 20:41:25+00:00,3,3,12,50,10.0,1,12.0,12.0,7.0,7.0,3.0,0.0,0.0,0.0,10.0,12.0,7.0,2.7386127875258306,0.0,-38,19.0,2026-08-04 20:41:55+00:00,30.0
2026-08-04 20:41:35+00:00,3,2,12,50,10.0,1,12.0,12.0,12.0,7.0,3.0,0.0,0.0,0.0,11.0,12.0,7.0,2.23606797749979,0.0,-38,19.0,2026-08-04 20:42:05+00:00,30.0
2026-08-04 20:41:45+00:00,2,2,19,50,10.0,1,12.0,12.0,12.0,12.0,3.0,7.0,7.0,0.23333333333333334,13.4,19.0,12.0,3.1304951684997055,-1.0,-31,19.0,2026-08-04 20:42:15+00:00,30.0
2026-08-04 20:41:55+00:00,2,2,19,50,10.0,1,12.0,12.0,12.0,12.0,3.0,7.0,7.0,0.23333333333333334,13.4,19.0,12.0,3.1304951684997055,-1.0,-31,19.0,2026-08-04 20:42:25+00:00,30.0
2026-08-04 20:42:05+00:00,2,2,19,50,10.0,1,19.0,12.0,12.0,12.0,2.0,0.0,7.0,0.23333333333333334,14.8,19.0,12.0,3.8340579025361627,0.0,-31,19.0,2026-08-04 20:42:35+00:00,30.0
2026-08-04 20:42:15+00:00,2,2,19,50,10.0,1,19.0,19.0,12.0,12.0,2.0,0.0,0.0,0.0,16.2,19.0,12.0,3.8340579025361627,0.0,-31,36.0,2026-08-04 20:42:45+00:00,30.0
2026-08-04 20:42:25+00:00,2,2,19,50,10.0,1,19.0,19.0,12.0,12.0,2.0,0.0,0.0,0.0,16.2,19.0,12.0,3.8340579025361627,0.0,-31,36.0,2026-08-04 20:42:55+00:00,30.0
2026-08-04 20:42:35+00:00,2,1,19,50,10.0,1,19.0,19.0,19.0,12.0,2.0,0.0,0.0,0.0,17.6,19.0,12.0,3.1304951684997055,0.0,-31,36.0,2026-08-04 20:43:05+00:00,30.0
2026-08-04 20:42:45+00:00,1,1,36,50,10.0,1,19.0,19.0,19.0,19.0,2.0,17.0,17.0,0.5666666666666667,22.4,36.0,19.0,7.602631123499286,-1.0,-14,36.0,2026-08-04 20:43:15+00:00,30.0
2026-08-04 20:42:55+00:00,1,1,36,50,10.0,1,19.0,19.0,19.0,19.0,2.0,17.0,17.0,0.5666666666666667,22.4,36.0,19.0,7.602631123499286,-1.0,-14,36.0,2026-08-04 20:43:25+00:00,30.0
2026-08-04 20:43:05+00:00,1,1,36,50,10.0,1,36.0,19.0,19.0,19.0,1.0,0.0,17.0,0.5666666666666667,25.8,36.0,19.0,9.311283477587825,0.0,-14,36.0,2026-08-04 20:43:35+00:00,30.0
2026-08-04 20:43:15+00:00,1,1,36,50,10.0,1,36.0,36.0,19.0,19.0,1.0,0.0,0.0,0.0,29.2,36.0,19.0,9.311283477587825,0.0,-14,36.0,2026-08-04 20:43:45+00:00,30.0
2026-08-04 20:43:25+00:00,1,1,36,50,10.0,1,36.0,36.0,19.0,19.0,1.0,0.0,0.0,0.0,29.2,36.0,19.0,9.311283477587825,0.0,-14,36.0,2026-08-04 20:43:55+00:00,30.0
2026-08-04 20:43:35+00:00,1,1,36,50,10.0,1,36.0,36.0,36.0,19.0,1.0,0.0,0.0,0.0,32.6,36.0,19.0,7.602631123499285,0.0,-14,36.0,2026-08-04 20:44:05+00:00,30.0
2026-08-04 20:43:45+00:00,1,1,36,50,10.0,1,36.0,36.0,36.0,36.0,1.0,0.0,0.0,0.0,36.0,36.0,36.0,0.0,0.0,-14,36.0,2026-08-04 20:44:15+00:00,30.0
2026-08-04 20:43:55+00:00,1,1,36,50,10.0,1,36.0,36.0,36.0,36.0,1.0,0.0,0.0,0.0,36.0,36.0,36.0,0.0,0.0,-14,36.0,2026-08-04 20:44:25+00:00,30.0
2026-08-04 20:44:05+00:00,1,1,36,50,10.0,1,36.0,36.0,36.0,36.0,1.0,0.0,0.0,0.0,36.0,36.0,36.0,0.0,0.0,-14,36.0,2026-08-04 20:44:35+00:00,30.0
2026-08-04 20:44:15+00:00,1,1,36,50,10.0,1,36.0,36.0,36.0,36.0,1.0,0.0,0.0,0.0,36.0,36.0,36.0,0.0,0.0,-14,36.0,2026-08-04 20:44:45+00:00,30.0
2026-08-04 20:44:25+00:00,1,1,36,50,10.0,1,36.0,36.0,36.0,36.0,1.0,0.0,0.0,0.0,36.0,36.0,36.0,0.0,0.0,-14,36.0,2026-08-04 20:44:55+00:00,30.0
2026-08-04 20:44:35+00:00,1,1,36,50,10.0,1,36.0,36.0,36.0,36.0,1.0,0.0,0.0,0.0,36.0,36.0,36.0,0.0,0.0,-14,36.0,2026-08-04 20:45:05+00:00,30.0
2026-08-04 20:44:45+00:00,1,1,36,50,10.0,1,36.0,36.0,36.0,36.0,1.0,0.0,0.0,0.0,36.0,36.0,36.0,0.0,0.0,-14,36.0,2026-08-04 20:45:15+00:00,30.0
2026-08-04 20:44:55+00:00,1,1,36,50,10.0,1,36.0,36.0,36.0,36.0,1.0,0.0,0.0,0.0,36.0,36.0,36.0,0.0,0.0,-14,36.0,2026-08-04 20:45:25+00:00,30.0
2026-08-04 20:45:05+00:00,1,1,36,50,10.0,1,36.0,36.0,36.0,36.0,1.0,0.0,0.0,0.0,36.0,36.0,36.0,0.0,0.0,-14,36.0,2026-08-04 20:45:35+00:00,30.0
2026-08-04 20:45:15+00:00,1,1,36,50,10.0,1,36.0,36.0,36.0,36.0,1.0,0.0,0.0,0.0,36.0,36.0,36.0,0.0,0.0,-14,36.0,2026-08-04 20:45:45+00:00,30.0
2026-08-04 20:45:25+00:00,1,1,36,50,10.0,1,36.0,36.0,36.0,36.0,1.0,0.0,0.0,0.0,36.0,36.0,36.0,0.0,0.0,-14,36.0,2026-08-04 20:45:55+00:00,30.0
2026-08-04 20:45:35+00:00,1,1,36,50,10.0,1,36.0,36.0,36.0,36.0,1.0,0.0,0.0,0.0,36.0,36.0,36.0,0.0,0.0,-14,36.0,2026-08-04 20:46:05+00:00,30.0
2026-08-04 20:45:45+00:00,1,1,36,50,10.0,1,36.0,36.0,36.0,36.0,1.0,0.0,0.0,0.0,36.0,36.0,36.0,0.0,0.0,-14,36.0,2026-08-04 20:46:15+00:00,30.0
2026-08-04 20:45:55+00:00,1,1,36,50,10.0,1,36.0,36.0,36.0,36.0,1.0,0.0,0.0,0.0,36.0,36.0,36.0,0.0,0.0,-14,36.0,2026-08-04 20:46:25+00:00,30.0
2026-08-04 20:46:05+00:00,1,1,36,50,10.0,1,36.0,36.0,36.0,36.0,1.0,0.0,0.0,0.0,36.0,36.0,36.0,0.0,0.0,-14,36.0,2026-08-04 20:46:35+00:00,30.0
2026-08-04 20:46:15+00:00,1,1,36,50,10.0,1,36.0,36.0,36.0,36.0,1.0,0.0,0.0,0.0,36.0,36.0,36.0,0.0,0.0,-14,35.0,2026-08-04 20:46:45+00:00,30.0
2026-08-04 20:46:25+00:00,1,1,36,50,10.0,1,36.0,36.0,36.0,36.0,1.0,0.0,0.0,0.0,36.0,36.0,36.0,0.0,0.0,-14,35.0,2026-08-04 20:46:55+00:00,30.0
2026-08-04 20:46:35+00:00,1,1,36,50,10.0,1,36.0,36.0,36.0,36.0,1.0,0.0,0.0,0.0,36.0,36.0,36.0,0.0,0.0,-14,35.0,2026-08-04 20:47:05+00:00,30.0
2026-08-04 20:46:45+00:00,1,1,35,50,10.0,1,36.0,36.0,36.0,36.0,1.0,-1.0,-1.0,-0.03333333333333333,35.8,36.0,35.0,0.4472135954999579,0.0,-15,35.0,2026-08-04 20:47:15+00:00,30.0
2026-08-04 20:46:55+00:00,1,1,35,50,10.0,1,36.0,36.0,36.0,36.0,1.0,-1.0,-1.0,-0.03333333333333333,35.8,36.0,35.0,0.4472135954999579,0.0,-15,35.0,2026-08-04 20:47:25+00:00,30.0
2026-08-04 20:47:05+00:00,1,1,35,50,10.0,1,35.0,36.0,36.0,36.0,1.0,0.0,-1.0,-0.03333333333333333,35.6,36.0,35.0,0.5477225575051661,0.0,-15,35.0,2026-08-04 20:47:35+00:00,30.0
2026-08-04 20:47:15+00:00,1,1,35,50,10.0,1,35.0,35.0,36.0,36.0,1.0,0.0,0.0,0.0,35.4,36.0,35.0,0.5477225575051661,0.0,-15,36.0,2026-08-04 20:47:45+00:00,30.0
2026-08-04 20:47:25+00:00,1,1,35,50,10.0,1,35.0,35.0,36.0,36.0,1.0,0.0,0.0,0.0,35.4,36.0,35.0,0.5477225575051661,0.0,-15,36.0,2026-08-04 20:47:55+00:00,30.0
2026-08-04 20:47:35+00:00,1,1,35,50,10.0,1,35.0,35.0,35.0,36.0,1.0,0.0,0.0,0.0,35.2,36.0,35.0,0.4472135954999579,0.0,-15,36.0,2026-08-04 20:48:05+00:00,30.0
2026-08-04 20:47:45+00:00,1,1,36,50,10.0,1,35.0,35.0,35.0,35.0,1.0,1.0,1.0,0.03333333333333333,35.2,36.0,35.0,0.4472135954999579,0.0,-14,36.0,2026-08-04 20:48:15+00:00,30.0
2026-08-04 20:47:55+00:00,1,1,36,50,10.0,1,35.0,35.0,35.0,35.0,1.0,1.0,1.0,0.03333333333333333,35.2,36.0,35.0,0.4472135954999579,0.0,-14,36.0,2026-08-04 20:48:25+00:00,30.0
2026-08-04 20:48:05+00:00,1,1,36,50,10.0,1,36.0,35.0,35.0,35.0,1.0,0.0,1.0,0.03333333333333333,35.4,36.0,35.0,0.5477225575051661,0.0,-14,36.0,2026-08-04 20:48:35+00:00,30.0
2026-08-04 20:48:15+00:00,1,1,36,50,10.0,1,36.0,36.0,35.0,35.0,1.0,0.0,0.0,0.0,35.6,36.0,35.0,0.5477225575051661,0.0,-14,35.0,2026-08-04 20:48:45+00:00,30.0
2026-08-04 20:48:25+00:00,1,1,36,50,10.0,1,36.0,36.0,35.0,35.0,1.0,0.0,0.0,0.0,35.6,36.0,35.0,0.5477225575051661,0.0,-14,35.0,2026-08-04 20:48:55+00:00,30.0
2026-08-04 20:48:35+00:00,1,1,36,50,10.0,1,36.0,36.0,36.0,35.0,1.0,0.0,0.0,0.0,35.8,36.0,35.0,0.4472135954999579,0.0,-14,35.0,2026-08-04 20:49:05+00:00,30.0
2026-08-04 20:48:45+00:00,1,1,35,50,10.0,1,36.0,36.0,36.0,36.0,1.0,-1.0,-1.0,-0.03333333333333333,35.8,36.0,35.0,0.4472135954999579,0.0,-15,35.0,2026-08-04 20:49:15+00:00,30.0
2026-08-04 20:48:55+00:00,1,1,35,50,10.0,1,36.0,36.0,36.0,36.0,1.0,-1.0,-1.0,-0.03333333333333333,35.8,36.0,35.0,0.4472135954999579,0.0,-15,35.0,2026-08-04 20:49:25+00:00,30.0
2026-08-04 20:49:05+00:00,1,1,35,50,10.0,1,35.0,36.0,36.0,36.0,1.0,0.0,-1.0,-0.03333333333333333,35.6,36.0,35.0,0.5477225575051661,0.0,-15,35.0,2026-08-04 20:49:35+00:00,30.0
2026-08-04 20:49:15+00:00,1,1,35,50,10.0,1,35.0,35.0,36.0,36.0,1.0,0.0,0.0,0.0,35.4,36.0,35.0,0.5477225575051661,0.0,-15,37.0,2026-08-04 20:49:45+00:00,30.0
2026-08-04 20:49:25+00:00,1,1,35,50,10.0,1,35.0,35.0,36.0,36.0,1.0,0.0,0.0,0.0,35.4,36.0,35.0,0.5477225575051661,0.0,-15,37.0,2026-08-04 20:49:55+00:00,30.0
2026-08-04 20:49:35+00:00,1,1,35,50,10.0,1,35.0,35.0,35.0,36.0,1.0,0.0,0.0,0.0,35.2,36.0,35.0,0.4472135954999579,0.0,-15,37.0,2026-08-04 20:50:05+00:00,30.0
2026-08-04 20:49:45+00:00,1,1,37,50,10.0,1,35.0,35.0,35.0,35.0,1.0,2.0,2.0,0.06666666666666667,35.4,37.0,35.0,0.8944271909999159,0.0,-13,37.0,2026-08-04 20:50:15+00:00,30.0
2026-08-04 20:49:55+00:00,1,1,37,50,10.0,1,35.0,35.0,35.0,35.0,1.0,2.0,2.0,0.06666666666666667,35.4,37.0,35.0,0.8944271909999159,0.0,-13,37.0,2026-08-04 20:50:25+00:00,30.0
2026-08-04 20:50:05+00:00,1,1,37,50,10.0,1,37.0,35.0,35.0,35.0,1.0,0.0,2.0,0.06666666666666667,35.8,37.0,35.0,1.0954451150103321,0.0,-13,37.0,2026-08-04 20:50:35+00:00,30.0
2026-08-04 20:50:15+00:00,1,1,37,50,10.0,1,37.0,37.0,35.0,35.0,1.0,0.0,0.0,0.0,36.2,37.0,35.0,1.0954451150103321,0.0,-13,36.0,2026-08-04 20:50:45+00:00,30.0
2026-08-04 20:50:25+00:00,1,1,37,50,10.0,1,37.0,37.0,35.0,35.0,1.0,0.0,0.0,0.0,36.2,37.0,35.0,1.0954451150103321,0.0,-13,36.0,2026-08-04 20:50:55+00:00,30.0
2026-08-04 20:50:35+00:00,1,1,37,50,10.0,1,37.0,37.0,37.0,35.0,1.0,0.0,0.0,0.0,36.6,37.0,35.0,0.8944271909999159,0.0,-13,36.0,2026-08-04 20:51:05+00:00,30.0
2026-08-04 20:50:45+00:00,1,1,36,50,10.0,1,37.0,37.0,37.0,37.0,1.0,-1.0,-1.0,-0.03333333333333333,36.8,37.0,36.0,0.4472135954999579,0.0,-14,36.0,2026-08-04 20:51:15+00:00,30.0
2026-08-04 20:50:55+00:00,1,1,36,50,10.0,1,37.0,37.0,37.0,37.0,1.0,-1.0,-1.0,-0.03333333333333333,36.8,37.0,36.0,0.4472135954999579,0.0,-14,36.0,2026-08-04 20:51:25+00:00,30.0
2026-08-04 20:51:05+00:00,1,1,36,50,10.0,1,36.0,37.0,37.0,37.0,1.0,0.0,-1.0,-0.03333333333333333,36.6,37.0,36.0,0.5477225575051661,0.0,-14,36.0,2026-08-04 20:51:35+00:00,30.0
2026-08-04 20:51:15+00:00,1,1,36,50,10.0,1,36.0,36.0,37.0,37.0,1.0,0.0,0.0,0.0,36.4,37.0,36.0,0.5477225575051661,0.0,-14,50.0,2026-08-04 20:51:45+00:00,30.0
2026-08-04 20:51:25+00:00,1,1,36,50,10.0,1,36.0,36.0,37.0,37.0,1.0,0.0,0.0,0.0,36.4,37.0,36.0,0.5477225575051661,0.0,-14,50.0,2026-08-04 20:51:55+00:00,30.0
2026-08-04 20:51:35+00:00,1,1,36,50,10.0,1,36.0,36.0,36.0,37.0,1.0,0.0,0.0,0.0,36.2,37.0,36.0,0.4472135954999579,0.0,-14,50.0,2026-08-04 20:52:05+00:00,30.0
2026-08-04 20:51:45+00:00,1,1,50,50,10.0,1,36.0,36.0,36.0,36.0,1.0,14.0,14.0,0.4666666666666667,38.8,50.0,36.0,6.260990336999411,0.0,0,50.0,2026-08-04 20:52:15+00:00,30.0
2026-08-04 20:51:55+00:00,1,1,50,50,10.0,1,36.0,36.0,36.0,36.0,1.0,14.0,14.0,0.4666666666666667,38.8,50.0,36.0,6.260990336999411,0.0,0,50.0,2026-08-04 20:52:25+00:00,30.0
2026-08-04 20:52:05+00:00,1,1,50,50,10.0,1,50.0,36.0,36.0,36.0,1.0,0.0,14.0,0.4666666666666667,41.6,50.0,36.0,7.6681158050723255,0.0,0,50.0,2026-08-04 20:52:35+00:00,30.0
2026-08-04 20:52:15+00:00,1,1,50,50,10.0,1,50.0,50.0,36.0,36.0,1.0,0.0,0.0,0.0,44.4,50.0,36.0,7.6681158050723255,0.0,0,71.0,2026-08-04 20:52:45+00:00,30.0
2026-08-04 20:52:25+00:00,1,1,50,50,10.0,1,50.0,50.0,36.0,36.0,1.0,0.0,0.0,0.0,44.4,50.0,36.0,7.6681158050723255,0.0,0,71.0,2026-08-04 20:52:55+00:00,30.0
2026-08-04 20:52:35+00:00,1,1,50,50,10.0,1,50.0,50.0,50.0,36.0,1.0,0.0,0.0,0.0,47.2,50.0,36.0,6.260990336999411,0.0,0,71.0,2026-08-04 20:53:05+00:00,30.0
2026-08-04 20:52:45+00:00,1,2,71,50,10.0,1,50.0,50.0,50.0,50.0,1.0,21.0,21.0,0.7,54.2,71.0,50.0,9.391485505499118,0.0,21,71.0,2026-08-04 20:53:15+00:00,30.0
2026-08-04 20:52:55+00:00,1,2,71,50,10.0,1,50.0,50.0,50.0,50.0,1.0,21.0,21.0,0.7,54.2,71.0,50.0,9.391485505499118,0.0,21,71.0,2026-08-04 20:53:25+00:00,30.0
2026-08-04 20:53:05+00:00,2,2,71,50,10.0,1,71.0,50.0,50.0,50.0,1.0,0.0,21.0,0.7,58.4,71.0,50.0,11.502173707608488,1.0,21,71.0,2026-08-04 20:53:35+00:00,30.0
2026-08-04 20:53:15+00:00,2,2,71,50,10.0,1,71.0,71.0,50.0,50.0,1.0,0.0,0.0,0.0,62.6,71.0,50.0,11.502173707608488,1.0,21,50.0,2026-08-04 20:53:45+00:00,30.0
2026-08-04 20:53:25+00:00,2,2,71,50,10.0,1,71.0,71.0,50.0,50.0,2.0,0.0,0.0,0.0,62.6,71.0,50.0,11.502173707608488,0.0,21,50.0,2026-08-04 20:53:55+00:00,30.0
2026-08-04 20:53:35+00:00,2,2,71,50,10.0,1,71.0,71.0,71.0,50.0,2.0,0.0,0.0,0.0,66.8,71.0,50.0,9.391485505499118,0.0,21,50.0,2026-08-04 20:54:05+00:00,30.0
2026-08-04 20:53:45+00:00,2,2,50,50,10.0,1,71.0,71.0,71.0,71.0,2.0,-21.0,-21.0,-0.7,66.8,71.0,50.0,9.391485505499118,0.0,0,50.0,2026-08-04 20:54:15+00:00,30.0
2026-08-04 20:53:55+00:00,2,2,50,50,10.0,1,71.0,71.0,71.0,71.0,2.0,-21.0,-21.0,-0.7,66.8,71.0,50.0,9.391485505499118,0.0,0,50.0,2026-08-04 20:54:25+00:00,30.0
2026-08-04 20:54:05+00:00,2,2,50,50,10.0,1,50.0,71.0,71.0,71.0,2.0,0.0,-21.0,-0.7,62.6,71.0,50.0,11.502173707608488,0.0,0,50.0,2026-08-04 20:54:35+00:00,30.0
2026-08-04 20:54:15+00:00,2,2,50,50,10.0,1,50.0,50.0,71.0,71.0,2.0,0.0,0.0,0.0,58.4,71.0,50.0,11.502173707608488,0.0,0,34.0,2026-08-04 20:54:45+00:00,30.0
2026-08-04 20:54:25+00:00,2,2,50,50,10.0,1,50.0,50.0,71.0,71.0,2.0,0.0,0.0,0.0,58.4,71.0,50.0,11.502173707608488,0.0,0,34.0,2026-08-04 20:54:55+00:00,30.0
2026-08-04 20:54:35+00:00,2,2,50,50,10.0,1,50.0,50.0,50.0,71.0,2.0,0.0,0.0,0.0,54.2,71.0,50.0,9.391485505499118,0.0,0,34.0,2026-08-04 20:55:05+00:00,30.0
2026-08-04 20:54:45+00:00,2,2,34,50,10.0,1,50.0,50.0,50.0,50.0,2.0,-16.0,-16.0,-0.5333333333333333,46.8,50.0,34.0,7.155417527999326,0.0,-16,34.0,2026-08-04 20:55:15+00:00,30.0
2026-08-04 20:54:55+00:00,2,2,34,50,10.0,1,50.0,50.0,50.0,50.0,2.0,-16.0,-16.0,-0.5333333333333333,46.8,50.0,34.0,7.155417527999326,0.0,-16,34.0,2026-08-04 20:55:25+00:00,30.0
2026-08-04 20:55:05+00:00,2,2,34,50,10.0,1,34.0,50.0,50.0,50.0,2.0,0.0,-16.0,-0.5333333333333333,43.6,50.0,34.0,8.763560920082657,0.0,-16,34.0,2026-08-04 20:55:35+00:00,30.0
2026-08-04 20:55:15+00:00,2,2,34,50,10.0,1,34.0,34.0,50.0,50.0,2.0,0.0,0.0,0.0,40.4,50.0,34.0,8.763560920082657,0.0,-16,37.0,2026-08-04 20:55:45+00:00,30.0
2026-08-04 20:55:25+00:00,2,2,34,50,10.0,1,34.0,34.0,50.0,50.0,2.0,0.0,0.0,0.0,40.4,50.0,34.0,8.763560920082657,0.0,-16,37.0,2026-08-04 20:55:55+00:00,30.0
2026-08-04 20:55:35+00:00,2,2,34,50,10.0,1,34.0,34.0,34.0,50.0,2.0,0.0,0.0,0.0,37.2,50.0,34.0,7.155417527999327,0.0,-16,37.0,2026-08-04 20:56:05+00:00,30.0
2026-08-04 20:55:45+00:00,2,2,37,50,10.0,1,34.0,34.0,34.0,34.0,2.0,3.0,3.0,0.1,34.6,37.0,34.0,1.341640786499874,0.0,-13,37.0,2026-08-04 20:56:15+00:00,30.0
2026-08-04 20:55:55+00:00,2,2,37,50,10.0,1,34.0,34.0,34.0,34.0,2.0,3.0,3.0,0.1,34.6,37.0,34.0,1.341640786499874,0.0,-13,37.0,2026-08-04 20:56:25+00:00,30.0
2026-08-04 20:56:05+00:00,2,2,37,50,10.0,1,37.0,34.0,34.0,34.0,2.0,0.0,3.0,0.1,35.2,37.0,34.0,1.6431676725154982,0.0,-13,37.0,2026-08-04 20:56:35+00:00,30.0
2026-08-04 20:56:15+00:00,2,2,37,50,10.0,1,37.0,37.0,34.0,34.0,2.0,0.0,0.0,0.0,35.8,37.0,34.0,1.6431676725154984,0.0,-13,44.0,2026-08-04 20:56:45+00:00,30.0
2026-08-04 20:56:25+00:00,2,2,37,50,10.0,1,37.0,37.0,34.0,34.0,2.0,0.0,0.0,0.0,35.8,37.0,34.0,1.6431676725154984,0.0,-13,44.0,2026-08-04 20:56:55+00:00,30.0
2026-08-04 20:56:35+00:00,2,2,37,50,10.0,1,37.0,37.0,37.0,34.0,2.0,0.0,0.0,0.0,36.4,37.0,34.0,1.3416407864998738,0.0,-13,44.0,2026-08-04 20:57:05+00:00,30.0
2026-08-04 20:56:45+00:00,2,2,44,50,10.0,1,37.0,37.0,37.0,37.0,2.0,7.0,7.0,0.23333333333333334,38.4,44.0,37.0,3.1304951684997055,0.0,-6,44.0,2026-08-04 20:57:15+00:00,30.0
2026-08-04 20:56:55+00:00,2,2,44,50,10.0,1,37.0,37.0,37.0,37.0,2.0,7.0,7.0,0.23333333333333334,38.4,44.0,37.0,3.1304951684997055,0.0,-6,44.0,2026-08-04 20:57:25+00:00,30.0
2026-08-04 20:57:05+00:00,2,2,44,50,10.0,1,44.0,37.0,37.0,37.0,2.0,0.0,7.0,0.23333333333333334,39.8,44.0,37.0,3.8340579025361627,0.0,-6,44.0,2026-08-04 20:57:35+00:00,30.0
2026-08-04 20:57:15+00:00,2,2,44,50,10.0,1,44.0,44.0,37.0,37.0,2.0,0.0,0.0,0.0,41.2,44.0,37.0,3.834057902536163,0.0,-6,57.0,2026-08-04 20:57:45+00:00,30.0
2026-08-04 20:57:25+00:00,2,2,44,50,10.0,1,44.0,44.0,37.0,37.0,2.0,0.0,0.0,0.0,41.2,44.0,37.0,3.834057902536163,0.0,-6,57.0,2026-08-04 20:57:55+00:00,30.0
2026-08-04 20:57:35+00:00,2,2,44,50,10.0,1,44.0,44.0,44.0,37.0,2.0,0.0,0.0,0.0,42.6,44.0,37.0,3.1304951684997055,0.0,-6,57.0,2026-08-04 20:58:05+00:00,30.0
2026-08-04 20:57:45+00:00,2,3,57,50,10.0,1,44.0,44.0,44.0,44.0,2.0,13.0,13.0,0.43333333333333335,46.6,57.0,44.0,5.813776741499454,0.0,7,57.0,2026-08-04 20:58:15+00:00,30.0
2026-08-04 20:57:55+00:00,2,3,57,50,10.0,1,44.0,44.0,44.0,44.0,2.0,13.0,13.0,0.43333333333333335,46.6,57.0,44.0,5.813776741499454,0.0,7,57.0,2026-08-04 20:58:25+00:00,30.0
2026-08-04 20:58:05+00:00,3,3,57,50,10.0,1,57.0,44.0,44.0,44.0,2.0,0.0,13.0,0.43333333333333335,49.2,57.0,44.0,7.120393247567159,1.0,7,57.0,2026-08-04 20:58:35+00:00,30.0
2026-08-04 20:58:15+00:00,3,3,57,50,10.0,1,57.0,57.0,44.0,44.0,2.0,0.0,0.0,0.0,51.8,57.0,44.0,7.120393247567159,1.0,7,58.0,2026-08-04 20:58:45+00:00,30.0
2026-08-04 20:58:25+00:00,3,3,57,50,10.0,1,57.0,57.0,44.0,44.0,3.0,0.0,0.0,0.0,51.8,57.0,44.0,7.120393247567159,0.0,7,58.0,2026-08-04 20:58:55+00:00,30.0
2026-08-04 20:58:35+00:00,3,3,57,50,10.0,1,57.0,57.0,57.0,44.0,3.0,0.0,0.0,0.0,54.4,57.0,44.0,5.813776741499453,0.0,7,58.0,2026-08-04 20:59:05+00:00,30.0
2026-08-04 20:58:45+00:00,3,3,58,50,10.0,1,57.0,57.0,57.0,57.0,3.0,1.0,1.0,0.03333333333333333,57.2,58.0,57.0,0.4472135954999579,0.0,8,58.0,2026-08-04 20:59:15+00:00,30.0
2026-08-04 20:58:55+00:00,3,3,58,50,10.0,1,57.0,57.0,57.0,57.0,3.0,1.0,1.0,0.03333333333333333,57.2,58.0,57.0,0.4472135954999579,0.0,8,58.0,2026-08-04 20:59:25+00:00,30.0
2026-08-04 20:59:05+00:00,3,3,58,50,10.0,1,58.0,57.0,57.0,57.0,3.0,0.0,1.0,0.03333333333333333,57.4,58.0,57.0,0.5477225575051661,0.0,8,58.0,2026-08-04 20:59:35+00:00,30.0
2026-08-04 20:59:15+00:00,3,3,58,50,10.0,1,58.0,58.0,57.0,57.0,3.0,0.0,0.0,0.0,57.6,58.0,57.0,0.5477225575051661,0.0,8,36.0,2026-08-04 20:59:45+00:00,30.0
2026-08-04 20:59:25+00:00,3,3,58,50,10.0,1,58.0,58.0,57.0,57.0,3.0,0.0,0.0,0.0,57.6,58.0,57.0,0.5477225575051661,0.0,8,36.0,2026-08-04 20:59:55+00:00,30.0
2026-08-04 20:59:35+00:00,3,3,58,50,10.0,1,58.0,58.0,58.0,57.0,3.0,0.0,0.0,0.0,57.8,58.0,57.0,0.4472135954999579,0.0,8,36.0,2026-08-04 21:00:05+00:00,30.0
2026-08-04 20:59:45+00:00,3,3,36,50,10.0,1,58.0,58.0,58.0,58.0,3.0,-22.0,-22.0,-0.7333333333333333,53.6,58.0,36.0,9.838699100999076,0.0,-14,36.0,2026-08-04 21:00:15+00:00,30.0
2026-08-04 20:59:55+00:00,3,3,36,50,10.0,1,58.0,58.0,58.0,58.0,3.0,-22.0,-22.0,-0.7333333333333333,53.6,58.0,36.0,9.838699100999076,0.0,-14,36.0,2026-08-04 21:00:25+00:00,30.0
2026-08-04 21:00:05+00:00,3,3,36,50,10.0,1,36.0,58.0,58.0,58.0,3.0,0.0,-22.0,-0.7333333333333333,49.2,58.0,36.0,12.049896265113654,0.0,-14,36.0,2026-08-04 21:00:35+00:00,30.0
2026-08-04 21:00:15+00:00,3,3,36,50,10.0,1,36.0,36.0,58.0,58.0,3.0,0.0,0.0,0.0,44.8,58.0,36.0,12.049896265113654,0.0,-14,37.0,2026-08-04 21:00:45+00:00,30.0
2026-08-04 21:00:25+00:00,3,3,36,50,10.0,1,36.0,36.0,58.0,58.0,3.0,0.0,0.0,0.0,44.8,58.0,36.0,12.049896265113654,0.0,-14,37.0,2026-08-04 21:00:55+00:00,30.0
2026-08-04 21:00:35+00:00,3,3,36,50,10.0,1,36.0,36.0,36.0,58.0,3.0,0.0,0.0,0.0,40.4,58.0,36.0,9.838699100999074,0.0,-14,37.0,2026-08-04 21:01:05+00:00,30.0
2026-08-04 21:00:45+00:00,3,3,37,50,10.0,1,36.0,36.0,36.0,36.0,3.0,1.0,1.0,0.03333333333333333,36.2,37.0,36.0,0.4472135954999579,0.0,-13,37.0,2026-08-04 21:01:15+00:00,30.0
2026-08-04 21:00:55+00:00,3,3,37,50,10.0,1,36.0,36.0,36.0,36.0,3.0,1.0,1.0,0.03333333333333333,36.2,37.0,36.0,0.4472135954999579,0.0,-13,37.0,2026-08-04 21:01:25+00:00,30.0
2026-08-04 21:01:05+00:00,3,3,37,50,10.0,1,37.0,36.0,36.0,36.0,3.0,0.0,1.0,0.03333333333333333,36.4,37.0,36.0,0.5477225575051661,0.0,-13,37.0,2026-08-04 21:01:35+00:00,30.0
2026-08-04 21:01:15+00:00,3,3,37,50,10.0,1,37.0,37.0,36.0,36.0,3.0,0.0,0.0,0.0,36.6,37.0,36.0,0.5477225575051661,0.0,-13,41.0,2026-08-04 21:01:45+00:00,30.0
2026-08-04 21:01:25+00:00,3,3,37,50,10.0,1,37.0,37.0,36.0,36.0,3.0,0.0,0.0,0.0,36.6,37.0,36.0,0.5477225575051661,0.0,-13,41.0,2026-08-04 21:01:55+00:00,30.0
2026-08-04 21:01:35+00:00,3,3,37,50,10.0,1,37.0,37.0,37.0,36.0,3.0,0.0,0.0,0.0,36.8,37.0,36.0,0.4472135954999579,0.0,-13,41.0,2026-08-04 21:02:05+00:00,30.0
2026-08-04 21:01:45+00:00,3,3,41,50,10.0,1,37.0,37.0,37.0,37.0,3.0,4.0,4.0,0.13333333333333333,37.8,41.0,37.0,1.7888543819998317,0.0,-9,41.0,2026-08-04 21:02:15+00:00,30.0
2026-08-04 21:01:55+00:00,3,3,41,50,10.0,1,37.0,37.0,37.0,37.0,3.0,4.0,4.0,0.13333333333333333,37.8,41.0,37.0,1.7888543819998317,0.0,-9,41.0,2026-08-04 21:02:25+00:00,30.0
2026-08-04 21:02:05+00:00,3,3,41,50,10.0,1,41.0,37.0,37.0,37.0,3.0,0.0,4.0,0.13333333333333333,38.6,41.0,37.0,2.1908902300206647,0.0,-9,41.0,2026-08-04 21:02:35+00:00,30.0
2026-08-04 21:02:15+00:00,3,3,41,50,10.0,1,41.0,41.0,37.0,37.0,3.0,0.0,0.0,0.0,39.4,41.0,37.0,2.1908902300206647,0.0,-9,85.0,2026-08-04 21:02:45+00:00,30.0
2026-08-04 21:02:25+00:00,3,3,41,50,10.0,1,41.0,41.0,37.0,37.0,3.0,0.0,0.0,0.0,39.4,41.0,37.0,2.1908902300206647,0.0,-9,85.0,2026-08-04 21:02:55+00:00,30.0
2026-08-04 21:02:35+00:00,3,3,41,50,10.0,1,41.0,41.0,41.0,37.0,3.0,0.0,0.0,0.0,40.2,41.0,37.0,1.7888543819998317,0.0,-9,85.0,2026-08-04 21:03:05+00:00,30.0
2026-08-04 21:02:45+00:00,3,6,85,50,10.0,1,41.0,41.0,41.0,41.0,3.0,44.0,44.0,1.4666666666666666,49.8,85.0,41.0,19.67739820199815,0.0,35,85.0,2026-08-04 21:03:15+00:00,30.0
2026-08-04 21:02:55+00:00,3,6,85,50,10.0,1,41.0,41.0,41.0,41.0,3.0,44.0,44.0,1.4666666666666666,49.8,85.0,41.0,19.67739820199815,0.0,35,85.0,2026-08-04 21:03:25+00:00,30.0
2026-08-04 21:03:05+00:00,6,6,85,50,10.0,1,85.0,41.0,41.0,41.0,3.0,0.0,44.0,1.4666666666666666,58.6,85.0,41.0,24.099792530227308,3.0,35,85.0,2026-08-04 21:03:35+00:00,30.0
2026-08-04 21:03:15+00:00,6,6,85,50,10.0,1,85.0,85.0,41.0,41.0,3.0,0.0,0.0,0.0,67.4,85.0,41.0,24.099792530227308,3.0,35,84.0,2026-08-04 21:03:45+00:00,30.0
2026-08-04 21:03:25+00:00,6,6,85,50,10.0,1,85.0,85.0,41.0,41.0,6.0,0.0,0.0,0.0,67.4,85.0,41.0,24.099792530227308,0.0,35,84.0,2026-08-04 21:03:55+00:00,30.0
2026-08-04 21:03:35+00:00,6,6,85,50,10.0,1,85.0,85.0,85.0,41.0,6.0,0.0,0.0,0.0,76.2,85.0,41.0,19.677398201998148,0.0,35,84.0,2026-08-04 21:04:05+00:00,30.0
2026-08-04 21:03:45+00:00,6,9,84,50,10.0,1,85.0,85.0,85.0,85.0,6.0,-1.0,-1.0,-0.03333333333333333,84.8,85.0,84.0,0.4472135954999579,0.0,34,84.0,2026-08-04 21:04:15+00:00,30.0
2026-08-04 21:03:55+00:00,6,9,84,50,10.0,1,85.0,85.0,85.0,85.0,6.0,-1.0,-1.0,-0.03333333333333333,84.8,85.0,84.0,0.4472135954999579,0.0,34,84.0,2026-08-04 21:04:25+00:00,30.0
2026-08-04 21:04:05+00:00,9,9,84,50,10.0,1,84.0,85.0,85.0,85.0,6.0,0.0,-1.0,-0.03333333333333333,84.6,85.0,84.0,0.5477225575051661,3.0,34,84.0,2026-08-04 21:04:35+00:00,30.0
2026-08-04 21:04:15+00:00,9,9,84,50,10.0,1,84.0,84.0,85.0,85.0,6.0,0.0,0.0,0.0,84.4,85.0,84.0,0.5477225575051661,3.0,34,75.0,2026-08-04 21:04:45+00:00,30.0
2026-08-04 21:04:25+00:00,9,9,84,50,10.0,1,84.0,84.0,85.0,85.0,9.0,0.0,0.0,0.0,84.4,85.0,84.0,0.5477225575051661,0.0,34,75.0,2026-08-04 21:04:55+00:00,30.0
2026-08-04 21:04:35+00:00,9,9,84,50,10.0,1,84.0,84.0,84.0,85.0,9.0,0.0,0.0,0.0,84.2,85.0,84.0,0.4472135954999579,0.0,34,75.0,2026-08-04 21:05:05+00:00,30.0
2026-08-04 21:04:45+00:00,9,9,75,50,10.0,1,84.0,84.0,84.0,84.0,9.0,-9.0,-9.0,-0.3,82.2,84.0,75.0,4.024922359499621,0.0,25,75.0,2026-08-04 21:05:15+00:00,30.0
2026-08-04 21:04:55+00:00,9,9,75,50,10.0,1,84.0,84.0,84.0,84.0,9.0,-9.0,-9.0,-0.3,82.2,84.0,75.0,4.024922359499621,0.0,25,75.0,2026-08-04 21:05:25+00:00,30.0
2026-08-04 21:05:05+00:00,9,9,75,50,10.0,1,75.0,84.0,84.0,84.0,9.0,0.0,-9.0,-0.3,80.4,84.0,75.0,4.9295030175464944,0.0,25,75.0,2026-08-04 21:05:35+00:00,30.0
2026-08-04 21:05:15+00:00,9,9,75,50,10.0,1,75.0,75.0,84.0,84.0,9.0,0.0,0.0,0.0,78.6,84.0,75.0,4.9295030175464944,0.0,25,75.0,2026-08-04 21:05:45+00:00,30.0
2026-08-04 21:05:25+00:00,9,9,75,50,10.0,1,75.0,75.0,84.0,84.0,9.0,0.0,0.0,0.0,78.6,84.0,75.0,4.9295030175464944,0.0,25,53.0,2026-08-04 21:05:55+00:00,30.0
2026-08-04 21:05:35+00:00,9,9,75,50,10.0,1,75.0,75.0,75.0,84.0,9.0,0.0,0.0,0.0,76.8,84.0,75.0,4.024922359499621,0.0,25,53.0,2026-08-04 21:06:05+00:00,30.0
2026-08-04 21:05:45+00:00,9,9,75,50,10.0,1,75.0,75.0,75.0,75.0,9.0,0.0,0.0,0.0,75.0,75.0,75.0,0.0,0.0,25,53.0,2026-08-04 21:06:15+00:00,30.0
2026-08-04 21:05:55+00:00,9,9,53,50,10.0,1,75.0,75.0,75.0,75.0,9.0,-22.0,-22.0,-0.7333333333333333,70.6,75.0,53.0,9.838699100999076,0.0,3,53.0,2026-08-04 21:06:25+00:00,30.0
2026-08-04 21:06:05+00:00,9,9,53,50,10.0,1,75.0,75.0,75.0,75.0,9.0,-22.0,-22.0,-0.7333333333333333,70.6,75.0,53.0,9.838699100999076,0.0,3,53.0,2026-08-04 21:06:35+00:00,30.0
2026-08-04 21:06:15+00:00,9,9,53,50,10.0,1,53.0,75.0,75.0,75.0,9.0,0.0,-22.0,-0.7333333333333333,66.2,75.0,53.0,12.049896265113654,0.0,3,53.0,2026-08-04 21:06:45+00:00,30.0
2026-08-04 21:06:25+00:00,9,9,53,50,10.0,1,53.0,53.0,75.0,75.0,9.0,0.0,0.0,0.0,61.8,75.0,53.0,12.049896265113654,0.0,3,52.0,2026-08-04 21:06:55+00:00,30.0
2026-08-04 21:06:35+00:00,9,9,53,50,10.0,1,53.0,53.0,75.0,75.0,9.0,0.0,0.0,0.0,61.8,75.0,53.0,12.049896265113654,0.0,3,52.0,2026-08-04 21:07:05+00:00,30.0
2026-08-04 21:06:45+00:00,9,9,53,50,10.0,1,53.0,53.0,53.0,75.0,9.0,0.0,0.0,0.0,57.4,75.0,53.0,9.838699100999074,0.0,3,52.0,2026-08-04 21:07:15+00:00,30.0
2026-08-04 21:06:55+00:00,9,9,52,50,10.0,1,53.0,53.0,53.0,53.0,9.0,-1.0,-1.0,-0.03333333333333333,52.8,53.0,52.0,0.4472135954999579,0.0,2,52.0,2026-08-04 21:07:25+00:00,30.0
2026-08-04 21:07:05+00:00,9,9,52,50,10.0,1,53.0,53.0,53.0,53.0,9.0,-1.0,-1.0,-0.03333333333333333,52.8,53.0,52.0,0.4472135954999579,0.0,2,52.0,2026-08-04 21:07:35+00:00,30.0
2026-08-04 21:07:15+00:00,9,9,52,50,10.0,1,52.0,53.0,53.0,53.0,9.0,0.0,-1.0,-0.03333333333333333,52.6,53.0,52.0,0.5477225575051661,0.0,2,52.0,2026-08-04 21:07:45+00:00,30.0
2026-08-04 21:07:25+00:00,9,9,52,50,10.0,1,52.0,52.0,53.0,53.0,9.0,0.0,0.0,0.0,52.4,53.0,52.0,0.5477225575051661,0.0,2,50.0,2026-08-04 21:07:55+00:00,30.0
2026-08-04 21:07:35+00:00,9,9,52,50,10.0,1,52.0,52.0,53.0,53.0,9.0,0.0,0.0,0.0,52.4,53.0,52.0,0.5477225575051661,0.0,2,50.0,2026-08-04 21:08:05+00:00,30.0
2026-08-04 21:07:45+00:00,9,9,52,50,10.0,1,52.0,52.0,52.0,53.0,9.0,0.0,0.0,0.0,52.2,53.0,52.0,0.4472135954999579,0.0,2,50.0,2026-08-04 21:08:15+00:00,30.0
2026-08-04 21:07:55+00:00,9,9,50,50,10.0,1,52.0,52.0,52.0,52.0,9.0,-2.0,-2.0,-0.06666666666666667,51.6,52.0,50.0,0.8944271909999159,0.0,0,50.0,2026-08-04 21:08:25+00:00,30.0
2026-08-04 21:08:05+00:00,9,9,50,50,10.0,1,52.0,52.0,52.0,52.0,9.0,-2.0,-2.0,-0.06666666666666667,51.6,52.0,50.0,0.8944271909999159,0.0,0,50.0,2026-08-04 21:08:35+00:00,30.0
2026-08-04 21:08:15+00:00,9,9,50,50,10.0,1,50.0,52.0,52.0,52.0,9.0,0.0,-2.0,-0.06666666666666667,51.2,52.0,50.0,1.0954451150103321,0.0,0,50.0,2026-08-04 21:08:45+00:00,30.0
2026-08-04 21:08:25+00:00,9,9,50,50,10.0,1,50.0,50.0,52.0,52.0,9.0,0.0,0.0,0.0,50.8,52.0,50.0,1.0954451150103321,0.0,0,51.0,2026-08-04 21:08:55+00:00,30.0
2026-08-04 21:08:35+00:00,9,9,50,50,10.0,1,50.0,50.0,52.0,52.0,9.0,0.0,0.0,0.0,50.8,52.0,50.0,1.0954451150103321,0.0,0,51.0,2026-08-04 21:09:05+00:00,30.0
2026-08-04 21:08:45+00:00,9,9,50,50,10.0,1,50.0,50.0,50.0,52.0,9.0,0.0,0.0,0.0,50.4,52.0,50.0,0.8944271909999159,0.0,0,51.0,2026-08-04 21:09:15+00:00,30.0
2026-08-04 21:08:55+00:00,9,9,51,50,10.0,1,50.0,50.0,50.0,50.0,9.0,1.0,1.0,0.03333333333333333,50.2,51.0,50.0,0.4472135954999579,0.0,1,51.0,2026-08-04 21:09:25+00:00,30.0
2026-08-04 21:09:05+00:00,9,9,51,50,10.0,1,50.0,50.0,50.0,50.0,9.0,1.0,1.0,0.03333333333333333,50.2,51.0,50.0,0.4472135954999579,0.0,1,51.0,2026-08-04 21:09:35+00:00,30.0
2026-08-04 21:09:15+00:00,9,9,51,50,10.0,1,51.0,50.0,50.0,50.0,9.0,0.0,1.0,0.03333333333333333,50.4,51.0,50.0,0.5477225575051661,0.0,1,51.0,2026-08-04 21:09:45+00:00,30.0
2026-08-04 21:09:25+00:00,9,9,51,50,10.0,1,51.0,51.0,50.0,50.0,9.0,0.0,0.0,0.0,50.6,51.0,50.0,0.5477225575051661,0.0,1,51.0,2026-08-04 21:09:55+00:00,30.0
2026-08-04 21:09:35+00:00,9,9,51,50,10.0,1,51.0,51.0,50.0,50.0,9.0,0.0,0.0,0.0,50.6,51.0,50.0,0.5477225575051661,0.0,1,51.0,2026-08-04 21:10:05+00:00,30.0
2026-08-04 21:09:45+00:00,9,9,51,50,10.0,1,51.0,51.0,51.0,50.0,9.0,0.0,0.0,0.0,50.8,51.0,50.0,0.4472135954999579,0.0,1,51.0,2026-08-04 21:10:15+00:00,30.0
2026-08-04 21:09:55+00:00,9,9,51,50,10.0,1,51.0,51.0,51.0,51.0,9.0,0.0,0.0,0.0,51.0,51.0,51.0,0.0,0.0,1,51.0,2026-08-04 21:10:25+00:00,30.0
2026-08-04 21:10:05+00:00,9,9,51,50,10.0,1,51.0,51.0,51.0,51.0,9.0,0.0,0.0,0.0,51.0,51.0,51.0,0.0,0.0,1,51.0,2026-08-04 21:10:35+00:00,30.0
2026-08-04 21:10:15+00:00,9,9,51,50,10.0,1,51.0,51.0,51.0,51.0,9.0,0.0,0.0,0.0,51.0,51.0,51.0,0.0,0.0,1,51.0,2026-08-04 21:10:45+00:00,30.0
2026-08-04 21:10:25+00:00,9,9,51,50,10.0,1,51.0,51.0,51.0,51.0,9.0,0.0,0.0,0.0,51.0,51.0,51.0,0.0,0.0,1,46.0,2026-08-04 21:10:55+00:00,30.0
2026-08-04 21:10:35+00:00,9,9,51,50,10.0,1,51.0,51.0,51.0,51.0,9.0,0.0,0.0,0.0,51.0,51.0,51.0,0.0,0.0,1,46.0,2026-08-04 21:11:05+00:00,30.0
2026-08-04 21:10:45+00:00,9,9,51,50,10.0,1,51.0,51.0,51.0,51.0,9.0,0.0,0.0,0.0,51.0,51.0,51.0,0.0,0.0,1,46.0,2026-08-04 21:11:15+00:00,30.0
2026-08-04 21:10:55+00:00,9,9,46,50,10.0,1,51.0,51.0,51.0,51.0,9.0,-5.0,-5.0,-0.16666666666666666,50.0,51.0,46.0,2.23606797749979,0.0,-4,46.0,2026-08-04 21:11:25+00:00,30.0
2026-08-04 21:11:05+00:00,9,9,46,50,10.0,1,51.0,51.0,51.0,51.0,9.0,-5.0,-5.0,-0.16666666666666666,50.0,51.0,46.0,2.23606797749979,0.0,-4,46.0,2026-08-04 21:11:35+00:00,30.0
2026-08-04 21:11:15+00:00,9,9,46,50,10.0,1,46.0,51.0,51.0,51.0,9.0,0.0,-5.0,-0.16666666666666666,49.0,51.0,46.0,2.7386127875258306,0.0,-4,46.0,2026-08-04 21:11:45+00:00,30.0
2026-08-04 21:11:25+00:00,9,9,46,50,10.0,1,46.0,46.0,51.0,51.0,9.0,0.0,0.0,0.0,48.0,51.0,46.0,2.7386127875258306,0.0,-4,41.0,2026-08-04 21:11:55+00:00,30.0
2026-08-04 21:11:35+00:00,9,9,46,50,10.0,1,46.0,46.0,51.0,51.0,9.0,0.0,0.0,0.0,48.0,51.0,46.0,2.7386127875258306,0.0,-4,42.0,2026-08-04 21:12:05+00:00,30.0
2026-08-04 21:11:45+00:00,9,9,46,50,10.0,1,46.0,46.0,46.0,51.0,9.0,0.0,0.0,0.0,47.0,51.0,46.0,2.23606797749979,0.0,-4,42.0,2026-08-04 21:12:15+00:00,30.0
2026-08-04 21:11:55+00:00,9,9,41,50,10.0,1,46.0,46.0,46.0,46.0,9.0,-5.0,-5.0,-0.16666666666666666,45.0,46.0,41.0,2.23606797749979,0.0,-9,41.0,2026-08-04 21:12:25+00:00,30.0
2026-08-04 21:12:05+00:00,9,9,42,50,10.0,1,46.0,46.0,46.0,46.0,9.0,-4.0,-4.0,-0.13333333333333333,45.2,46.0,42.0,1.7888543819998317,0.0,-8,42.0,2026-08-04 21:12:35+00:00,30.0
2026-08-04 21:12:15+00:00,9,9,42,50,10.0,1,41.0,46.0,46.0,46.0,9.0,1.0,-4.0,-0.13333333333333333,44.2,46.0,41.0,2.4899799195977463,0.0,-8,42.0,2026-08-04 21:12:45+00:00,30.0
2026-08-04 21:12:25+00:00,9,9,41,50,10.0,1,42.0,41.0,46.0,46.0,9.0,-1.0,0.0,0.0,43.2,46.0,41.0,2.588435821108957,0.0,-9,40.0,2026-08-04 21:12:55+00:00,30.0
2026-08-04 21:12:35+00:00,9,9,42,50,10.0,1,42.0,42.0,46.0,46.0,9.0,0.0,0.0,0.0,43.6,46.0,42.0,2.1908902300206647,0.0,-8,40.0,2026-08-04 21:13:05+00:00,30.0
2026-08-04 21:12:45+00:00,9,9,42,50,10.0,1,41.0,42.0,41.0,46.0,9.0,1.0,0.0,0.0,42.4,46.0,41.0,2.073644135332772,0.0,-8,40.0,2026-08-04 21:13:15+00:00,30.0
2026-08-04 21:12:55+00:00,9,9,40,50,10.0,1,42.0,41.0,42.0,41.0,9.0,-2.0,-1.0,-0.03333333333333333,41.2,42.0,40.0,0.8366600265340756,0.0,-10,39.0,2026-08-04 21:13:25+00:00,30.0
2026-08-04 21:13:05+00:00,9,9,40,50,10.0,1,42.0,42.0,42.0,42.0,9.0,-2.0,-2.0,-0.06666666666666667,41.6,42.0,40.0,0.8944271909999159,0.0,-10,40.0,2026-08-04 21:13:35+00:00,30.0
2026-08-04 21:13:15+00:00,9,9,40,50,10.0,1,40.0,42.0,41.0,42.0,9.0,0.0,-2.0,-0.06666666666666667,41.0,42.0,40.0,1.0,0.0,-10,40.0,2026-08-04 21:13:45+00:00,30.0
2026-08-04 21:13:25+00:00,9,9,39,50,10.0,1,40.0,40.0,42.0,41.0,9.0,-1.0,-1.0,-0.03333333333333333,40.4,42.0,39.0,1.140175425099138,0.0,-11,36.0,2026-08-04 21:13:55+00:00,30.0
2026-08-04 21:13:35+00:00,9,9,40,50,10.0,1,40.0,40.0,42.0,42.0,9.0,0.0,0.0,0.0,40.8,42.0,40.0,1.0954451150103321,0.0,-10,36.0,2026-08-04 21:14:05+00:00,30.0
2026-08-04 21:13:45+00:00,9,9,40,50,10.0,1,39.0,40.0,40.0,42.0,9.0,1.0,0.0,0.0,40.2,42.0,39.0,1.0954451150103321,0.0,-10,36.0,2026-08-04 21:14:15+00:00,30.0
2026-08-04 21:13:55+00:00,9,9,36,50,10.0,1,40.0,39.0,40.0,40.0,9.0,-4.0,-3.0,-0.1,39.0,40.0,36.0,1.7320508075688772,0.0,-14,36.0,2026-08-04 21:14:25+00:00,30.0
2026-08-04 21:14:05+00:00,9,9,36,50,10.0,1,40.0,40.0,40.0,40.0,9.0,-4.0,-4.0,-0.13333333333333333,39.2,40.0,36.0,1.7888543819998317,0.0,-14,36.0,2026-08-04 21:14:35+00:00,30.0
2026-08-04 21:14:15+00:00,9,9,36,50,10.0,1,36.0,40.0,39.0,40.0,9.0,0.0,-4.0,-0.13333333333333333,38.2,40.0,36.0,2.0493901531919194,0.0,-14,36.0,2026-08-04 21:14:45+00:00,30.0
2026-08-04 21:14:25+00:00,9,9,36,50,10.0,1,36.0,36.0,40.0,39.0,9.0,0.0,0.0,0.0,37.4,40.0,36.0,1.949358868961793,0.0,-14,34.0,2026-08-04 21:14:55+00:00,30.0
2026-08-04 21:14:35+00:00,9,9,36,50,10.0,1,36.0,36.0,40.0,40.0,9.0,0.0,0.0,0.0,37.6,40.0,36.0,2.1908902300206647,0.0,-14,34.0,2026-08-04 21:15:05+00:00,30.0
2026-08-04 21:14:45+00:00,9,9,36,50,10.0,1,36.0,36.0,36.0,40.0,9.0,0.0,0.0,0.0,36.8,40.0,36.0,1.7888543819998317,0.0,-14,34.0,2026-08-04 21:15:15+00:00,30.0
2026-08-04 21:14:55+00:00,9,9,34,50,10.0,1,36.0,36.0,36.0,36.0,9.0,-2.0,-2.0,-0.06666666666666667,35.6,36.0,34.0,0.8944271909999159,0.0,-16,34.0,2026-08-04 21:15:25+00:00,30.0
2026-08-04 21:15:05+00:00,9,9,34,50,10.0,1,36.0,36.0,36.0,36.0,9.0,-2.0,-2.0,-0.06666666666666667,35.6,36.0,34.0,0.8944271909999159,0.0,-16,34.0,2026-08-04 21:15:35+00:00,30.0
2026-08-04 21:15:15+00:00,9,9,34,50,10.0,1,34.0,36.0,36.0,36.0,9.0,0.0,-2.0,-0.06666666666666667,35.2,36.0,34.0,1.0954451150103321,0.0,-16,34.0,2026-08-04 21:15:45+00:00,30.0
2026-08-04 21:15:25+00:00,9,9,34,50,10.0,1,34.0,34.0,36.0,36.0,9.0,0.0,0.0,0.0,34.8,36.0,34.0,1.0954451150103321,0.0,-16,31.0,2026-08-04 21:15:55+00:00,30.0
2026-08-04 21:15:35+00:00,9,9,34,50,10.0,1,34.0,34.0,36.0,36.0,9.0,0.0,0.0,0.0,34.8,36.0,34.0,1.0954451150103321,0.0,-16,31.0,2026-08-04 21:16:05+00:00,30.0
2026-08-04 21:15:45+00:00,9,9,34,50,10.0,1,34.0,34.0,34.0,36.0,9.0,0.0,0.0,0.0,34.4,36.0,34.0,0.8944271909999159,0.0,-16,31.0,2026-08-04 21:16:15+00:00,30.0
2026-08-04 21:15:55+00:00,9,9,31,50,10.0,1,34.0,34.0,34.0,34.0,9.0,-3.0,-3.0,-0.1,33.4,34.0,31.0,1.341640786499874,0.0,-19,31.0,2026-08-04 21:16:25+00:00,30.0
2026-08-04 21:16:05+00:00,9,9,31,50,10.0,1,34.0,34.0,34.0,34.0,9.0,-3.0,-3.0,-0.1,33.4,34.0,31.0,1.341640786499874,0.0,-19,31.0,2026-08-04 21:16:35+00:00,30.0
2026-08-04 21:16:15+00:00,9,9,31,50,10.0,1,31.0,34.0,34.0,34.0,9.0,0.0,-3.0,-0.1,32.8,34.0,31.0,1.6431676725154982,0.0,-19,31.0,2026-08-04 21:16:45+00:00,30.0
2026-08-04 21:16:25+00:00,9,9,31,50,10.0,1,31.0,31.0,34.0,34.0,9.0,0.0,0.0,0.0,32.2,34.0,31.0,1.6431676725154984,0.0,-19,30.0,2026-08-04 21:16:55+00:00,30.0
2026-08-04 21:16:35+00:00,9,8,31,50,10.0,1,31.0,31.0,34.0,34.0,9.0,0.0,0.0,0.0,32.2,34.0,31.0,1.6431676725154984,0.0,-19,30.0,2026-08-04 21:17:05+00:00,30.0
2026-08-04 21:16:45+00:00,9,8,31,50,10.0,1,31.0,31.0,31.0,34.0,9.0,0.0,0.0,0.0,31.6,34.0,31.0,1.3416407864998738,0.0,-19,30.0,2026-08-04 21:17:15+00:00,30.0
2026-08-04 21:16:55+00:00,8,8,30,50,10.0,1,31.0,31.0,31.0,31.0,9.0,-1.0,-1.0,-0.03333333333333333,30.8,31.0,30.0,0.4472135954999579,-1.0,-20,30.0,2026-08-04 21:17:25+00:00,30.0
2026-08-04 21:17:05+00:00,8,8,30,50,10.0,1,31.0,31.0,31.0,31.0,9.0,-1.0,-1.0,-0.03333333333333333,30.8,31.0,30.0,0.4472135954999579,-1.0,-20,30.0,2026-08-04 21:17:35+00:00,30.0
2026-08-04 21:17:15+00:00,8,8,30,50,10.0,1,30.0,31.0,31.0,31.0,8.0,0.0,-1.0,-0.03333333333333333,30.6,31.0,30.0,0.5477225575051661,0.0,-20,30.0,2026-08-04 21:17:45+00:00,30.0
2026-08-04 21:17:25+00:00,8,8,30,50,10.0,1,30.0,30.0,31.0,31.0,8.0,0.0,0.0,0.0,30.4,31.0,30.0,0.5477225575051661,0.0,-20,27.0,2026-08-04 21:17:55+00:00,30.0
2026-08-04 21:17:35+00:00,8,8,30,50,10.0,1,30.0,30.0,31.0,31.0,8.0,0.0,0.0,0.0,30.4,31.0,30.0,0.5477225575051661,0.0,-20,27.0,2026-08-04 21:18:05+00:00,30.0
2026-08-04 21:17:45+00:00,8,8,30,50,10.0,1,30.0,30.0,30.0,31.0,8.0,0.0,0.0,0.0,30.2,31.0,30.0,0.4472135954999579,0.0,-20,27.0,2026-08-04 21:18:15+00:00,30.0
2026-08-04 21:17:55+00:00,8,8,27,50,10.0,1,30.0,30.0,30.0,30.0,8.0,-3.0,-3.0,-0.1,29.4,30.0,27.0,1.341640786499874,0.0,-23,27.0,2026-08-04 21:18:25+00:00,30.0
2026-08-04 21:18:05+00:00,8,8,27,50,10.0,1,30.0,30.0,30.0,30.0,8.0,-3.0,-3.0,-0.1,29.4,30.0,27.0,1.341640786499874,0.0,-23,27.0,2026-08-04 21:18:35+00:00,30.0
2026-08-04 21:18:15+00:00,8,8,27,50,10.0,1,27.0,30.0,30.0,30.0,8.0,0.0,-3.0,-0.1,28.8,30.0,27.0,1.6431676725154982,0.0,-23,27.0,2026-08-04 21:18:45+00:00,30.0
2026-08-04 21:18:25+00:00,8,8,27,50,10.0,1,27.0,27.0,30.0,30.0,8.0,0.0,0.0,0.0,28.2,30.0,27.0,1.6431676725154982,0.0,-23,26.0,2026-08-04 21:18:55+00:00,30.0
2026-08-04 21:18:35+00:00,8,7,27,50,10.0,1,27.0,27.0,30.0,30.0,8.0,0.0,0.0,0.0,28.2,30.0,27.0,1.6431676725154982,0.0,-23,26.0,2026-08-04 21:19:05+00:00,30.0
2026-08-04 21:18:45+00:00,8,7,27,50,10.0,1,27.0,27.0,27.0,30.0,8.0,0.0,0.0,0.0,27.6,30.0,27.0,1.3416407864998738,0.0,-23,26.0,2026-08-04 21:19:15+00:00,30.0
2026-08-04 21:18:55+00:00,7,7,26,50,10.0,1,27.0,27.0,27.0,27.0,8.0,-1.0,-1.0,-0.03333333333333333,26.8,27.0,26.0,0.4472135954999579,-1.0,-24,26.0,2026-08-04 21:19:25+00:00,30.0
2026-08-04 21:19:05+00:00,7,7,26,50,10.0,1,27.0,27.0,27.0,27.0,8.0,-1.0,-1.0,-0.03333333333333333,26.8,27.0,26.0,0.4472135954999579,-1.0,-24,26.0,2026-08-04 21:19:35+00:00,30.0
2026-08-04 21:19:15+00:00,7,7,26,50,10.0,1,26.0,27.0,27.0,27.0,7.0,0.0,-1.0,-0.03333333333333333,26.6,27.0,26.0,0.5477225575051661,0.0,-24,26.0,2026-08-04 21:19:45+00:00,30.0
2026-08-04 21:19:25+00:00,7,7,26,50,10.0,1,26.0,26.0,27.0,27.0,7.0,0.0,0.0,0.0,26.4,27.0,26.0,0.5477225575051661,0.0,-24,31.0,2026-08-04 21:19:55+00:00,30.0
2026-08-04 21:19:35+00:00,7,7,26,50,10.0,1,26.0,26.0,27.0,27.0,7.0,0.0,0.0,0.0,26.4,27.0,26.0,0.5477225575051661,0.0,-24,31.0,2026-08-04 21:20:05+00:00,30.0
2026-08-04 21:19:45+00:00,7,7,26,50,10.0,1,26.0,26.0,26.0,27.0,7.0,0.0,0.0,0.0,26.2,27.0,26.0,0.4472135954999579,0.0,-24,31.0,2026-08-04 21:20:15+00:00,30.0
2026-08-04 21:19:55+00:00,7,7,31,50,10.0,1,26.0,26.0,26.0,26.0,7.0,5.0,5.0,0.16666666666666666,27.0,31.0,26.0,2.23606797749979,0.0,-19,31.0,2026-08-04 21:20:25+00:00,30.0
2026-08-04 21:20:05+00:00,7,7,31,50,10.0,1,26.0,26.0,26.0,26.0,7.0,5.0,5.0,0.16666666666666666,27.0,31.0,26.0,2.23606797749979,0.0,-19,31.0,2026-08-04 21:20:35+00:00,30.0
2026-08-04 21:20:15+00:00,7,7,31,50,10.0,1,31.0,26.0,26.0,26.0,7.0,0.0,5.0,0.16666666666666666,28.0,31.0,26.0,2.7386127875258306,0.0,-19,31.0,2026-08-04 21:20:45+00:00,30.0
2026-08-04 21:20:25+00:00,7,7,31,50,10.0,1,31.0,31.0,26.0,26.0,7.0,0.0,0.0,0.0,29.0,31.0,26.0,2.7386127875258306,0.0,-19,32.0,2026-08-04 21:20:55+00:00,30.0
2026-08-04 21:20:35+00:00,7,6,31,50,10.0,1,31.0,31.0,26.0,26.0,7.0,0.0,0.0,0.0,29.0,31.0,26.0,2.7386127875258306,0.0,-19,32.0,2026-08-04 21:21:05+00:00,30.0
2026-08-04 21:20:45+00:00,7,6,31,50,10.0,1,31.0,31.0,31.0,26.0,7.0,0.0,0.0,0.0,30.0,31.0,26.0,2.23606797749979,0.0,-19,32.0,2026-08-04 21:21:15+00:00,30.0
2026-08-04 21:20:55+00:00,6,6,32,50,10.0,1,31.0,31.0,31.0,31.0,7.0,1.0,1.0,0.03333333333333333,31.2,32.0,31.0,0.4472135954999579,-1.0,-18,32.0,2026-08-04 21:21:25+00:00,30.0
2026-08-04 21:21:05+00:00,6,6,32,50,10.0,1,31.0,31.0,31.0,31.0,7.0,1.0,1.0,0.03333333333333333,31.2,32.0,31.0,0.4472135954999579,-1.0,-18,32.0,2026-08-04 21:21:35+00:00,30.0
2026-08-04 21:21:15+00:00,6,6,32,50,10.0,1,32.0,31.0,31.0,31.0,6.0,0.0,1.0,0.03333333333333333,31.4,32.0,31.0,0.5477225575051661,0.0,-18,32.0,2026-08-04 21:21:45+00:00,30.0
2026-08-04 21:21:25+00:00,6,6,32,50,10.0,1,32.0,32.0,31.0,31.0,6.0,0.0,0.0,0.0,31.6,32.0,31.0,0.5477225575051661,0.0,-18,41.0,2026-08-04 21:21:55+00:00,30.0
2026-08-04 21:21:35+00:00,6,5,32,50,10.0,1,32.0,32.0,31.0,31.0,6.0,0.0,0.0,0.0,31.6,32.0,31.0,0.5477225575051661,0.0,-18,41.0,2026-08-04 21:22:05+00:00,30.0
2026-08-04 21:21:45+00:00,6,5,32,50,10.0,1,32.0,32.0,32.0,31.0,6.0,0.0,0.0,0.0,31.8,32.0,31.0,0.4472135954999579,0.0,-18,41.0,2026-08-04 21:22:15+00:00,30.0
2026-08-04 21:21:55+00:00,5,5,41,50,10.0,1,32.0,32.0,32.0,32.0,6.0,9.0,9.0,0.3,33.8,41.0,32.0,4.024922359499621,-1.0,-9,41.0,2026-08-04 21:22:25+00:00,30.0
2026-08-04 21:22:05+00:00,5,5,41,50,10.0,1,32.0,32.0,32.0,32.0,6.0,9.0,9.0,0.3,33.8,41.0,32.0,4.024922359499621,-1.0,-9,41.0,2026-08-04 21:22:35+00:00,30.0
2026-08-04 21:22:15+00:00,5,5,41,50,10.0,1,41.0,32.0,32.0,32.0,5.0,0.0,9.0,0.3,35.6,41.0,32.0,4.929503017546495,0.0,-9,41.0,2026-08-04 21:22:45+00:00,30.0
2026-08-04 21:22:25+00:00,5,5,41,50,10.0,1,41.0,41.0,32.0,32.0,5.0,0.0,0.0,0.0,37.4,41.0,32.0,4.929503017546495,0.0,-9,47.0,2026-08-04 21:22:55+00:00,30.0
2026-08-04 21:22:35+00:00,5,5,41,50,10.0,1,41.0,41.0,32.0,32.0,5.0,0.0,0.0,0.0,37.4,41.0,32.0,4.929503017546495,0.0,-9,47.0,2026-08-04 21:23:05+00:00,30.0
2026-08-04 21:22:45+00:00,5,5,41,50,10.0,1,41.0,41.0,41.0,32.0,5.0,0.0,0.0,0.0,39.2,41.0,32.0,4.024922359499621,0.0,-9,47.0,2026-08-04 21:23:15+00:00,30.0
2026-08-04 21:22:55+00:00,5,5,47,50,10.0,1,41.0,41.0,41.0,41.0,5.0,6.0,6.0,0.2,42.2,47.0,41.0,2.683281572999748,0.0,-3,47.0,2026-08-04 21:23:25+00:00,30.0
2026-08-04 21:23:05+00:00,5,5,47,50,10.0,1,41.0,41.0,41.0,41.0,5.0,6.0,6.0,0.2,42.2,47.0,41.0,2.683281572999748,0.0,-3,47.0,2026-08-04 21:23:35+00:00,30.0
2026-08-04 21:23:15+00:00,5,5,47,50,10.0,1,47.0,41.0,41.0,41.0,5.0,0.0,6.0,0.2,43.4,47.0,41.0,3.2863353450309964,0.0,-3,47.0,2026-08-04 21:23:45+00:00,30.0
2026-08-04 21:23:25+00:00,5,5,47,50,10.0,1,47.0,47.0,41.0,41.0,5.0,0.0,0.0,0.0,44.6,47.0,41.0,3.2863353450309964,0.0,-3,44.0,2026-08-04 21:23:55+00:00,30.0
2026-08-04 21:23:35+00:00,5,5,47,50,10.0,1,47.0,47.0,41.0,41.0,5.0,0.0,0.0,0.0,44.6,47.0,41.0,3.2863353450309964,0.0,-3,44.0,2026-08-04 21:24:05+00:00,30.0
2026-08-04 21:23:45+00:00,5,5,47,50,10.0,1,47.0,47.0,47.0,41.0,5.0,0.0,0.0,0.0,45.8,47.0,41.0,2.6832815729997477,0.0,-3,44.0,2026-08-04 21:24:15+00:00,30.0
2026-08-04 21:23:55+00:00,5,5,44,50,10.0,1,47.0,47.0,47.0,47.0,5.0,-3.0,-3.0,-0.1,46.4,47.0,44.0,1.341640786499874,0.0,-6,44.0,2026-08-04 21:24:25+00:00,30.0
2026-08-04 21:24:05+00:00,5,5,44,50,10.0,1,47.0,47.0,47.0,47.0,5.0,-3.0,-3.0,-0.1,46.4,47.0,44.0,1.341640786499874,0.0,-6,44.0,2026-08-04 21:24:35+00:00,30.0
2026-08-04 21:24:15+00:00,5,5,44,50,10.0,1,44.0,47.0,47.0,47.0,5.0,0.0,-3.0,-0.1,45.8,47.0,44.0,1.6431676725154982,0.0,-6,44.0,2026-08-04 21:24:45+00:00,30.0
2026-08-04 21:24:25+00:00,5,5,44,50,10.0,1,44.0,44.0,47.0,47.0,5.0,0.0,0.0,0.0,45.2,47.0,44.0,1.6431676725154984,0.0,-6,44.0,2026-08-04 21:24:55+00:00,30.0
2026-08-04 21:24:35+00:00,5,5,44,50,10.0,1,44.0,44.0,47.0,47.0,5.0,0.0,0.0,0.0,45.2,47.0,44.0,1.6431676725154984,0.0,-6,44.0,2026-08-04 21:25:05+00:00,30.0
2026-08-04 21:24:45+00:00,5,5,44,50,10.0,1,44.0,44.0,44.0,47.0,5.0,0.0,0.0,0.0,44.6,47.0,44.0,1.3416407864998738,0.0,-6,44.0,2026-08-04 21:25:15+00:00,30.0
2026-08-04 21:24:55+00:00,5,5,44,50,10.0,1,44.0,44.0,44.0,44.0,5.0,0.0,0.0,0.0,44.0,44.0,44.0,0.0,0.0,-6,44.0,2026-08-04 21:25:25+00:00,30.0
2026-08-04 21:25:05+00:00,5,5,44,50,10.0,1,44.0,44.0,44.0,44.0,5.0,0.0,0.0,0.0,44.0,44.0,44.0,0.0,0.0,-6,44.0,2026-08-04 21:25:35+00:00,30.0
2026-08-04 21:25:15+00:00,5,5,44,50,10.0,1,44.0,44.0,44.0,44.0,5.0,0.0,0.0,0.0,44.0,44.0,44.0,0.0,0.0,-6,44.0,2026-08-04 21:25:45+00:00,30.0
2026-08-04 21:25:25+00:00,5,5,44,50,10.0,1,44.0,44.0,44.0,44.0,5.0,0.0,0.0,0.0,44.0,44.0,44.0,0.0,0.0,-6,43.0,2026-08-04 21:25:55+00:00,30.0
2026-08-04 21:25:35+00:00,5,5,44,50,10.0,1,44.0,44.0,44.0,44.0,5.0,0.0,0.0,0.0,44.0,44.0,44.0,0.0,0.0,-6,43.0,2026-08-04 21:26:05+00:00,30.0
2026-08-04 21:25:45+00:00,5,5,44,50,10.0,1,44.0,44.0,44.0,44.0,5.0,0.0,0.0,0.0,44.0,44.0,44.0,0.0,0.0,-6,43.0,2026-08-04 21:26:15+00:00,30.0
2026-08-04 21:25:55+00:00,5,5,43,50,10.0,1,44.0,44.0,44.0,44.0,5.0,-1.0,-1.0,-0.03333333333333333,43.8,44.0,43.0,0.4472135954999579,0.0,-7,43.0,2026-08-04 21:26:25+00:00,30.0
2026-08-04 21:26:05+00:00,5,5,43,50,10.0,1,44.0,44.0,44.0,44.0,5.0,-1.0,-1.0,-0.03333333333333333,43.8,44.0,43.0,0.4472135954999579,0.0,-7,43.0,2026-08-04 21:26:35+00:00,30.0
2026-08-04 21:26:15+00:00,5,5,43,50,10.0,1,43.0,44.0,44.0,44.0,5.0,0.0,-1.0,-0.03333333333333333,43.6,44.0,43.0,0.5477225575051661,0.0,-7,43.0,2026-08-04 21:26:45+00:00,30.0
2026-08-04 21:26:25+00:00,5,5,43,50,10.0,1,43.0,43.0,44.0,44.0,5.0,0.0,0.0,0.0,43.4,44.0,43.0,0.5477225575051661,0.0,-7,45.0,2026-08-04 21:26:55+00:00,30.0
2026-08-04 21:26:35+00:00,5,5,43,50,10.0,1,43.0,43.0,44.0,44.0,5.0,0.0,0.0,0.0,43.4,44.0,43.0,0.5477225575051661,0.0,-7,45.0,2026-08-04 21:27:05+00:00,30.0
2026-08-04 21:26:45+00:00,5,5,43,50,10.0,1,43.0,43.0,43.0,44.0,5.0,0.0,0.0,0.0,43.2,44.0,43.0,0.4472135954999579,0.0,-7,45.0,2026-08-04 21:27:15+00:00,30.0
2026-08-04 21:26:55+00:00,5,5,45,50,10.0,1,43.0,43.0,43.0,43.0,5.0,2.0,2.0,0.06666666666666667,43.4,45.0,43.0,0.8944271909999159,0.0,-5,45.0,2026-08-04 21:27:25+00:00,30.0
2026-08-04 21:27:05+00:00,5,5,45,50,10.0,1,43.0,43.0,43.0,43.0,5.0,2.0,2.0,0.06666666666666667,43.4,45.0,43.0,0.8944271909999159,0.0,-5,45.0,2026-08-04 21:27:35+00:00,30.0
2026-08-04 21:27:15+00:00,5,5,45,50,10.0,1,45.0,43.0,43.0,43.0,5.0,0.0,2.0,0.06666666666666667,43.8,45.0,43.0,1.0954451150103321,0.0,-5,45.0,2026-08-04 21:27:45+00:00,30.0
2026-08-04 21:27:25+00:00,5,5,45,50,10.0,1,45.0,45.0,43.0,43.0,5.0,0.0,0.0,0.0,44.2,45.0,43.0,1.0954451150103321,0.0,-5,44.0,2026-08-04 21:27:55+00:00,30.0
2026-08-04 21:27:35+00:00,5,5,45,50,10.0,1,45.0,45.0,43.0,43.0,5.0,0.0,0.0,0.0,44.2,45.0,43.0,1.0954451150103321,0.0,-5,44.0,2026-08-04 21:28:05+00:00,30.0
2026-08-04 21:27:45+00:00,5,5,45,50,10.0,1,45.0,45.0,45.0,43.0,5.0,0.0,0.0,0.0,44.6,45.0,43.0,0.8944271909999159,0.0,-5,44.0,2026-08-04 21:28:15+00:00,30.0
2026-08-04 21:27:55+00:00,5,5,44,50,10.0,1,45.0,45.0,45.0,45.0,5.0,-1.0,-1.0,-0.03333333333333333,44.8,45.0,44.0,0.4472135954999579,0.0,-6,44.0,2026-08-04 21:28:25+00:00,30.0
2026-08-04 21:28:05+00:00,5,5,44,50,10.0,1,45.0,45.0,45.0,45.0,5.0,-1.0,-1.0,-0.03333333333333333,44.8,45.0,44.0,0.4472135954999579,0.0,-6,44.0,2026-08-04 21:28:35+00:00,30.0
2026-08-04 21:28:15+00:00,5,5,44,50,10.0,1,44.0,45.0,45.0,45.0,5.0,0.0,-1.0,-0.03333333333333333,44.6,45.0,44.0,0.5477225575051661,0.0,-6,44.0,2026-08-04 21:28:45+00:00,30.0
2026-08-04 21:28:25+00:00,5,5,44,50,10.0,1,44.0,44.0,45.0,45.0,5.0,0.0,0.0,0.0,44.4,45.0,44.0,0.5477225575051661,0.0,-6,38.0,2026-08-04 21:28:55+00:00,30.0
2026-08-04 21:28:35+00:00,5,5,44,50,10.0,1,44.0,44.0,45.0,45.0,5.0,0.0,0.0,0.0,44.4,45.0,44.0,0.5477225575051661,0.0,-6,38.0,2026-08-04 21:29:05+00:00,30.0
2026-08-04 21:28:45+00:00,5,5,44,50,10.0,1,44.0,44.0,44.0,45.0,5.0,0.0,0.0,0.0,44.2,45.0,44.0,0.4472135954999579,0.0,-6,38.0,2026-08-04 21:29:15+00:00,30.0
2026-08-04 21:28:55+00:00,5,5,38,50,10.0,1,44.0,44.0,44.0,44.0,5.0,-6.0,-6.0,-0.2,42.8,44.0,38.0,2.683281572999748,0.0,-12,38.0,2026-08-04 21:29:25+00:00,30.0
2026-08-04 21:29:05+00:00,5,5,38,50,10.0,1,44.0,44.0,44.0,44.0,5.0,-6.0,-6.0,-0.2,42.8,44.0,38.0,2.683281572999748,0.0,-12,38.0,2026-08-04 21:29:35+00:00,30.0
2026-08-04 21:29:15+00:00,5,5,38,50,10.0,1,38.0,44.0,44.0,44.0,5.0,0.0,-6.0,-0.2,41.6,44.0,38.0,3.2863353450309964,0.0,-12,38.0,2026-08-04 21:29:45+00:00,30.0
2026-08-04 21:29:25+00:00,5,5,38,50,10.0,1,38.0,38.0,44.0,44.0,5.0,0.0,0.0,0.0,40.4,44.0,38.0,3.2863353450309964,0.0,-12,35.0,2026-08-04 21:29:55+00:00,30.0
2026-08-04 21:29:35+00:00,5,5,38,50,10.0,1,38.0,38.0,44.0,44.0,5.0,0.0,0.0,0.0,40.4,44.0,38.0,3.2863353450309964,0.0,-12,35.0,2026-08-04 21:30:05+00:00,30.0
2026-08-04 21:29:45+00:00,5,5,38,50,10.0,1,38.0,38.0,38.0,44.0,5.0,0.0,0.0,0.0,39.2,44.0,38.0,2.6832815729997477,0.0,-12,35.0,2026-08-04 21:30:15+00:00,30.0
2026-08-04 21:29:55+00:00,5,5,35,50,10.0,1,38.0,38.0,38.0,38.0,5.0,-3.0,-3.0,-0.1,37.4,38.0,35.0,1.341640786499874,0.0,-15,35.0,2026-08-04 21:30:25+00:00,30.0
2026-08-04 21:30:05+00:00,5,5,35,50,10.0,1,38.0,38.0,38.0,38.0,5.0,-3.0,-3.0,-0.1,37.4,38.0,35.0,1.341640786499874,0.0,-15,35.0,2026-08-04 21:30:35+00:00,30.0
2026-08-04 21:30:15+00:00,5,5,35,50,10.0,1,35.0,38.0,38.0,38.0,5.0,0.0,-3.0,-0.1,36.8,38.0,35.0,1.6431676725154982,0.0,-15,35.0,2026-08-04 21:30:45+00:00,30.0
2026-08-04 21:30:25+00:00,5,5,35,50,10.0,1,35.0,35.0,38.0,38.0,5.0,0.0,0.0,0.0,36.2,38.0,35.0,1.6431676725154984,0.0,-15,30.0,2026-08-04 21:30:55+00:00,30.0
2026-08-04 21:30:35+00:00,5,5,35,50,10.0,1,35.0,35.0,38.0,38.0,5.0,0.0,0.0,0.0,36.2,38.0,35.0,1.6431676725154984,0.0,-15,30.0,2026-08-04 21:31:05+00:00,30.0
2026-08-04 21:30:45+00:00,5,5,35,50,10.0,1,35.0,35.0,35.0,38.0,5.0,0.0,0.0,0.0,35.6,38.0,35.0,1.3416407864998738,0.0,-15,30.0,2026-08-04 21:31:15+00:00,30.0
2026-08-04 21:30:55+00:00,5,5,30,50,10.0,1,35.0,35.0,35.0,35.0,5.0,-5.0,-5.0,-0.16666666666666666,34.0,35.0,30.0,2.23606797749979,0.0,-20,30.0,2026-08-04 21:31:25+00:00,30.0
2026-08-04 21:31:05+00:00,5,5,30,50,10.0,1,35.0,35.0,35.0,35.0,5.0,-5.0,-5.0,-0.16666666666666666,34.0,35.0,30.0,2.23606797749979,0.0,-20,30.0,2026-08-04 21:31:35+00:00,30.0
2026-08-04 21:31:15+00:00,5,5,30,50,10.0,1,30.0,35.0,35.0,35.0,5.0,0.0,-5.0,-0.16666666666666666,33.0,35.0,30.0,2.7386127875258306,0.0,-20,30.0,2026-08-04 21:31:45+00:00,30.0
2026-08-04 21:31:25+00:00,5,5,30,50,10.0,1,30.0,30.0,35.0,35.0,5.0,0.0,0.0,0.0,32.0,35.0,30.0,2.7386127875258306,0.0,-20,27.0,2026-08-04 21:31:55+00:00,30.0
2026-08-04 21:31:35+00:00,5,5,30,50,10.0,1,30.0,30.0,35.0,35.0,5.0,0.0,0.0,0.0,32.0,35.0,30.0,2.7386127875258306,0.0,-20,27.0,2026-08-04 21:32:05+00:00,30.0
2026-08-04 21:31:45+00:00,5,5,30,50,10.0,1,30.0,30.0,30.0,35.0,5.0,0.0,0.0,0.0,31.0,35.0,30.0,2.23606797749979,0.0,-20,27.0,2026-08-04 21:32:15+00:00,30.0
2026-08-04 21:31:55+00:00,5,5,27,50,10.0,1,30.0,30.0,30.0,30.0,5.0,-3.0,-3.0,-0.1,29.4,30.0,27.0,1.341640786499874,0.0,-23,27.0,2026-08-04 21:32:25+00:00,30.0
2026-08-04 21:32:05+00:00,5,5,27,50,10.0,1,30.0,30.0,30.0,30.0,5.0,-3.0,-3.0,-0.1,29.4,30.0,27.0,1.341640786499874,0.0,-23,27.0,2026-08-04 21:32:35+00:00,30.0
2026-08-04 21:32:15+00:00,5,5,27,50,10.0,1,27.0,30.0,30.0,30.0,5.0,0.0,-3.0,-0.1,28.8,30.0,27.0,1.6431676725154982,0.0,-23,27.0,2026-08-04 21:32:45+00:00,30.0
2026-08-04 21:32:25+00:00,5,5,27,50,10.0,1,27.0,27.0,30.0,30.0,5.0,0.0,0.0,0.0,28.2,30.0,27.0,1.6431676725154982,0.0,-23,24.0,2026-08-04 21:32:55+00:00,30.0
2026-08-04 21:32:35+00:00,5,5,27,50,10.0,1,27.0,27.0,30.0,30.0,5.0,0.0,0.0,0.0,28.2,30.0,27.0,1.6431676725154982,0.0,-23,24.0,2026-08-04 21:33:05+00:00,30.0
2026-08-04 21:32:45+00:00,5,5,27,50,10.0,1,27.0,27.0,27.0,30.0,5.0,0.0,0.0,0.0,27.6,30.0,27.0,1.3416407864998738,0.0,-23,24.0,2026-08-04 21:33:15+00:00,30.0
2026-08-04 21:32:55+00:00,5,5,24,50,10.0,1,27.0,27.0,27.0,27.0,5.0,-3.0,-3.0,-0.1,26.4,27.0,24.0,1.341640786499874,0.0,-26,24.0,2026-08-04 21:33:25+00:00,30.0
2026-08-04 21:33:05+00:00,5,5,24,50,10.0,1,27.0,27.0,27.0,27.0,5.0,-3.0,-3.0,-0.1,26.4,27.0,24.0,1.341640786499874,0.0,-26,24.0,2026-08-04 21:33:35+00:00,30.0
2026-08-04 21:33:15+00:00,5,5,24,50,10.0,1,24.0,27.0,27.0,27.0,5.0,0.0,-3.0,-0.1,25.8,27.0,24.0,1.6431676725154982,0.0,-26,24.0,2026-08-04 21:33:45+00:00,30.0
2026-08-04 21:33:25+00:00,5,5,24,50,10.0,1,24.0,24.0,27.0,27.0,5.0,0.0,0.0,0.0,25.2,27.0,24.0,1.6431676725154982,0.0,-26,1.0,2026-08-04 21:33:55+00:00,30.0
2026-08-04 21:33:35+00:00,5,5,24,50,10.0,1,24.0,24.0,27.0,27.0,5.0,0.0,0.0,0.0,25.2,27.0,24.0,1.6431676725154982,0.0,-26,1.0,2026-08-04 21:34:05+00:00,30.0
2026-08-04 21:33:45+00:00,5,4,24,50,10.0,1,24.0,24.0,24.0,27.0,5.0,0.0,0.0,0.0,24.6,27.0,24.0,1.3416407864998738,0.0,-26,1.0,2026-08-04 21:34:15+00:00,30.0
2026-08-04 21:33:55+00:00,4,4,1,50,10.0,1,24.0,24.0,24.0,24.0,5.0,-23.0,-23.0,-0.7666666666666667,19.4,24.0,1.0,10.285912696499032,-1.0,-49,1.0,2026-08-04 21:34:25+00:00,30.0
2026-08-04 21:34:05+00:00,4,4,1,50,10.0,1,24.0,24.0,24.0,24.0,5.0,-23.0,-23.0,-0.7666666666666667,19.4,24.0,1.0,10.285912696499032,-1.0,-49,1.0,2026-08-04 21:34:35+00:00,30.0
2026-08-04 21:34:15+00:00,4,4,1,50,10.0,1,1.0,24.0,24.0,24.0,4.0,0.0,-23.0,-0.7666666666666667,14.8,24.0,1.0,12.597618822618822,0.0,-49,14.0,2026-08-04 21:34:45+00:00,30.0
2026-08-04 21:34:25+00:00,4,4,1,50,10.0,1,1.0,1.0,24.0,24.0,4.0,0.0,0.0,0.0,10.2,24.0,1.0,12.597618822618822,0.0,-49,14.0,2026-08-04 21:34:55+00:00,30.0
2026-08-04 21:34:35+00:00,4,4,1,50,10.0,1,1.0,1.0,24.0,24.0,4.0,0.0,0.0,0.0,10.2,24.0,1.0,12.597618822618822,0.0,-49,14.0,2026-08-04 21:35:05+00:00,30.0
2026-08-04 21:34:45+00:00,4,4,14,50,10.0,1,1.0,1.0,1.0,24.0,4.0,13.0,13.0,0.43333333333333335,8.2,24.0,1.0,10.473776778220929,0.0,-36,14.0,2026-08-04 21:35:15+00:00,30.0
2026-08-04 21:34:55+00:00,4,4,14,50,10.0,1,1.0,1.0,1.0,1.0,4.0,13.0,13.0,0.43333333333333335,3.6,14.0,1.0,5.813776741499454,0.0,-36,14.0,2026-08-04 21:35:25+00:00,30.0
2026-08-04 21:35:05+00:00,4,4,14,50,10.0,1,14.0,1.0,1.0,1.0,4.0,0.0,13.0,0.43333333333333335,6.2,14.0,1.0,7.120393247567159,0.0,-36,14.0,2026-08-04 21:35:35+00:00,30.0
2026-08-04 21:35:15+00:00,4,4,14,50,10.0,1,14.0,14.0,1.0,1.0,4.0,0.0,0.0,0.0,8.8,14.0,1.0,7.120393247567159,0.0,-36,18.0,2026-08-04 21:35:45+00:00,30.0
2026-08-04 21:35:25+00:00,4,4,14,50,10.0,1,14.0,14.0,1.0,1.0,4.0,0.0,0.0,0.0,8.8,14.0,1.0,7.120393247567159,0.0,-36,12.0,2026-08-04 21:35:55+00:00,30.0
2026-08-04 21:35:35+00:00,4,4,14,50,10.0,1,14.0,14.0,14.0,1.0,4.0,0.0,0.0,0.0,11.4,14.0,1.0,5.813776741499453,0.0,-36,12.0,2026-08-04 21:36:05+00:00,30.0
2026-08-04 21:35:45+00:00,4,3,18,50,10.0,1,14.0,14.0,14.0,14.0,4.0,4.0,4.0,0.13333333333333333,14.8,18.0,14.0,1.7888543819998315,0.0,-32,12.0,2026-08-04 21:36:15+00:00,30.0
2026-08-04 21:35:55+00:00,3,3,12,50,10.0,1,14.0,14.0,14.0,14.0,4.0,-2.0,-2.0,-0.06666666666666667,13.6,14.0,12.0,0.8944271909999157,-1.0,-38,12.0,2026-08-04 21:36:25+00:00,30.0
2026-08-04 21:36:05+00:00,3,3,12,50,10.0,1,18.0,14.0,14.0,14.0,4.0,-6.0,-2.0,-0.06666666666666667,14.4,18.0,12.0,2.1908902300206643,-1.0,-38,12.0,2026-08-04 21:36:35+00:00,30.0
2026-08-04 21:36:15+00:00,3,3,12,50,10.0,1,12.0,18.0,14.0,14.0,3.0,0.0,-6.0,-0.2,14.0,18.0,12.0,2.449489742783178,0.0,-38,17.0,2026-08-04 21:36:45+00:00,30.0
2026-08-04 21:36:25+00:00,3,3,12,50,10.0,1,12.0,12.0,14.0,14.0,3.0,0.0,0.0,0.0,12.8,14.0,12.0,1.0954451150103324,0.0,-38,17.0,2026-08-04 21:36:55+00:00,30.0
2026-08-04 21:36:35+00:00,3,3,12,50,10.0,1,12.0,12.0,18.0,14.0,3.0,0.0,0.0,0.0,13.6,18.0,12.0,2.6076809620810595,0.0,-38,17.0,2026-08-04 21:37:05+00:00,30.0
2026-08-04 21:36:45+00:00,3,3,17,50,10.0,1,12.0,12.0,12.0,18.0,3.0,5.0,5.0,0.16666666666666666,14.2,18.0,12.0,3.03315017762062,0.0,-33,17.0,2026-08-04 21:37:15+00:00,30.0
2026-08-04 21:36:55+00:00,3,3,17,50,10.0,1,12.0,12.0,12.0,12.0,3.0,5.0,5.0,0.16666666666666666,13.0,17.0,12.0,2.23606797749979,0.0,-33,17.0,2026-08-04 21:37:25+00:00,30.0
2026-08-04 21:37:05+00:00,3,3,17,50,10.0,1,17.0,12.0,12.0,12.0,3.0,0.0,5.0,0.16666666666666666,14.0,17.0,12.0,2.7386127875258306,0.0,-33,17.0,2026-08-04 21:37:35+00:00,30.0
2026-08-04 21:37:15+00:00,3,3,17,50,10.0,1,17.0,17.0,12.0,12.0,3.0,0.0,0.0,0.0,15.0,17.0,12.0,2.7386127875258306,0.0,-33,12.0,2026-08-04 21:37:45+00:00,30.0
2026-08-04 21:37:25+00:00,3,3,17,50,10.0,1,17.0,17.0,12.0,12.0,3.0,0.0,0.0,0.0,15.0,17.0,12.0,2.7386127875258306,0.0,-33,12.0,2026-08-04 21:37:55+00:00,30.0
2026-08-04 21:37:35+00:00,3,3,17,50,10.0,1,17.0,17.0,17.0,12.0,3.0,0.0,0.0,0.0,16.0,17.0,12.0,2.23606797749979,0.0,-33,12.0,2026-08-04 21:38:05+00:00,30.0
2026-08-04 21:37:45+00:00,3,3,12,50,10.0,1,17.0,17.0,17.0,17.0,3.0,-5.0,-5.0,-0.16666666666666666,16.0,17.0,12.0,2.23606797749979,0.0,-38,12.0,2026-08-04 21:38:15+00:00,30.0
2026-08-04 21:37:55+00:00,3,3,12,50,10.0,1,17.0,17.0,17.0,17.0,3.0,-5.0,-5.0,-0.16666666666666666,16.0,17.0,12.0,2.23606797749979,0.0,-38,12.0,2026-08-04 21:38:25+00:00,30.0
2026-08-04 21:38:05+00:00,3,3,12,50,10.0,1,12.0,17.0,17.0,17.0,3.0,0.0,-5.0,-0.16666666666666666,15.0,17.0,12.0,2.7386127875258306,0.0,-38,12.0,2026-08-04 21:38:35+00:00,30.0
2026-08-04 21:38:15+00:00,3,3,12,50,10.0,1,12.0,12.0,17.0,17.0,3.0,0.0,0.0,0.0,14.0,17.0,12.0,2.7386127875258306,0.0,-38,12.0,2026-08-04 21:38:45+00:00,30.0
2026-08-04 21:38:25+00:00,3,3,12,50,10.0,1,12.0,12.0,17.0,17.0,3.0,0.0,0.0,0.0,14.0,17.0,12.0,2.7386127875258306,0.0,-38,18.0,2026-08-04 21:38:55+00:00,30.0
2026-08-04 21:38:35+00:00,3,3,12,50,10.0,1,12.0,12.0,12.0,17.0,3.0,0.0,0.0,0.0,13.0,17.0,12.0,2.23606797749979,0.0,-38,18.0,2026-08-04 21:39:05+00:00,30.0
2026-08-04 21:38:45+00:00,3,2,12,50,10.0,1,12.0,12.0,12.0,12.0,3.0,0.0,0.0,0.0,12.0,12.0,12.0,0.0,0.0,-38,18.0,2026-08-04 21:39:15+00:00,30.0
2026-08-04 21:38:55+00:00,2,2,18,50,10.0,1,12.0,12.0,12.0,12.0,3.0,6.0,6.0,0.2,13.2,18.0,12.0,2.6832815729997477,-1.0,-32,18.0,2026-08-04 21:39:25+00:00,30.0
2026-08-04 21:39:05+00:00,2,2,18,50,10.0,1,12.0,12.0,12.0,12.0,3.0,6.0,6.0,0.2,13.2,18.0,12.0,2.6832815729997477,-1.0,-32,18.0,2026-08-04 21:39:35+00:00,30.0
2026-08-04 21:39:15+00:00,2,2,18,50,10.0,1,18.0,12.0,12.0,12.0,2.0,0.0,6.0,0.2,14.4,18.0,12.0,3.286335345030997,0.0,-32,16.0,2026-08-04 21:39:45+00:00,30.0
2026-08-04 21:39:25+00:00,2,2,18,50,10.0,1,18.0,18.0,12.0,12.0,2.0,0.0,0.0,0.0,15.6,18.0,12.0,3.286335345030997,0.0,-32,16.0,2026-08-04 21:39:55+00:00,30.0
2026-08-04 21:39:35+00:00,2,2,18,50,10.0,1,18.0,18.0,12.0,12.0,2.0,0.0,0.0,0.0,15.6,18.0,12.0,3.286335345030997,0.0,-32,16.0,2026-08-04 21:40:05+00:00,30.0
2026-08-04 21:39:45+00:00,2,2,16,50,10.0,1,18.0,18.0,18.0,12.0,2.0,-2.0,-2.0,-0.06666666666666667,16.4,18.0,12.0,2.6076809620810595,0.0,-34,16.0,2026-08-04 21:40:15+00:00,30.0
2026-08-04 21:39:55+00:00,2,2,16,50,10.0,1,18.0,18.0,18.0,18.0,2.0,-2.0,-2.0,-0.06666666666666667,17.6,18.0,16.0,0.8944271909999159,0.0,-34,16.0,2026-08-04 21:40:25+00:00,30.0
2026-08-04 21:40:05+00:00,2,2,16,50,10.0,1,16.0,18.0,18.0,18.0,2.0,0.0,-2.0,-0.06666666666666667,17.2,18.0,16.0,1.0954451150103324,0.0,-34,16.0,2026-08-04 21:40:35+00:00,30.0
2026-08-04 21:40:15+00:00,2,2,16,50,10.0,1,16.0,16.0,18.0,18.0,2.0,0.0,0.0,0.0,16.8,18.0,16.0,1.0954451150103324,0.0,-34,19.0,2026-08-04 21:40:45+00:00,30.0
2026-08-04 21:40:25+00:00,2,2,16,50,10.0,1,16.0,16.0,18.0,18.0,2.0,0.0,0.0,0.0,16.8,18.0,16.0,1.0954451150103324,0.0,-34,19.0,2026-08-04 21:40:55+00:00,30.0
2026-08-04 21:40:35+00:00,2,2,16,50,10.0,1,16.0,16.0,16.0,18.0,2.0,0.0,0.0,0.0,16.4,18.0,16.0,0.8944271909999159,0.0,-34,19.0,2026-08-04 21:41:05+00:00,30.0
2026-08-04 21:40:45+00:00,2,2,19,50,10.0,1,16.0,16.0,16.0,16.0,2.0,3.0,3.0,0.1,16.6,19.0,16.0,1.341640786499874,0.0,-31,19.0,2026-08-04 21:41:15+00:00,30.0
2026-08-04 21:40:55+00:00,2,2,19,50,10.0,1,16.0,16.0,16.0,16.0,2.0,3.0,3.0,0.1,16.6,19.0,16.0,1.341640786499874,0.0,-31,19.0,2026-08-04 21:41:25+00:00,30.0
2026-08-04 21:41:05+00:00,2,2,19,50,10.0,1,19.0,16.0,16.0,16.0,2.0,0.0,3.0,0.1,17.2,19.0,16.0,1.6431676725154982,0.0,-31,19.0,2026-08-04 21:41:35+00:00,30.0
2026-08-04 21:41:15+00:00,2,2,19,50,10.0,1,19.0,19.0,16.0,16.0,2.0,0.0,0.0,0.0,17.8,19.0,16.0,1.6431676725154982,0.0,-31,19.0,2026-08-04 21:41:45+00:00,30.0
2026-08-04 21:41:25+00:00,2,2,19,50,10.0,1,19.0,19.0,16.0,16.0,2.0,0.0,0.0,0.0,17.8,19.0,16.0,1.6431676725154982,0.0,-31,19.0,2026-08-04 21:41:55+00:00,30.0
2026-08-04 21:41:35+00:00,2,2,19,50,10.0,1,19.0,19.0,19.0,16.0,2.0,0.0,0.0,0.0,18.4,19.0,16.0,1.3416407864998738,0.0,-31,19.0,2026-08-04 21:42:05+00:00,30.0
2026-08-04 21:41:45+00:00,2,2,19,50,10.0,1,19.0,19.0,19.0,19.0,2.0,0.0,0.0,0.0,19.0,19.0,19.0,0.0,0.0,-31,19.0,2026-08-04 21:42:15+00:00,30.0
2026-08-04 21:41:55+00:00,2,2,19,50,10.0,1,19.0,19.0,19.0,19.0,2.0,0.0,0.0,0.0,19.0,19.0,19.0,0.0,0.0,-31,19.0,2026-08-04 21:42:25+00:00,30.0
2026-08-04 21:42:05+00:00,2,2,19,50,10.0,1,19.0,19.0,19.0,19.0,2.0,0.0,0.0,0.0,19.0,19.0,19.0,0.0,0.0,-31,19.0,2026-08-04 21:42:35+00:00,30.0
2026-08-04 21:42:15+00:00,2,2,19,50,10.0,1,19.0,19.0,19.0,19.0,2.0,0.0,0.0,0.0,19.0,19.0,19.0,0.0,0.0,-31,35.0,2026-08-04 21:42:45+00:00,30.0
2026-08-04 21:42:25+00:00,2,1,19,50,10.0,1,19.0,19.0,19.0,19.0,2.0,0.0,0.0,0.0,19.0,19.0,19.0,0.0,0.0,-31,35.0,2026-08-04 21:42:55+00:00,30.0
2026-08-04 21:42:35+00:00,2,1,19,50,10.0,1,19.0,19.0,19.0,19.0,2.0,0.0,0.0,0.0,19.0,19.0,19.0,0.0,0.0,-31,35.0,2026-08-04 21:43:05+00:00,30.0
2026-08-04 21:42:45+00:00,1,1,35,50,10.0,1,19.0,19.0,19.0,19.0,2.0,16.0,16.0,0.5333333333333333,22.2,35.0,19.0,7.155417527999329,-1.0,-15,35.0,2026-08-04 21:43:15+00:00,30.0
2026-08-04 21:42:55+00:00,1,1,35,50,10.0,1,19.0,19.0,19.0,19.0,2.0,16.0,16.0,0.5333333333333333,22.2,35.0,19.0,7.155417527999329,-1.0,-15,35.0,2026-08-04 21:43:25+00:00,30.0
2026-08-04 21:43:05+00:00,1,1,35,50,10.0,1,35.0,19.0,19.0,19.0,1.0,0.0,16.0,0.5333333333333333,25.4,35.0,19.0,8.763560920082657,0.0,-15,35.0,2026-08-04 21:43:35+00:00,30.0
2026-08-04 21:43:15+00:00,1,1,35,50,10.0,1,35.0,35.0,19.0,19.0,1.0,0.0,0.0,0.0,28.6,35.0,19.0,8.763560920082657,0.0,-15,36.0,2026-08-04 21:43:45+00:00,30.0
2026-08-04 21:43:25+00:00,1,1,35,50,10.0,1,35.0,35.0,19.0,19.0,1.0,0.0,0.0,0.0,28.6,35.0,19.0,8.763560920082657,0.0,-15,36.0,2026-08-04 21:43:55+00:00,30.0
2026-08-04 21:43:35+00:00,1,1,35,50,10.0,1,35.0,35.0,35.0,19.0,1.0,0.0,0.0,0.0,31.8,35.0,19.0,7.155417527999327,0.0,-15,36.0,2026-08-04 21:44:05+00:00,30.0
2026-08-04 21:43:45+00:00,1,1,36,50,10.0,1,35.0,35.0,35.0,35.0,1.0,1.0,1.0,0.03333333333333333,35.2,36.0,35.0,0.4472135954999579,0.0,-14,36.0,2026-08-04 21:44:15+00:00,30.0
2026-08-04 21:43:55+00:00,1,1,36,50,10.0,1,35.0,35.0,35.0,35.0,1.0,1.0,1.0,0.03333333333333333,35.2,36.0,35.0,0.4472135954999579,0.0,-14,36.0,2026-08-04 21:44:25+00:00,30.0
2026-08-04 21:44:05+00:00,1,1,36,50,10.0,1,36.0,35.0,35.0,35.0,1.0,0.0,1.0,0.03333333333333333,35.4,36.0,35.0,0.5477225575051661,0.0,-14,36.0,2026-08-04 21:44:35+00:00,30.0
2026-08-04 21:44:15+00:00,1,1,36,50,10.0,1,36.0,36.0,35.0,35.0,1.0,0.0,0.0,0.0,35.6,36.0,35.0,0.5477225575051661,0.0,-14,36.0,2026-08-04 21:44:45+00:00,30.0
2026-08-04 21:44:25+00:00,1,1,36,50,10.0,1,36.0,36.0,35.0,35.0,1.0,0.0,0.0,0.0,35.6,36.0,35.0,0.5477225575051661,0.0,-14,36.0,2026-08-04 21:44:55+00:00,30.0
2026-08-04 21:44:35+00:00,1,1,36,50,10.0,1,36.0,36.0,36.0,35.0,1.0,0.0,0.0,0.0,35.8,36.0,35.0,0.4472135954999579,0.0,-14,36.0,2026-08-04 21:45:05+00:00,30.0
2026-08-04 21:44:45+00:00,1,1,36,50,10.0,1,36.0,36.0,36.0,36.0,1.0,0.0,0.0,0.0,36.0,36.0,36.0,0.0,0.0,-14,36.0,2026-08-04 21:45:15+00:00,30.0
2026-08-04 21:44:55+00:00,1,1,36,50,10.0,1,36.0,36.0,36.0,36.0,1.0,0.0,0.0,0.0,36.0,36.0,36.0,0.0,0.0,-14,36.0,2026-08-04 21:45:25+00:00,30.0
2026-08-04 21:45:05+00:00,1,1,36,50,10.0,1,36.0,36.0,36.0,36.0,1.0,0.0,0.0,0.0,36.0,36.0,36.0,0.0,0.0,-14,36.0,2026-08-04 21:45:35+00:00,30.0
2026-08-04 21:45:15+00:00,1,1,36,50,10.0,1,36.0,36.0,36.0,36.0,1.0,0.0,0.0,0.0,36.0,36.0,36.0,0.0,0.0,-14,36.0,2026-08-04 21:45:45+00:00,30.0
2026-08-04 21:45:25+00:00,1,1,36,50,10.0,1,36.0,36.0,36.0,36.0,1.0,0.0,0.0,0.0,36.0,36.0,36.0,0.0,0.0,-14,36.0,2026-08-04 21:45:55+00:00,30.0
2026-08-04 21:45:35+00:00,1,1,36,50,10.0,1,36.0,36.0,36.0,36.0,1.0,0.0,0.0,0.0,36.0,36.0,36.0,0.0,0.0,-14,36.0,2026-08-04 21:46:05+00:00,30.0
2026-08-04 21:45:45+00:00,1,1,36,50,10.0,1,36.0,36.0,36.0,36.0,1.0,0.0,0.0,0.0,36.0,36.0,36.0,0.0,0.0,-14,36.0,2026-08-04 21:46:15+00:00,30.0
2026-08-04 21:45:55+00:00,1,1,36,50,10.0,1,36.0,36.0,36.0,36.0,1.0,0.0,0.0,0.0,36.0,36.0,36.0,0.0,0.0,-14,36.0,2026-08-04 21:46:25+00:00,30.0
2026-08-04 21:46:05+00:00,1,1,36,50,10.0,1,36.0,36.0,36.0,36.0,1.0,0.0,0.0,0.0,36.0,36.0,36.0,0.0,0.0,-14,36.0,2026-08-04 21:46:35+00:00,30.0
2026-08-04 21:46:15+00:00,1,1,36,50,10.0,1,36.0,36.0,36.0,36.0,1.0,0.0,0.0,0.0,36.0,36.0,36.0,0.0,0.0,-14,36.0,2026-08-04 21:46:45+00:00,30.0
2026-08-04 21:46:25+00:00,1,1,36,50,10.0,1,36.0,36.0,36.0,36.0,1.0,0.0,0.0,0.0,36.0,36.0,36.0,0.0,0.0,-14,36.0,2026-08-04 21:46:55+00:00,30.0
2026-08-04 21:46:35+00:00,1,1,36,50,10.0,1,36.0,36.0,36.0,36.0,1.0,0.0,0.0,0.0,36.0,36.0,36.0,0.0,0.0,-14,36.0,2026-08-04 21:47:05+00:00,30.0
2026-08-04 21:46:45+00:00,1,1,36,50,10.0,1,36.0,36.0,36.0,36.0,1.0,0.0,0.0,0.0,36.0,36.0,36.0,0.0,0.0,-14,36.0,2026-08-04 21:47:15+00:00,30.0
2026-08-04 21:46:55+00:00,1,1,36,50,10.0,1,36.0,36.0,36.0,36.0,1.0,0.0,0.0,0.0,36.0,36.0,36.0,0.0,0.0,-14,36.0,2026-08-04 21:47:25+00:00,30.0
2026-08-04 21:47:05+00:00,1,1,36,50,10.0,1,36.0,36.0,36.0,36.0,1.0,0.0,0.0,0.0,36.0,36.0,36.0,0.0,0.0,-14,36.0,2026-08-04 21:47:35+00:00,30.0
2026-08-04 21:47:15+00:00,1,1,36,50,10.0,1,36.0,36.0,36.0,36.0,1.0,0.0,0.0,0.0,36.0,36.0,36.0,0.0,0.0,-14,36.0,2026-08-04 21:47:45+00:00,30.0
2026-08-04 21:47:25+00:00,1,1,36,50,10.0,1,36.0,36.0,36.0,36.0,1.0,0.0,0.0,0.0,36.0,36.0,36.0,0.0,0.0,-14,36.0,2026-08-04 21:47:55+00:00,30.0
2026-08-04 21:47:35+00:00,1,1,36,50,10.0,1,36.0,36.0,36.0,36.0,1.0,0.0,0.0,0.0,36.0,36.0,36.0,0.0,0.0,-14,36.0,2026-08-04 21:48:05+00:00,30.0
2026-08-04 21:47:45+00:00,1,1,36,50,10.0,1,36.0,36.0,36.0,36.0,1.0,0.0,0.0,0.0,36.0,36.0,36.0,0.0,0.0,-14,36.0,2026-08-04 21:48:15+00:00,30.0
2026-08-04 21:47:55+00:00,1,1,36,50,10.0,1,36.0,36.0,36.0,36.0,1.0,0.0,0.0,0.0,36.0,36.0,36.0,0.0,0.0,-14,36.0,2026-08-04 21:48:25+00:00,30.0
2026-08-04 21:48:05+00:00,1,1,36,50,10.0,1,36.0,36.0,36.0,36.0,1.0,0.0,0.0,0.0,36.0,36.0,36.0,0.0,0.0,-14,36.0,2026-08-04 21:48:35+00:00,30.0
2026-08-04 21:48:15+00:00,1,1,36,50,10.0,1,36.0,36.0,36.0,36.0,1.0,0.0,0.0,0.0,36.0,36.0,36.0,0.0,0.0,-14,36.0,2026-08-04 21:48:45+00:00,30.0
2026-08-04 21:48:25+00:00,1,1,36,50,10.0,1,36.0,36.0,36.0,36.0,1.0,0.0,0.0,0.0,36.0,36.0,36.0,0.0,0.0,-14,36.0,2026-08-04 21:48:55+00:00,30.0
2026-08-04 21:48:35+00:00,1,1,36,50,10.0,1,36.0,36.0,36.0,36.0,1.0,0.0,0.0,0.0,36.0,36.0,36.0,0.0,0.0,-14,36.0,2026-08-04 21:49:05+00:00,30.0
2026-08-04 21:48:45+00:00,1,1,36,50,10.0,1,36.0,36.0,36.0,36.0,1.0,0.0,0.0,0.0,36.0,36.0,36.0,0.0,0.0,-14,36.0,2026-08-04 21:49:15+00:00,30.0
2026-08-04 21:48:55+00:00,1,1,36,50,10.0,1,36.0,36.0,36.0,36.0,1.0,0.0,0.0,0.0,36.0,36.0,36.0,0.0,0.0,-14,36.0,2026-08-04 21:49:25+00:00,30.0
2026-08-04 21:49:05+00:00,1,1,36,50,10.0,1,36.0,36.0,36.0,36.0,1.0,0.0,0.0,0.0,36.0,36.0,36.0,0.0,0.0,-14,36.0,2026-08-04 21:49:35+00:00,30.0
2026-08-04 21:49:15+00:00,1,1,36,50,10.0,1,36.0,36.0,36.0,36.0,1.0,0.0,0.0,0.0,36.0,36.0,36.0,0.0,0.0,-14,36.0,2026-08-04 21:49:45+00:00,30.0
2026-08-04 21:49:25+00:00,1,1,36,50,10.0,1,36.0,36.0,36.0,36.0,1.0,0.0,0.0,0.0,36.0,36.0,36.0,0.0,0.0,-14,36.0,2026-08-04 21:49:55+00:00,30.0
2026-08-04 21:49:35+00:00,1,1,36,50,10.0,1,36.0,36.0,36.0,36.0,1.0,0.0,0.0,0.0,36.0,36.0,36.0,0.0,0.0,-14,36.0,2026-08-04 21:50:05+00:00,30.0
2026-08-04 21:49:45+00:00,1,1,36,50,10.0,1,36.0,36.0,36.0,36.0,1.0,0.0,0.0,0.0,36.0,36.0,36.0,0.0,0.0,-14,36.0,2026-08-04 21:50:15+00:00,30.0
2026-08-04 21:49:55+00:00,1,1,36,50,10.0,1,36.0,36.0,36.0,36.0,1.0,0.0,0.0,0.0,36.0,36.0,36.0,0.0,0.0,-14,36.0,2026-08-04 21:50:25+00:00,30.0
2026-08-04 21:50:05+00:00,1,1,36,50,10.0,1,36.0,36.0,36.0,36.0,1.0,0.0,0.0,0.0,36.0,36.0,36.0,0.0,0.0,-14,36.0,2026-08-04 21:50:35+00:00,30.0
2026-08-04 21:50:15+00:00,1,1,36,50,10.0,1,36.0,36.0,36.0,36.0,1.0,0.0,0.0,0.0,36.0,36.0,36.0,0.0,0.0,-14,36.0,2026-08-04 21:50:45+00:00,30.0
2026-08-04 21:50:25+00:00,1,1,36,50,10.0,1,36.0,36.0,36.0,36.0,1.0,0.0,0.0,0.0,36.0,36.0,36.0,0.0,0.0,-14,36.0,2026-08-04 21:50:55+00:00,30.0
2026-08-04 21:50:35+00:00,1,1,36,50,10.0,1,36.0,36.0,36.0,36.0,1.0,0.0,0.0,0.0,36.0,36.0,36.0,0.0,0.0,-14,36.0,2026-08-04 21:51:05+00:00,30.0
2026-08-04 21:50:45+00:00,1,1,36,50,10.0,1,36.0,36.0,36.0,36.0,1.0,0.0,0.0,0.0,36.0,36.0,36.0,0.0,0.0,-14,36.0,2026-08-04 21:51:15+00:00,30.0
2026-08-04 21:50:55+00:00,1,1,36,50,10.0,1,36.0,36.0,36.0,36.0,1.0,0.0,0.0,0.0,36.0,36.0,36.0,0.0,0.0,-14,36.0,2026-08-04 21:51:25+00:00,30.0
2026-08-04 21:51:05+00:00,1,1,36,50,10.0,1,36.0,36.0,36.0,36.0,1.0,0.0,0.0,0.0,36.0,36.0,36.0,0.0,0.0,-14,36.0,2026-08-04 21:51:35+00:00,30.0
2026-08-04 21:51:15+00:00,1,1,36,50,10.0,1,36.0,36.0,36.0,36.0,1.0,0.0,0.0,0.0,36.0,36.0,36.0,0.0,0.0,-14,36.0,2026-08-04 21:51:45+00:00,30.0
2026-08-04 21:51:25+00:00,1,1,36,50,10.0,1,36.0,36.0,36.0,36.0,1.0,0.0,0.0,0.0,36.0,36.0,36.0,0.0,0.0,-14,36.0,2026-08-04 21:51:55+00:00,30.0
2026-08-04 21:51:35+00:00,1,1,36,50,10.0,1,36.0,36.0,36.0,36.0,1.0,0.0,0.0,0.0,36.0,36.0,36.0,0.0,0.0,-14,36.0,2026-08-04 21:52:05+00:00,30.0
2026-08-04 21:51:45+00:00,1,1,36,50,10.0,1,36.0,36.0,36.0,36.0,1.0,0.0,0.0,0.0,36.0,36.0,36.0,0.0,0.0,-14,36.0,2026-08-04 21:52:15+00:00,30.0
2026-08-04 21:51:55+00:00,1,1,36,50,10.0,1,36.0,36.0,36.0,36.0,1.0,0.0,0.0,0.0,36.0,36.0,36.0,0.0,0.0,-14,36.0,2026-08-04 21:52:25+00:00,30.0
2026-08-04 21:52:05+00:00,1,1,36,50,10.0,1,36.0,36.0,36.0,36.0,1.0,0.0,0.0,0.0,36.0,36.0,36.0,0.0,0.0,-14,36.0,2026-08-04 21:52:35+00:00,30.0
2026-08-04 21:52:15+00:00,1,1,36,50,10.0,1,36.0,36.0,36.0,36.0,1.0,0.0,0.0,0.0,36.0,36.0,36.0,0.0,0.0,-14,36.0,2026-08-04 21:52:45+00:00,30.0
2026-08-04 21:52:25+00:00,1,1,36,50,10.0,1,36.0,36.0,36.0,36.0,1.0,0.0,0.0,0.0,36.0,36.0,36.0,0.0,0.0,-14,36.0,2026-08-04 21:52:55+00:00,30.0
2026-08-04 21:52:35+00:00,1,1,36,50,10.0,1,36.0,36.0,36.0,36.0,1.0,0.0,0.0,0.0,36.0,36.0,36.0,0.0,0.0,-14,36.0,2026-08-04 21:53:05+00:00,30.0
2026-08-04 21:52:45+00:00,1,1,36,50,10.0,1,36.0,36.0,36.0,36.0,1.0,0.0,0.0,0.0,36.0,36.0,36.0,0.0,0.0,-14,36.0,2026-08-04 21:53:15+00:00,30.0
2026-08-04 21:52:55+00:00,1,1,36,50,10.0,1,36.0,36.0,36.0,36.0,1.0,0.0,0.0,0.0,36.0,36.0,36.0,0.0,0.0,-14,36.0,2026-08-04 21:53:25+00:00,30.0
2026-08-04 21:53:05+00:00,1,1,36,50,10.0,1,36.0,36.0,36.0,36.0,1.0,0.0,0.0,0.0,36.0,36.0,36.0,0.0,0.0,-14,36.0,2026-08-04 21:53:35+00:00,30.0
2026-08-04 21:53:15+00:00,1,1,36,50,10.0,1,36.0,36.0,36.0,36.0,1.0,0.0,0.0,0.0,36.0,36.0,36.0,0.0,0.0,-14,36.0,2026-08-04 21:53:45+00:00,30.0
2026-08-04 21:53:25+00:00,1,1,36,50,10.0,1,36.0,36.0,36.0,36.0,1.0,0.0,0.0,0.0,36.0,36.0,36.0,0.0,0.0,-14,36.0,2026-08-04 21:53:55+00:00,30.0
2026-08-04 21:53:35+00:00,1,1,36,50,10.0,1,36.0,36.0,36.0,36.0,1.0,0.0,0.0,0.0,36.0,36.0,36.0,0.0,0.0,-14,36.0,2026-08-04 21:54:05+00:00,30.0
2026-08-04 21:53:45+00:00,1,1,36,50,10.0,1,36.0,36.0,36.0,36.0,1.0,0.0,0.0,0.0,36.0,36.0,36.0,0.0,0.0,-14,36.0,2026-08-04 21:54:15+00:00,30.0
2026-08-04 21:53:55+00:00,1,1,36,50,10.0,1,36.0,36.0,36.0,36.0,1.0,0.0,0.0,0.0,36.0,36.0,36.0,0.0,0.0,-14,36.0,2026-08-04 21:54:25+00:00,30.0
2026-08-04 21:54:05+00:00,1,1,36,50,10.0,1,36.0,36.0,36.0,36.0,1.0,0.0,0.0,0.0,36.0,36.0,36.0,0.0,0.0,-14,36.0,2026-08-04 21:54:35+00:00,30.0
2026-08-04 21:54:15+00:00,1,1,36,50,10.0,1,36.0,36.0,36.0,36.0,1.0,0.0,0.0,0.0,36.0,36.0,36.0,0.0,0.0,-14,36.0,2026-08-04 21:54:45+00:00,30.0
2026-08-04 21:54:25+00:00,1,1,36,50,10.0,1,36.0,36.0,36.0,36.0,1.0,0.0,0.0,0.0,36.0,36.0,36.0,0.0,0.0,-14,36.0,2026-08-04 21:54:55+00:00,30.0
2026-08-04 21:54:35+00:00,1,1,36,50,10.0,1,36.0,36.0,36.0,36.0,1.0,0.0,0.0,0.0,36.0,36.0,36.0,0.0,0.0,-14,36.0,2026-08-04 21:55:05+00:00,30.0
2026-08-04 21:54:45+00:00,1,1,36,50,10.0,1,36.0,36.0,36.0,36.0,1.0,0.0,0.0,0.0,36.0,36.0,36.0,0.0,0.0,-14,36.0,2026-08-04 21:55:15+00:00,30.0
2026-08-04 21:54:55+00:00,1,1,36,50,10.0,1,36.0,36.0,36.0,36.0,1.0,0.0,0.0,0.0,36.0,36.0,36.0,0.0,0.0,-14,36.0,2026-08-04 21:55:25+00:00,30.0
2026-08-04 21:55:05+00:00,1,1,36,50,10.0,1,36.0,36.0,36.0,36.0,1.0,0.0,0.0,0.0,36.0,36.0,36.0,0.0,0.0,-14,36.0,2026-08-04 21:55:35+00:00,30.0
2026-08-04 21:55:15+00:00,1,1,36,50,10.0,1,36.0,36.0,36.0,36.0,1.0,0.0,0.0,0.0,36.0,36.0,36.0,0.0,0.0,-14,55.0,2026-08-04 21:55:45+00:00,30.0
2026-08-04 21:55:25+00:00,1,1,36,50,10.0,1,36.0,36.0,36.0,36.0,1.0,0.0,0.0,0.0,36.0,36.0,36.0,0.0,0.0,-14,55.0,2026-08-04 21:55:55+00:00,30.0
2026-08-04 21:55:35+00:00,1,1,36,50,10.0,1,36.0,36.0,36.0,36.0,1.0,0.0,0.0,0.0,36.0,36.0,36.0,0.0,0.0,-14,55.0,2026-08-04 21:56:05+00:00,30.0
2026-08-04 21:55:45+00:00,1,1,55,50,10.0,1,36.0,36.0,36.0,36.0,1.0,19.0,19.0,0.6333333333333333,39.8,55.0,36.0,8.497058314499201,0.0,5,55.0,2026-08-04 21:56:15+00:00,30.0
2026-08-04 21:55:55+00:00,1,1,55,50,10.0,1,36.0,36.0,36.0,36.0,1.0,19.0,19.0,0.6333333333333333,39.8,55.0,36.0,8.497058314499201,0.0,5,55.0,2026-08-04 21:56:25+00:00,30.0
2026-08-04 21:56:05+00:00,1,1,55,50,10.0,1,55.0,36.0,36.0,36.0,1.0,0.0,19.0,0.6333333333333333,43.6,55.0,36.0,10.406728592598155,0.0,5,55.0,2026-08-04 21:56:35+00:00,30.0
2026-08-04 21:56:15+00:00,1,1,55,50,10.0,1,55.0,55.0,36.0,36.0,1.0,0.0,0.0,0.0,47.4,55.0,36.0,10.406728592598157,0.0,5,73.0,2026-08-04 21:56:45+00:00,30.0
2026-08-04 21:56:25+00:00,1,1,55,50,10.0,1,55.0,55.0,36.0,36.0,1.0,0.0,0.0,0.0,47.4,55.0,36.0,10.406728592598157,0.0,5,73.0,2026-08-04 21:56:55+00:00,30.0
2026-08-04 21:56:35+00:00,1,1,55,50,10.0,1,55.0,55.0,55.0,36.0,1.0,0.0,0.0,0.0,51.2,55.0,36.0,8.497058314499201,0.0,5,73.0,2026-08-04 21:57:05+00:00,30.0
2026-08-04 21:56:45+00:00,1,2,73,50,10.0,1,55.0,55.0,55.0,55.0,1.0,18.0,18.0,0.6,58.6,73.0,55.0,8.049844718999243,0.0,23,73.0,2026-08-04 21:57:15+00:00,30.0
2026-08-04 21:56:55+00:00,1,2,73,50,10.0,1,55.0,55.0,55.0,55.0,1.0,18.0,18.0,0.6,58.6,73.0,55.0,8.049844718999243,0.0,23,73.0,2026-08-04 21:57:25+00:00,30.0
2026-08-04 21:57:05+00:00,2,2,73,50,10.0,1,73.0,55.0,55.0,55.0,1.0,0.0,18.0,0.6,62.2,73.0,55.0,9.85900603509299,1.0,23,73.0,2026-08-04 21:57:35+00:00,30.0
2026-08-04 21:57:15+00:00,2,2,73,50,10.0,1,73.0,73.0,55.0,55.0,1.0,0.0,0.0,0.0,65.8,73.0,55.0,9.85900603509299,1.0,23,71.0,2026-08-04 21:57:45+00:00,30.0
2026-08-04 21:57:25+00:00,2,2,73,50,10.0,1,73.0,73.0,55.0,55.0,2.0,0.0,0.0,0.0,65.8,73.0,55.0,9.85900603509299,0.0,23,71.0,2026-08-04 21:57:55+00:00,30.0
2026-08-04 21:57:35+00:00,2,2,73,50,10.0,1,73.0,73.0,73.0,55.0,2.0,0.0,0.0,0.0,69.4,73.0,55.0,8.049844718999243,0.0,23,71.0,2026-08-04 21:58:05+00:00,30.0
2026-08-04 21:57:45+00:00,2,2,71,50,10.0,1,73.0,73.0,73.0,73.0,2.0,-2.0,-2.0,-0.06666666666666667,72.6,73.0,71.0,0.8944271909999159,0.0,21,71.0,2026-08-04 21:58:15+00:00,30.0
2026-08-04 21:57:55+00:00,2,2,71,50,10.0,1,73.0,73.0,73.0,73.0,2.0,-2.0,-2.0,-0.06666666666666667,72.6,73.0,71.0,0.8944271909999159,0.0,21,71.0,2026-08-04 21:58:25+00:00,30.0
2026-08-04 21:58:05+00:00,2,2,71,50,10.0,1,71.0,73.0,73.0,73.0,2.0,0.0,-2.0,-0.06666666666666667,72.2,73.0,71.0,1.0954451150103321,0.0,21,71.0,2026-08-04 21:58:35+00:00,30.0
2026-08-04 21:58:15+00:00,2,2,71,50,10.0,1,71.0,71.0,73.0,73.0,2.0,0.0,0.0,0.0,71.8,73.0,71.0,1.0954451150103321,0.0,21,36.0,2026-08-04 21:58:45+00:00,30.0
2026-08-04 21:58:25+00:00,2,2,71,50,10.0,1,71.0,71.0,73.0,73.0,2.0,0.0,0.0,0.0,71.8,73.0,71.0,1.0954451150103321,0.0,21,36.0,2026-08-04 21:58:55+00:00,30.0
2026-08-04 21:58:35+00:00,2,2,71,50,10.0,1,71.0,71.0,71.0,73.0,2.0,0.0,0.0,0.0,71.4,73.0,71.0,0.8944271909999159,0.0,21,36.0,2026-08-04 21:59:05+00:00,30.0
2026-08-04 21:58:45+00:00,2,2,36,50,10.0,1,71.0,71.0,71.0,71.0,2.0,-35.0,-35.0,-1.1666666666666667,64.0,71.0,36.0,15.652475842498529,0.0,-14,36.0,2026-08-04 21:59:15+00:00,30.0
2026-08-04 21:58:55+00:00,2,2,36,50,10.0,1,71.0,71.0,71.0,71.0,2.0,-35.0,-35.0,-1.1666666666666667,64.0,71.0,36.0,15.652475842498529,0.0,-14,36.0,2026-08-04 21:59:25+00:00,30.0
2026-08-04 21:59:05+00:00,2,2,36,50,10.0,1,36.0,71.0,71.0,71.0,2.0,0.0,-35.0,-1.1666666666666667,57.0,71.0,36.0,19.170289512680814,0.0,-14,36.0,2026-08-04 21:59:35+00:00,30.0
2026-08-04 21:59:15+00:00,2,2,36,50,10.0,1,36.0,36.0,71.0,71.0,2.0,0.0,0.0,0.0,50.0,71.0,36.0,19.170289512680814,0.0,-14,46.0,2026-08-04 21:59:45+00:00,30.0
2026-08-04 21:59:25+00:00,2,2,36,50,10.0,1,36.0,36.0,71.0,71.0,2.0,0.0,0.0,0.0,50.0,71.0,36.0,19.170289512680814,0.0,-14,46.0,2026-08-04 21:59:55+00:00,30.0
2026-08-04 21:59:35+00:00,2,2,36,50,10.0,1,36.0,36.0,36.0,71.0,2.0,0.0,0.0,0.0,43.0,71.0,36.0,15.652475842498529,0.0,-14,46.0,2026-08-04 22:00:05+00:00,30.0
2026-08-04 21:59:45+00:00,2,2,46,50,10.0,1,36.0,36.0,36.0,36.0,2.0,10.0,10.0,0.3333333333333333,38.0,46.0,36.0,4.47213595499958,0.0,-4,46.0,2026-08-04 22:00:15+00:00,30.0
2026-08-04 21:59:55+00:00,2,2,46,50,10.0,1,36.0,36.0,36.0,36.0,2.0,10.0,10.0,0.3333333333333333,38.0,46.0,36.0,4.47213595499958,0.0,-4,46.0,2026-08-04 22:00:25+00:00,30.0
2026-08-04 22:00:05+00:00,2,2,46,50,10.0,1,46.0,36.0,36.0,36.0,2.0,0.0,10.0,0.3333333333333333,40.0,46.0,36.0,5.477225575051661,0.0,-4,46.0,2026-08-04 22:00:35+00:00,30.0
2026-08-04 22:00:15+00:00,2,2,46,50,10.0,1,46.0,46.0,36.0,36.0,2.0,0.0,0.0,0.0,42.0,46.0,36.0,5.477225575051661,0.0,-4,55.0,2026-08-04 22:00:45+00:00,30.0
2026-08-04 22:00:25+00:00,2,2,46,50,10.0,1,46.0,46.0,36.0,36.0,2.0,0.0,0.0,0.0,42.0,46.0,36.0,5.477225575051661,0.0,-4,55.0,2026-08-04 22:00:55+00:00,30.0
2026-08-04 22:00:35+00:00,2,2,46,50,10.0,1,46.0,46.0,46.0,36.0,2.0,0.0,0.0,0.0,44.0,46.0,36.0,4.47213595499958,0.0,-4,55.0,2026-08-04 22:01:05+00:00,30.0
2026-08-04 22:00:45+00:00,2,2,55,50,10.0,1,46.0,46.0,46.0,46.0,2.0,9.0,9.0,0.3,47.8,55.0,46.0,4.024922359499621,0.0,5,55.0,2026-08-04 22:01:15+00:00,30.0
2026-08-04 22:00:55+00:00,2,2,55,50,10.0,1,46.0,46.0,46.0,46.0,2.0,9.0,9.0,0.3,47.8,55.0,46.0,4.024922359499621,0.0,5,55.0,2026-08-04 22:01:25+00:00,30.0
2026-08-04 22:01:05+00:00,2,2,55,50,10.0,1,55.0,46.0,46.0,46.0,2.0,0.0,9.0,0.3,49.6,55.0,46.0,4.929503017546495,0.0,5,55.0,2026-08-04 22:01:35+00:00,30.0
2026-08-04 22:01:15+00:00,2,2,55,50,10.0,1,55.0,55.0,46.0,46.0,2.0,0.0,0.0,0.0,51.4,55.0,46.0,4.929503017546495,0.0,5,55.0,2026-08-04 22:01:45+00:00,30.0
2026-08-04 22:01:25+00:00,2,2,55,50,10.0,1,55.0,55.0,46.0,46.0,2.0,0.0,0.0,0.0,51.4,55.0,46.0,4.929503017546495,0.0,5,55.0,2026-08-04 22:01:55+00:00,30.0
2026-08-04 22:01:35+00:00,2,2,55,50,10.0,1,55.0,55.0,55.0,46.0,2.0,0.0,0.0,0.0,53.2,55.0,46.0,4.024922359499621,0.0,5,55.0,2026-08-04 22:02:05+00:00,30.0
2026-08-04 22:01:45+00:00,2,2,55,50,10.0,1,55.0,55.0,55.0,55.0,2.0,0.0,0.0,0.0,55.0,55.0,55.0,0.0,0.0,5,55.0,2026-08-04 22:02:15+00:00,30.0
2026-08-04 22:01:55+00:00,2,2,55,50,10.0,1,55.0,55.0,55.0,55.0,2.0,0.0,0.0,0.0,55.0,55.0,55.0,0.0,0.0,5,55.0,2026-08-04 22:02:25+00:00,30.0
2026-08-04 22:02:05+00:00,2,2,55,50,10.0,1,55.0,55.0,55.0,55.0,2.0,0.0,0.0,0.0,55.0,55.0,55.0,0.0,0.0,5,55.0,2026-08-04 22:02:35+00:00,30.0
2026-08-04 22:02:15+00:00,2,2,55,50,10.0,1,55.0,55.0,55.0,55.0,2.0,0.0,0.0,0.0,55.0,55.0,55.0,0.0,0.0,5,55.0,2026-08-04 22:02:45+00:00,30.0
2026-08-04 22:02:25+00:00,2,2,55,50,10.0,1,55.0,55.0,55.0,55.0,2.0,0.0,0.0,0.0,55.0,55.0,55.0,0.0,0.0,5,55.0,2026-08-04 22:02:55+00:00,30.0
2026-08-04 22:02:35+00:00,2,2,55,50,10.0,1,55.0,55.0,55.0,55.0,2.0,0.0,0.0,0.0,55.0,55.0,55.0,0.0,0.0,5,55.0,2026-08-04 22:03:05+00:00,30.0
2026-08-04 22:02:45+00:00,2,2,55,50,10.0,1,55.0,55.0,55.0,55.0,2.0,0.0,0.0,0.0,55.0,55.0,55.0,0.0,0.0,5,55.0,2026-08-04 22:03:15+00:00,30.0
2026-08-04 22:02:55+00:00,2,2,55,50,10.0,1,55.0,55.0,55.0,55.0,2.0,0.0,0.0,0.0,55.0,55.0,55.0,0.0,0.0,5,55.0,2026-08-04 22:03:25+00:00,30.0
2026-08-04 22:03:05+00:00,2,2,55,50,10.0,1,55.0,55.0,55.0,55.0,2.0,0.0,0.0,0.0,55.0,55.0,55.0,0.0,0.0,5,55.0,2026-08-04 22:03:35+00:00,30.0
2026-08-04 22:03:15+00:00,2,2,55,50,10.0,1,55.0,55.0,55.0,55.0,2.0,0.0,0.0,0.0,55.0,55.0,55.0,0.0,0.0,5,63.0,2026-08-04 22:03:45+00:00,30.0
2026-08-04 22:03:25+00:00,2,2,55,50,10.0,1,55.0,55.0,55.0,55.0,2.0,0.0,0.0,0.0,55.0,55.0,55.0,0.0,0.0,5,63.0,2026-08-04 22:03:55+00:00,30.0
2026-08-04 22:03:35+00:00,2,2,55,50,10.0,1,55.0,55.0,55.0,55.0,2.0,0.0,0.0,0.0,55.0,55.0,55.0,0.0,0.0,5,63.0,2026-08-04 22:04:05+00:00,30.0
2026-08-04 22:03:45+00:00,2,3,63,50,10.0,1,55.0,55.0,55.0,55.0,2.0,8.0,8.0,0.26666666666666666,56.6,63.0,55.0,3.577708763999663,0.0,13,63.0,2026-08-04 22:04:15+00:00,30.0
2026-08-04 22:03:55+00:00,2,3,63,50,10.0,1,55.0,55.0,55.0,55.0,2.0,8.0,8.0,0.26666666666666666,56.6,63.0,55.0,3.577708763999663,0.0,13,63.0,2026-08-04 22:04:25+00:00,30.0
2026-08-04 22:04:05+00:00,3,3,63,50,10.0,1,63.0,55.0,55.0,55.0,2.0,0.0,8.0,0.26666666666666666,58.2,63.0,55.0,4.3817804600413295,1.0,13,63.0,2026-08-04 22:04:35+00:00,30.0
2026-08-04 22:04:15+00:00,3,3,63,50,10.0,1,63.0,63.0,55.0,55.0,2.0,0.0,0.0,0.0,59.8,63.0,55.0,4.3817804600413295,1.0,13,72.0,2026-08-04 22:04:45+00:00,30.0
2026-08-04 22:04:25+00:00,3,3,63,50,10.0,1,63.0,63.0,55.0,55.0,3.0,0.0,0.0,0.0,59.8,63.0,55.0,4.3817804600413295,0.0,13,72.0,2026-08-04 22:04:55+00:00,30.0
2026-08-04 22:04:35+00:00,3,3,63,50,10.0,1,63.0,63.0,63.0,55.0,3.0,0.0,0.0,0.0,61.4,63.0,55.0,3.5777087639996634,0.0,13,72.0,2026-08-04 22:05:05+00:00,30.0
2026-08-04 22:04:45+00:00,3,3,72,50,10.0,1,63.0,63.0,63.0,63.0,3.0,9.0,9.0,0.3,64.8,72.0,63.0,4.024922359499621,0.0,22,72.0,2026-08-04 22:05:15+00:00,30.0
2026-08-04 22:04:55+00:00,3,3,72,50,10.0,1,63.0,63.0,63.0,63.0,3.0,9.0,9.0,0.3,64.8,72.0,63.0,4.024922359499621,0.0,22,72.0,2026-08-04 22:05:25+00:00,30.0
2026-08-04 22:05:05+00:00,3,3,72,50,10.0,1,72.0,63.0,63.0,63.0,3.0,0.0,9.0,0.3,66.6,72.0,63.0,4.9295030175464944,0.0,22,72.0,2026-08-04 22:05:35+00:00,30.0
2026-08-04 22:05:15+00:00,3,3,72,50,10.0,1,72.0,72.0,63.0,63.0,3.0,0.0,0.0,0.0,68.4,72.0,63.0,4.9295030175464944,0.0,22,50.0,2026-08-04 22:05:45+00:00,30.0
2026-08-04 22:05:25+00:00,3,3,72,50,10.0,1,72.0,72.0,63.0,63.0,3.0,0.0,0.0,0.0,68.4,72.0,63.0,4.9295030175464944,0.0,22,50.0,2026-08-04 22:05:55+00:00,30.0
2026-08-04 22:05:35+00:00,3,3,72,50,10.0,1,72.0,72.0,72.0,63.0,3.0,0.0,0.0,0.0,70.2,72.0,63.0,4.024922359499621,0.0,22,50.0,2026-08-04 22:06:05+00:00,30.0
2026-08-04 22:05:45+00:00,3,3,50,50,10.0,1,72.0,72.0,72.0,72.0,3.0,-22.0,-22.0,-0.7333333333333333,67.6,72.0,50.0,9.838699100999076,0.0,0,50.0,2026-08-04 22:06:15+00:00,30.0
2026-08-04 22:05:55+00:00,3,3,50,50,10.0,1,72.0,72.0,72.0,72.0,3.0,-22.0,-22.0,-0.7333333333333333,67.6,72.0,50.0,9.838699100999076,0.0,0,50.0,2026-08-04 22:06:25+00:00,30.0
2026-08-04 22:06:05+00:00,3,3,50,50,10.0,1,50.0,72.0,72.0,72.0,3.0,0.0,-22.0,-0.7333333333333333,63.2,72.0,50.0,12.049896265113654,0.0,0,50.0,2026-08-04 22:06:35+00:00,30.0
2026-08-04 22:06:15+00:00,3,3,50,50,10.0,1,50.0,50.0,72.0,72.0,3.0,0.0,0.0,0.0,58.8,72.0,50.0,12.049896265113654,0.0,0,49.0,2026-08-04 22:06:45+00:00,30.0
2026-08-04 22:06:25+00:00,3,3,50,50,10.0,1,50.0,50.0,72.0,72.0,3.0,0.0,0.0,0.0,58.8,72.0,50.0,12.049896265113654,0.0,0,49.0,2026-08-04 22:06:55+00:00,30.0
2026-08-04 22:06:35+00:00,3,3,50,50,10.0,1,50.0,50.0,50.0,72.0,3.0,0.0,0.0,0.0,54.4,72.0,50.0,9.838699100999074,0.0,0,49.0,2026-08-04 22:07:05+00:00,30.0
2026-08-04 22:06:45+00:00,3,3,49,50,10.0,1,50.0,50.0,50.0,50.0,3.0,-1.0,-1.0,-0.03333333333333333,49.8,50.0,49.0,0.4472135954999579,0.0,-1,49.0,2026-08-04 22:07:15+00:00,30.0
2026-08-04 22:06:55+00:00,3,3,49,50,10.0,1,50.0,50.0,50.0,50.0,3.0,-1.0,-1.0,-0.03333333333333333,49.8,50.0,49.0,0.4472135954999579,0.0,-1,49.0,2026-08-04 22:07:25+00:00,30.0
2026-08-04 22:07:05+00:00,3,3,49,50,10.0,1,49.0,50.0,50.0,50.0,3.0,0.0,-1.0,-0.03333333333333333,49.6,50.0,49.0,0.5477225575051661,0.0,-1,49.0,2026-08-04 22:07:35+00:00,30.0
2026-08-04 22:07:15+00:00,3,3,49,50,10.0,1,49.0,49.0,50.0,50.0,3.0,0.0,0.0,0.0,49.4,50.0,49.0,0.5477225575051661,0.0,-1,55.0,2026-08-04 22:07:45+00:00,30.0
2026-08-04 22:07:25+00:00,3,3,49,50,10.0,1,49.0,49.0,50.0,50.0,3.0,0.0,0.0,0.0,49.4,50.0,49.0,0.5477225575051661,0.0,-1,55.0,2026-08-04 22:07:55+00:00,30.0
2026-08-04 22:07:35+00:00,3,3,49,50,10.0,1,49.0,49.0,49.0,50.0,3.0,0.0,0.0,0.0,49.2,50.0,49.0,0.4472135954999579,0.0,-1,55.0,2026-08-04 22:08:05+00:00,30.0
2026-08-04 22:07:45+00:00,3,3,55,50,10.0,1,49.0,49.0,49.0,49.0,3.0,6.0,6.0,0.2,50.2,55.0,49.0,2.683281572999748,0.0,5,55.0,2026-08-04 22:08:15+00:00,30.0
2026-08-04 22:07:55+00:00,3,3,55,50,10.0,1,49.0,49.0,49.0,49.0,3.0,6.0,6.0,0.2,50.2,55.0,49.0,2.683281572999748,0.0,5,55.0,2026-08-04 22:08:25+00:00,30.0
2026-08-04 22:08:05+00:00,3,3,55,50,10.0,1,55.0,49.0,49.0,49.0,3.0,0.0,6.0,0.2,51.4,55.0,49.0,3.2863353450309964,0.0,5,55.0,2026-08-04 22:08:35+00:00,30.0
2026-08-04 22:08:15+00:00,3,3,55,50,10.0,1,55.0,55.0,49.0,49.0,3.0,0.0,0.0,0.0,52.6,55.0,49.0,3.2863353450309964,0.0,5,62.0,2026-08-04 22:08:45+00:00,30.0
2026-08-04 22:08:25+00:00,3,3,55,50,10.0,1,55.0,55.0,49.0,49.0,3.0,0.0,0.0,0.0,52.6,55.0,49.0,3.2863353450309964,0.0,5,62.0,2026-08-04 22:08:55+00:00,30.0
2026-08-04 22:08:35+00:00,3,3,55,50,10.0,1,55.0,55.0,55.0,49.0,3.0,0.0,0.0,0.0,53.8,55.0,49.0,2.6832815729997477,0.0,5,62.0,2026-08-04 22:09:05+00:00,30.0
2026-08-04 22:08:45+00:00,3,4,62,50,10.0,1,55.0,55.0,55.0,55.0,3.0,7.0,7.0,0.23333333333333334,56.4,62.0,55.0,3.1304951684997055,0.0,12,62.0,2026-08-04 22:09:15+00:00,30.0
2026-08-04 22:08:55+00:00,3,4,62,50,10.0,1,55.0,55.0,55.0,55.0,3.0,7.0,7.0,0.23333333333333334,56.4,62.0,55.0,3.1304951684997055,0.0,12,62.0,2026-08-04 22:09:25+00:00,30.0
2026-08-04 22:09:05+00:00,4,4,62,50,10.0,1,62.0,55.0,55.0,55.0,3.0,0.0,7.0,0.23333333333333334,57.8,62.0,55.0,3.8340579025361627,1.0,12,62.0,2026-08-04 22:09:35+00:00,30.0
2026-08-04 22:09:15+00:00,4,4,62,50,10.0,1,62.0,62.0,55.0,55.0,3.0,0.0,0.0,0.0,59.2,62.0,55.0,3.834057902536163,1.0,12,47.0,2026-08-04 22:09:45+00:00,30.0
2026-08-04 22:09:25+00:00,4,4,62,50,10.0,1,62.0,62.0,55.0,55.0,4.0,0.0,0.0,0.0,59.2,62.0,55.0,3.834057902536163,0.0,12,47.0,2026-08-04 22:09:55+00:00,30.0
2026-08-04 22:09:35+00:00,4,4,62,50,10.0,1,62.0,62.0,62.0,55.0,4.0,0.0,0.0,0.0,60.6,62.0,55.0,3.1304951684997055,0.0,12,47.0,2026-08-04 22:10:05+00:00,30.0
2026-08-04 22:09:45+00:00,4,4,47,50,10.0,1,62.0,62.0,62.0,62.0,4.0,-15.0,-15.0,-0.5,59.0,62.0,47.0,6.708203932499369,0.0,-3,47.0,2026-08-04 22:10:15+00:00,30.0
2026-08-04 22:09:55+00:00,4,4,47,50,10.0,1,62.0,62.0,62.0,62.0,4.0,-15.0,-15.0,-0.5,59.0,62.0,47.0,6.708203932499369,0.0,-3,47.0,2026-08-04 22:10:25+00:00,30.0
2026-08-04 22:10:05+00:00,4,4,47,50,10.0,1,47.0,62.0,62.0,62.0,4.0,0.0,-15.0,-0.5,56.0,62.0,47.0,8.215838362577491,0.0,-3,47.0,2026-08-04 22:10:35+00:00,30.0
2026-08-04 22:10:15+00:00,4,4,47,50,10.0,1,47.0,47.0,62.0,62.0,4.0,0.0,0.0,0.0,53.0,62.0,47.0,8.215838362577491,0.0,-3,45.0,2026-08-04 22:10:45+00:00,30.0
2026-08-04 22:10:25+00:00,4,4,47,50,10.0,1,47.0,47.0,62.0,62.0,4.0,0.0,0.0,0.0,53.0,62.0,47.0,8.215838362577491,0.0,-3,45.0,2026-08-04 22:10:55+00:00,30.0
2026-08-04 22:10:35+00:00,4,4,47,50,10.0,1,47.0,47.0,47.0,62.0,4.0,0.0,0.0,0.0,50.0,62.0,47.0,6.708203932499369,0.0,-3,45.0,2026-08-04 22:11:05+00:00,30.0
2026-08-04 22:10:45+00:00,4,4,45,50,10.0,1,47.0,47.0,47.0,47.0,4.0,-2.0,-2.0,-0.06666666666666667,46.6,47.0,45.0,0.8944271909999159,0.0,-5,45.0,2026-08-04 22:11:15+00:00,30.0
2026-08-04 22:10:55+00:00,4,4,45,50,10.0,1,47.0,47.0,47.0,47.0,4.0,-2.0,-2.0,-0.06666666666666667,46.6,47.0,45.0,0.8944271909999159,0.0,-5,45.0,2026-08-04 22:11:25+00:00,30.0
2026-08-04 22:11:05+00:00,4,4,45,50,10.0,1,45.0,47.0,47.0,47.0,4.0,0.0,-2.0,-0.06666666666666667,46.2,47.0,45.0,1.0954451150103321,0.0,-5,45.0,2026-08-04 22:11:35+00:00,30.0
2026-08-04 22:11:15+00:00,4,4,45,50,10.0,1,45.0,45.0,47.0,47.0,4.0,0.0,0.0,0.0,45.8,47.0,45.0,1.0954451150103321,0.0,-5,51.0,2026-08-04 22:11:45+00:00,30.0
2026-08-04 22:11:25+00:00,4,4,45,50,10.0,1,45.0,45.0,47.0,47.0,4.0,0.0,0.0,0.0,45.8,47.0,45.0,1.0954451150103321,0.0,-5,51.0,2026-08-04 22:11:55+00:00,30.0
2026-08-04 22:11:35+00:00,4,4,45,50,10.0,1,45.0,45.0,45.0,47.0,4.0,0.0,0.0,0.0,45.4,47.0,45.0,0.8944271909999159,0.0,-5,51.0,2026-08-04 22:12:05+00:00,30.0
2026-08-04 22:11:45+00:00,4,4,51,50,10.0,1,45.0,45.0,45.0,45.0,4.0,6.0,6.0,0.2,46.2,51.0,45.0,2.683281572999748,0.0,1,51.0,2026-08-04 22:12:15+00:00,30.0
2026-08-04 22:11:55+00:00,4,4,51,50,10.0,1,45.0,45.0,45.0,45.0,4.0,6.0,6.0,0.2,46.2,51.0,45.0,2.683281572999748,0.0,1,51.0,2026-08-04 22:12:25+00:00,30.0
2026-08-04 22:12:05+00:00,4,4,51,50,10.0,1,51.0,45.0,45.0,45.0,4.0,0.0,6.0,0.2,47.4,51.0,45.0,3.2863353450309964,0.0,1,51.0,2026-08-04 22:12:35+00:00,30.0
2026-08-04 22:12:15+00:00,4,4,51,50,10.0,1,51.0,51.0,45.0,45.0,4.0,0.0,0.0,0.0,48.6,51.0,45.0,3.2863353450309964,0.0,1,53.0,2026-08-04 22:12:45+00:00,30.0
2026-08-04 22:12:25+00:00,4,4,51,50,10.0,1,51.0,51.0,45.0,45.0,4.0,0.0,0.0,0.0,48.6,51.0,45.0,3.2863353450309964,0.0,1,53.0,2026-08-04 22:12:55+00:00,30.0
2026-08-04 22:12:35+00:00,4,4,51,50,10.0,1,51.0,51.0,51.0,45.0,4.0,0.0,0.0,0.0,49.8,51.0,45.0,2.6832815729997477,0.0,1,53.0,2026-08-04 22:13:05+00:00,30.0
2026-08-04 22:12:45+00:00,4,4,53,50,10.0,1,51.0,51.0,51.0,51.0,4.0,2.0,2.0,0.06666666666666667,51.4,53.0,51.0,0.8944271909999159,0.0,3,53.0,2026-08-04 22:13:15+00:00,30.0
2026-08-04 22:12:55+00:00,4,4,53,50,10.0,1,51.0,51.0,51.0,51.0,4.0,2.0,2.0,0.06666666666666667,51.4,53.0,51.0,0.8944271909999159,0.0,3,53.0,2026-08-04 22:13:25+00:00,30.0
2026-08-04 22:13:05+00:00,4,4,53,50,10.0,1,53.0,51.0,51.0,51.0,4.0,0.0,2.0,0.06666666666666667,51.8,53.0,51.0,1.0954451150103321,0.0,3,53.0,2026-08-04 22:13:35+00:00,30.0
2026-08-04 22:13:15+00:00,4,4,53,50,10.0,1,53.0,53.0,51.0,51.0,4.0,0.0,0.0,0.0,52.2,53.0,51.0,1.0954451150103321,0.0,3,55.0,2026-08-04 22:13:45+00:00,30.0
2026-08-04 22:13:25+00:00,4,4,53,50,10.0,1,53.0,53.0,51.0,51.0,4.0,0.0,0.0,0.0,52.2,53.0,51.0,1.0954451150103321,0.0,3,55.0,2026-08-04 22:13:55+00:00,30.0
2026-08-04 22:13:35+00:00,4,4,53,50,10.0,1,53.0,53.0,53.0,51.0,4.0,0.0,0.0,0.0,52.6,53.0,51.0,0.8944271909999159,0.0,3,55.0,2026-08-04 22:14:05+00:00,30.0
2026-08-04 22:13:45+00:00,4,4,55,50,10.0,1,53.0,53.0,53.0,53.0,4.0,2.0,2.0,0.06666666666666667,53.4,55.0,53.0,0.8944271909999159,0.0,5,55.0,2026-08-04 22:14:15+00:00,30.0
2026-08-04 22:13:55+00:00,4,4,55,50,10.0,1,53.0,53.0,53.0,53.0,4.0,2.0,2.0,0.06666666666666667,53.4,55.0,53.0,0.8944271909999159,0.0,5,55.0,2026-08-04 22:14:25+00:00,30.0
2026-08-04 22:14:05+00:00,4,4,55,50,10.0,1,55.0,53.0,53.0,53.0,4.0,0.0,2.0,0.06666666666666667,53.8,55.0,53.0,1.0954451150103321,0.0,5,55.0,2026-08-04 22:14:35+00:00,30.0
2026-08-04 22:14:15+00:00,4,4,55,50,10.0,1,55.0,55.0,53.0,53.0,4.0,0.0,0.0,0.0,54.2,55.0,53.0,1.0954451150103321,0.0,5,61.0,2026-08-04 22:14:45+00:00,30.0
2026-08-04 22:14:25+00:00,4,4,55,50,10.0,1,55.0,55.0,53.0,53.0,4.0,0.0,0.0,0.0,54.2,55.0,53.0,1.0954451150103321,0.0,5,61.0,2026-08-04 22:14:55+00:00,30.0
2026-08-04 22:14:35+00:00,4,4,55,50,10.0,1,55.0,55.0,55.0,53.0,4.0,0.0,0.0,0.0,54.6,55.0,53.0,0.8944271909999159,0.0,5,61.0,2026-08-04 22:15:05+00:00,30.0
2026-08-04 22:14:45+00:00,4,5,61,50,10.0,1,55.0,55.0,55.0,55.0,4.0,6.0,6.0,0.2,56.2,61.0,55.0,2.683281572999748,0.0,11,61.0,2026-08-04 22:15:15+00:00,30.0
2026-08-04 22:14:55+00:00,4,5,61,50,10.0,1,55.0,55.0,55.0,55.0,4.0,6.0,6.0,0.2,56.2,61.0,55.0,2.683281572999748,0.0,11,61.0,2026-08-04 22:15:25+00:00,30.0
2026-08-04 22:15:05+00:00,5,5,61,50,10.0,1,61.0,55.0,55.0,55.0,4.0,0.0,6.0,0.2,57.4,61.0,55.0,3.2863353450309964,1.0,11,61.0,2026-08-04 22:15:35+00:00,30.0
2026-08-04 22:15:15+00:00,5,5,61,50,10.0,1,61.0,61.0,55.0,55.0,4.0,0.0,0.0,0.0,58.6,61.0,55.0,3.2863353450309964,1.0,11,50.0,2026-08-04 22:15:45+00:00,30.0
2026-08-04 22:15:25+00:00,5,5,61,50,10.0,1,61.0,61.0,55.0,55.0,5.0,0.0,0.0,0.0,58.6,61.0,55.0,3.2863353450309964,0.0,11,50.0,2026-08-04 22:15:55+00:00,30.0
2026-08-04 22:15:35+00:00,5,5,61,50,10.0,1,61.0,61.0,61.0,55.0,5.0,0.0,0.0,0.0,59.8,61.0,55.0,2.6832815729997477,0.0,11,50.0,2026-08-04 22:16:05+00:00,30.0
2026-08-04 22:15:45+00:00,5,5,50,50,10.0,1,61.0,61.0,61.0,61.0,5.0,-11.0,-11.0,-0.36666666666666664,58.8,61.0,50.0,4.919349550499538,0.0,0,50.0,2026-08-04 22:16:15+00:00,30.0
2026-08-04 22:15:55+00:00,5,5,50,50,10.0,1,61.0,61.0,61.0,61.0,5.0,-11.0,-11.0,-0.36666666666666664,58.8,61.0,50.0,4.919349550499538,0.0,0,50.0,2026-08-04 22:16:25+00:00,30.0
2026-08-04 22:16:05+00:00,5,5,50,50,10.0,1,50.0,61.0,61.0,61.0,5.0,0.0,-11.0,-0.36666666666666664,56.6,61.0,50.0,6.024948132556827,0.0,0,50.0,2026-08-04 22:16:35+00:00,30.0
2026-08-04 22:16:15+00:00,5,5,50,50,10.0,1,50.0,50.0,61.0,61.0,5.0,0.0,0.0,0.0,54.4,61.0,50.0,6.024948132556827,0.0,0,44.0,2026-08-04 22:16:45+00:00,30.0
2026-08-04 22:16:25+00:00,5,5,50,50,10.0,1,50.0,50.0,61.0,61.0,5.0,0.0,0.0,0.0,54.4,61.0,50.0,6.024948132556827,0.0,0,44.0,2026-08-04 22:16:55+00:00,30.0
2026-08-04 22:16:35+00:00,5,5,50,50,10.0,1,50.0,50.0,50.0,61.0,5.0,0.0,0.0,0.0,52.2,61.0,50.0,4.919349550499538,0.0,0,44.0,2026-08-04 22:17:05+00:00,30.0
2026-08-04 22:16:45+00:00,5,5,44,50,10.0,1,50.0,50.0,50.0,50.0,5.0,-6.0,-6.0,-0.2,48.8,50.0,44.0,2.683281572999748,0.0,-6,44.0,2026-08-04 22:17:15+00:00,30.0
2026-08-04 22:16:55+00:00,5,5,44,50,10.0,1,50.0,50.0,50.0,50.0,5.0,-6.0,-6.0,-0.2,48.8,50.0,44.0,2.683281572999748,0.0,-6,44.0,2026-08-04 22:17:25+00:00,30.0
2026-08-04 22:17:05+00:00,5,5,44,50,10.0,1,44.0,50.0,50.0,50.0,5.0,0.0,-6.0,-0.2,47.6,50.0,44.0,3.2863353450309964,0.0,-6,44.0,2026-08-04 22:17:35+00:00,30.0
2026-08-04 22:17:15+00:00,5,5,44,50,10.0,1,44.0,44.0,50.0,50.0,5.0,0.0,0.0,0.0,46.4,50.0,44.0,3.2863353450309964,0.0,-6,44.0,2026-08-04 22:17:45+00:00,30.0
2026-08-04 22:17:25+00:00,5,5,44,50,10.0,1,44.0,44.0,50.0,50.0,5.0,0.0,0.0,0.0,46.4,50.0,44.0,3.2863353450309964,0.0,-6,44.0,2026-08-04 22:17:55+00:00,30.0
2026-08-04 22:17:35+00:00,5,5,44,50,10.0,1,44.0,44.0,44.0,50.0,5.0,0.0,0.0,0.0,45.2,50.0,44.0,2.6832815729997477,0.0,-6,44.0,2026-08-04 22:18:05+00:00,30.0
2026-08-04 22:17:45+00:00,5,5,44,50,10.0,1,44.0,44.0,44.0,44.0,5.0,0.0,0.0,0.0,44.0,44.0,44.0,0.0,0.0,-6,44.0,2026-08-04 22:18:15+00:00,30.0
2026-08-04 22:17:55+00:00,5,5,44,50,10.0,1,44.0,44.0,44.0,44.0,5.0,0.0,0.0,0.0,44.0,44.0,44.0,0.0,0.0,-6,44.0,2026-08-04 22:18:25+00:00,30.0
2026-08-04 22:18:05+00:00,5,5,44,50,10.0,1,44.0,44.0,44.0,44.0,5.0,0.0,0.0,0.0,44.0,44.0,44.0,0.0,0.0,-6,44.0,2026-08-04 22:18:35+00:00,30.0
2026-08-04 22:18:15+00:00,5,5,44,50,10.0,1,44.0,44.0,44.0,44.0,5.0,0.0,0.0,0.0,44.0,44.0,44.0,0.0,0.0,-6,44.0,2026-08-04 22:18:45+00:00,30.0
2026-08-04 22:18:25+00:00,5,5,44,50,10.0,1,44.0,44.0,44.0,44.0,5.0,0.0,0.0,0.0,44.0,44.0,44.0,0.0,0.0,-6,44.0,2026-08-04 22:18:55+00:00,30.0
2026-08-04 22:18:35+00:00,5,5,44,50,10.0,1,44.0,44.0,44.0,44.0,5.0,0.0,0.0,0.0,44.0,44.0,44.0,0.0,0.0,-6,44.0,2026-08-04 22:19:05+00:00,30.0
2026-08-04 22:18:45+00:00,5,5,44,50,10.0,1,44.0,44.0,44.0,44.0,5.0,0.0,0.0,0.0,44.0,44.0,44.0,0.0,0.0,-6,44.0,2026-08-04 22:19:15+00:00,30.0
2026-08-04 22:18:55+00:00,5,5,44,50,10.0,1,44.0,44.0,44.0,44.0,5.0,0.0,0.0,0.0,44.0,44.0,44.0,0.0,0.0,-6,44.0,2026-08-04 22:19:25+00:00,30.0
2026-08-04 22:19:05+00:00,5,5,44,50,10.0,1,44.0,44.0,44.0,44.0,5.0,0.0,0.0,0.0,44.0,44.0,44.0,0.0,0.0,-6,44.0,2026-08-04 22:19:35+00:00,30.0
2026-08-04 22:19:15+00:00,5,5,44,50,10.0,1,44.0,44.0,44.0,44.0,5.0,0.0,0.0,0.0,44.0,44.0,44.0,0.0,0.0,-6,44.0,2026-08-04 22:19:45+00:00,30.0
2026-08-04 22:19:25+00:00,5,5,44,50,10.0,1,44.0,44.0,44.0,44.0,5.0,0.0,0.0,0.0,44.0,44.0,44.0,0.0,0.0,-6,45.0,2026-08-04 22:19:55+00:00,30.0
2026-08-04 22:19:35+00:00,5,5,44,50,10.0,1,44.0,44.0,44.0,44.0,5.0,0.0,0.0,0.0,44.0,44.0,44.0,0.0,0.0,-6,45.0,2026-08-04 22:20:05+00:00,30.0
2026-08-04 22:19:45+00:00,5,5,44,50,10.0,1,44.0,44.0,44.0,44.0,5.0,0.0,0.0,0.0,44.0,44.0,44.0,0.0,0.0,-6,45.0,2026-08-04 22:20:15+00:00,30.0
2026-08-04 22:19:55+00:00,5,5,45,50,10.0,1,44.0,44.0,44.0,44.0,5.0,1.0,1.0,0.03333333333333333,44.2,45.0,44.0,0.4472135954999579,0.0,-5,45.0,2026-08-04 22:20:25+00:00,30.0
2026-08-04 22:20:05+00:00,5,5,45,50,10.0,1,44.0,44.0,44.0,44.0,5.0,1.0,1.0,0.03333333333333333,44.2,45.0,44.0,0.4472135954999579,0.0,-5,45.0,2026-08-04 22:20:35+00:00,30.0
2026-08-04 22:20:15+00:00,5,5,45,50,10.0,1,45.0,44.0,44.0,44.0,5.0,0.0,1.0,0.03333333333333333,44.4,45.0,44.0,0.5477225575051661,0.0,-5,45.0,2026-08-04 22:20:45+00:00,30.0
2026-08-04 22:20:25+00:00,5,5,45,50,10.0,1,45.0,45.0,44.0,44.0,5.0,0.0,0.0,0.0,44.6,45.0,44.0,0.5477225575051661,0.0,-5,44.0,2026-08-04 22:20:55+00:00,30.0
2026-08-04 22:20:35+00:00,5,5,45,50,10.0,1,45.0,45.0,44.0,44.0,5.0,0.0,0.0,0.0,44.6,45.0,44.0,0.5477225575051661,0.0,-5,43.0,2026-08-04 22:21:05+00:00,30.0
2026-08-04 22:20:45+00:00,5,5,45,50,10.0,1,45.0,45.0,45.0,44.0,5.0,0.0,0.0,0.0,44.8,45.0,44.0,0.4472135954999579,0.0,-5,43.0,2026-08-04 22:21:15+00:00,30.0
2026-08-04 22:20:55+00:00,5,5,44,50,10.0,1,45.0,45.0,45.0,45.0,5.0,-1.0,-1.0,-0.03333333333333333,44.8,45.0,44.0,0.4472135954999579,0.0,-6,43.0,2026-08-04 22:21:25+00:00,30.0
2026-08-04 22:21:05+00:00,5,5,43,50,10.0,1,45.0,45.0,45.0,45.0,5.0,-2.0,-2.0,-0.06666666666666667,44.6,45.0,43.0,0.8944271909999159,0.0,-7,43.0,2026-08-04 22:21:35+00:00,30.0
2026-08-04 22:21:15+00:00,5,5,43,50,10.0,1,44.0,45.0,45.0,45.0,5.0,-1.0,-2.0,-0.06666666666666667,44.4,45.0,43.0,0.8944271909999159,0.0,-7,43.0,2026-08-04 22:21:45+00:00,30.0
2026-08-04 22:21:25+00:00,5,5,43,50,10.0,1,43.0,44.0,45.0,45.0,5.0,0.0,-1.0,-0.03333333333333333,44.0,45.0,43.0,1.0,0.0,-7,45.0,2026-08-04 22:21:55+00:00,30.0
2026-08-04 22:21:35+00:00,5,5,43,50,10.0,1,43.0,43.0,45.0,45.0,5.0,0.0,0.0,0.0,43.8,45.0,43.0,1.0954451150103321,0.0,-7,45.0,2026-08-04 22:22:05+00:00,30.0
2026-08-04 22:21:45+00:00,5,5,43,50,10.0,1,43.0,43.0,44.0,45.0,5.0,0.0,0.0,0.0,43.6,45.0,43.0,0.8944271909999159,0.0,-7,45.0,2026-08-04 22:22:15+00:00,30.0
2026-08-04 22:21:55+00:00,5,5,45,50,10.0,1,43.0,43.0,43.0,44.0,5.0,2.0,2.0,0.06666666666666667,43.6,45.0,43.0,0.8944271909999159,0.0,-5,45.0,2026-08-04 22:22:25+00:00,30.0
2026-08-04 22:22:05+00:00,5,5,45,50,10.0,1,43.0,43.0,43.0,43.0,5.0,2.0,2.0,0.06666666666666667,43.4,45.0,43.0,0.8944271909999159,0.0,-5,45.0,2026-08-04 22:22:35+00:00,30.0
2026-08-04 22:22:15+00:00,5,5,45,50,10.0,1,45.0,43.0,43.0,43.0,5.0,0.0,2.0,0.06666666666666667,43.8,45.0,43.0,1.0954451150103321,0.0,-5,45.0,2026-08-04 22:22:45+00:00,30.0
2026-08-04 22:22:25+00:00,5,5,45,50,10.0,1,45.0,45.0,43.0,43.0,5.0,0.0,0.0,0.0,44.2,45.0,43.0,1.0954451150103321,0.0,-5,43.0,2026-08-04 22:22:55+00:00,30.0
2026-08-04 22:22:35+00:00,5,5,45,50,10.0,1,45.0,45.0,43.0,43.0,5.0,0.0,0.0,0.0,44.2,45.0,43.0,1.0954451150103321,0.0,-5,43.0,2026-08-04 22:23:05+00:00,30.0
2026-08-04 22:22:45+00:00,5,5,45,50,10.0,1,45.0,45.0,45.0,43.0,5.0,0.0,0.0,0.0,44.6,45.0,43.0,0.8944271909999159,0.0,-5,43.0,2026-08-04 22:23:15+00:00,30.0
2026-08-04 22:22:55+00:00,5,5,43,50,10.0,1,45.0,45.0,45.0,45.0,5.0,-2.0,-2.0,-0.06666666666666667,44.6,45.0,43.0,0.8944271909999159,0.0,-7,43.0,2026-08-04 22:23:25+00:00,30.0
2026-08-04 22:23:05+00:00,5,5,43,50,10.0,1,45.0,45.0,45.0,45.0,5.0,-2.0,-2.0,-0.06666666666666667,44.6,45.0,43.0,0.8944271909999159,0.0,-7,43.0,2026-08-04 22:23:35+00:00,30.0
2026-08-04 22:23:15+00:00,5,5,43,50,10.0,1,43.0,45.0,45.0,45.0,5.0,0.0,-2.0,-0.06666666666666667,44.2,45.0,43.0,1.0954451150103321,0.0,-7,43.0,2026-08-04 22:23:45+00:00,30.0
2026-08-04 22:23:25+00:00,5,5,43,50,10.0,1,43.0,43.0,45.0,45.0,5.0,0.0,0.0,0.0,43.8,45.0,43.0,1.0954451150103321,0.0,-7,46.0,2026-08-04 22:23:55+00:00,30.0
2026-08-04 22:23:35+00:00,5,5,43,50,10.0,1,43.0,43.0,45.0,45.0,5.0,0.0,0.0,0.0,43.8,45.0,43.0,1.0954451150103321,0.0,-7,46.0,2026-08-04 22:24:05+00:00,30.0
2026-08-04 22:23:45+00:00,5,5,43,50,10.0,1,43.0,43.0,43.0,45.0,5.0,0.0,0.0,0.0,43.4,45.0,43.0,0.8944271909999159,0.0,-7,46.0,2026-08-04 22:24:15+00:00,30.0
2026-08-04 22:23:55+00:00,5,5,46,50,10.0,1,43.0,43.0,43.0,43.0,5.0,3.0,3.0,0.1,43.6,46.0,43.0,1.341640786499874,0.0,-4,46.0,2026-08-04 22:24:25+00:00,30.0
2026-08-04 22:24:05+00:00,5,5,46,50,10.0,1,43.0,43.0,43.0,43.0,5.0,3.0,3.0,0.1,43.6,46.0,43.0,1.341640786499874,0.0,-4,46.0,2026-08-04 22:24:35+00:00,30.0
2026-08-04 22:24:15+00:00,5,5,46,50,10.0,1,46.0,43.0,43.0,43.0,5.0,0.0,3.0,0.1,44.2,46.0,43.0,1.6431676725154982,0.0,-4,46.0,2026-08-04 22:24:45+00:00,30.0
2026-08-04 22:24:25+00:00,5,5,46,50,10.0,1,46.0,46.0,43.0,43.0,5.0,0.0,0.0,0.0,44.8,46.0,43.0,1.6431676725154984,0.0,-4,44.0,2026-08-04 22:24:55+00:00,30.0
2026-08-04 22:24:35+00:00,5,5,46,50,10.0,1,46.0,46.0,43.0,43.0,5.0,0.0,0.0,0.0,44.8,46.0,43.0,1.6431676725154984,0.0,-4,44.0,2026-08-04 22:25:05+00:00,30.0
2026-08-04 22:24:45+00:00,5,5,46,50,10.0,1,46.0,46.0,46.0,43.0,5.0,0.0,0.0,0.0,45.4,46.0,43.0,1.3416407864998738,0.0,-4,44.0,2026-08-04 22:25:15+00:00,30.0
2026-08-04 22:24:55+00:00,5,5,44,50,10.0,1,46.0,46.0,46.0,46.0,5.0,-2.0,-2.0,-0.06666666666666667,45.6,46.0,44.0,0.8944271909999159,0.0,-6,44.0,2026-08-04 22:25:25+00:00,30.0
2026-08-04 22:25:05+00:00,5,5,44,50,10.0,1,46.0,46.0,46.0,46.0,5.0,-2.0,-2.0,-0.06666666666666667,45.6,46.0,44.0,0.8944271909999159,0.0,-6,44.0,2026-08-04 22:25:35+00:00,30.0
2026-08-04 22:25:15+00:00,5,5,44,50,10.0,1,44.0,46.0,46.0,46.0,5.0,0.0,-2.0,-0.06666666666666667,45.2,46.0,44.0,1.0954451150103321,0.0,-6,44.0,2026-08-04 22:25:45+00:00,30.0
2026-08-04 22:25:25+00:00,5,5,44,50,10.0,1,44.0,44.0,46.0,46.0,5.0,0.0,0.0,0.0,44.8,46.0,44.0,1.0954451150103321,0.0,-6,37.0,2026-08-04 22:25:55+00:00,30.0
2026-08-04 22:25:35+00:00,5,5,44,50,10.0,1,44.0,44.0,46.0,46.0,5.0,0.0,0.0,0.0,44.8,46.0,44.0,1.0954451150103321,0.0,-6,37.0,2026-08-04 22:26:05+00:00,30.0
2026-08-04 22:25:45+00:00,5,5,44,50,10.0,1,44.0,44.0,44.0,46.0,5.0,0.0,0.0,0.0,44.4,46.0,44.0,0.8944271909999159,0.0,-6,37.0,2026-08-04 22:26:15+00:00,30.0
2026-08-04 22:25:55+00:00,5,5,37,50,10.0,1,44.0,44.0,44.0,44.0,5.0,-7.0,-7.0,-0.23333333333333334,42.6,44.0,37.0,3.1304951684997055,0.0,-13,37.0,2026-08-04 22:26:25+00:00,30.0
2026-08-04 22:26:05+00:00,5,5,37,50,10.0,1,44.0,44.0,44.0,44.0,5.0,-7.0,-7.0,-0.23333333333333334,42.6,44.0,37.0,3.1304951684997055,0.0,-13,37.0,2026-08-04 22:26:35+00:00,30.0
2026-08-04 22:26:15+00:00,5,5,37,50,10.0,1,37.0,44.0,44.0,44.0,5.0,0.0,-7.0,-0.23333333333333334,41.2,44.0,37.0,3.8340579025361627,0.0,-13,37.0,2026-08-04 22:26:45+00:00,30.0
2026-08-04 22:26:25+00:00,5,5,37,50,10.0,1,37.0,37.0,44.0,44.0,5.0,0.0,0.0,0.0,39.8,44.0,37.0,3.834057902536163,0.0,-13,37.0,2026-08-04 22:26:55+00:00,30.0
2026-08-04 22:26:35+00:00,5,5,37,50,10.0,1,37.0,37.0,44.0,44.0,5.0,0.0,0.0,0.0,39.8,44.0,37.0,3.834057902536163,0.0,-13,37.0,2026-08-04 22:27:05+00:00,30.0
2026-08-04 22:26:45+00:00,5,5,37,50,10.0,1,37.0,37.0,37.0,44.0,5.0,0.0,0.0,0.0,38.4,44.0,37.0,3.1304951684997055,0.0,-13,37.0,2026-08-04 22:27:15+00:00,30.0
2026-08-04 22:26:55+00:00,5,5,37,50,10.0,1,37.0,37.0,37.0,37.0,5.0,0.0,0.0,0.0,37.0,37.0,37.0,0.0,0.0,-13,37.0,2026-08-04 22:27:25+00:00,30.0
2026-08-04 22:27:05+00:00,5,5,37,50,10.0,1,37.0,37.0,37.0,37.0,5.0,0.0,0.0,0.0,37.0,37.0,37.0,0.0,0.0,-13,37.0,2026-08-04 22:27:35+00:00,30.0
2026-08-04 22:27:15+00:00,5,5,37,50,10.0,1,37.0,37.0,37.0,37.0,5.0,0.0,0.0,0.0,37.0,37.0,37.0,0.0,0.0,-13,37.0,2026-08-04 22:27:45+00:00,30.0
2026-08-04 22:27:25+00:00,5,5,37,50,10.0,1,37.0,37.0,37.0,37.0,5.0,0.0,0.0,0.0,37.0,37.0,37.0,0.0,0.0,-13,40.0,2026-08-04 22:27:55+00:00,30.0
2026-08-04 22:27:35+00:00,5,5,37,50,10.0,1,37.0,37.0,37.0,37.0,5.0,0.0,0.0,0.0,37.0,37.0,37.0,0.0,0.0,-13,40.0,2026-08-04 22:28:05+00:00,30.0
2026-08-04 22:27:45+00:00,5,5,37,50,10.0,1,37.0,37.0,37.0,37.0,5.0,0.0,0.0,0.0,37.0,37.0,37.0,0.0,0.0,-13,40.0,2026-08-04 22:28:15+00:00,30.0
2026-08-04 22:27:55+00:00,5,5,40,50,10.0,1,37.0,37.0,37.0,37.0,5.0,3.0,3.0,0.1,37.6,40.0,37.0,1.341640786499874,0.0,-10,40.0,2026-08-04 22:28:25+00:00,30.0
2026-08-04 22:28:05+00:00,5,5,40,50,10.0,1,37.0,37.0,37.0,37.0,5.0,3.0,3.0,0.1,37.6,40.0,37.0,1.341640786499874,0.0,-10,40.0,2026-08-04 22:28:35+00:00,30.0
2026-08-04 22:28:15+00:00,5,5,40,50,10.0,1,40.0,37.0,37.0,37.0,5.0,0.0,3.0,0.1,38.2,40.0,37.0,1.6431676725154982,0.0,-10,40.0,2026-08-04 22:28:45+00:00,30.0
2026-08-04 22:28:25+00:00,5,5,40,50,10.0,1,40.0,40.0,37.0,37.0,5.0,0.0,0.0,0.0,38.8,40.0,37.0,1.6431676725154984,0.0,-10,30.0,2026-08-04 22:28:55+00:00,30.0
2026-08-04 22:28:35+00:00,5,5,40,50,10.0,1,40.0,40.0,37.0,37.0,5.0,0.0,0.0,0.0,38.8,40.0,37.0,1.6431676725154984,0.0,-10,30.0,2026-08-04 22:29:05+00:00,30.0
2026-08-04 22:28:45+00:00,5,5,40,50,10.0,1,40.0,40.0,40.0,37.0,5.0,0.0,0.0,0.0,39.4,40.0,37.0,1.3416407864998738,0.0,-10,30.0,2026-08-04 22:29:15+00:00,30.0
2026-08-04 22:28:55+00:00,5,5,30,50,10.0,1,40.0,40.0,40.0,40.0,5.0,-10.0,-10.0,-0.3333333333333333,38.0,40.0,30.0,4.47213595499958,0.0,-20,30.0,2026-08-04 22:29:25+00:00,30.0
2026-08-04 22:29:05+00:00,5,5,30,50,10.0,1,40.0,40.0,40.0,40.0,5.0,-10.0,-10.0,-0.3333333333333333,38.0,40.0,30.0,4.47213595499958,0.0,-20,30.0,2026-08-04 22:29:35+00:00,30.0
2026-08-04 22:29:15+00:00,5,5,30,50,10.0,1,30.0,40.0,40.0,40.0,5.0,0.0,-10.0,-0.3333333333333333,36.0,40.0,30.0,5.477225575051661,0.0,-20,30.0,2026-08-04 22:29:45+00:00,30.0
2026-08-04 22:29:25+00:00,5,5,30,50,10.0,1,30.0,30.0,40.0,40.0,5.0,0.0,0.0,0.0,34.0,40.0,30.0,5.477225575051661,0.0,-20,28.0,2026-08-04 22:29:55+00:00,30.0
2026-08-04 22:29:35+00:00,5,5,30,50,10.0,1,30.0,30.0,40.0,40.0,5.0,0.0,0.0,0.0,34.0,40.0,30.0,5.477225575051661,0.0,-20,28.0,2026-08-04 22:30:05+00:00,30.0
2026-08-04 22:29:45+00:00,5,5,30,50,10.0,1,30.0,30.0,30.0,40.0,5.0,0.0,0.0,0.0,32.0,40.0,30.0,4.47213595499958,0.0,-20,28.0,2026-08-04 22:30:15+00:00,30.0
2026-08-04 22:29:55+00:00,5,5,28,50,10.0,1,30.0,30.0,30.0,30.0,5.0,-2.0,-2.0,-0.06666666666666667,29.6,30.0,28.0,0.8944271909999159,0.0,-22,28.0,2026-08-04 22:30:25+00:00,30.0
2026-08-04 22:30:05+00:00,5,5,28,50,10.0,1,30.0,30.0,30.0,30.0,5.0,-2.0,-2.0,-0.06666666666666667,29.6,30.0,28.0,0.8944271909999159,0.0,-22,28.0,2026-08-04 22:30:35+00:00,30.0
2026-08-04 22:30:15+00:00,5,5,28,50,10.0,1,28.0,30.0,30.0,30.0,5.0,0.0,-2.0,-0.06666666666666667,29.2,30.0,28.0,1.0954451150103324,0.0,-22,28.0,2026-08-04 22:30:45+00:00,30.0
2026-08-04 22:30:25+00:00,5,5,28,50,10.0,1,28.0,28.0,30.0,30.0,5.0,0.0,0.0,0.0,28.8,30.0,28.0,1.0954451150103324,0.0,-22,36.0,2026-08-04 22:30:55+00:00,30.0
2026-08-04 22:30:35+00:00,5,4,28,50,10.0,1,28.0,28.0,30.0,30.0,5.0,0.0,0.0,0.0,28.8,30.0,28.0,1.0954451150103324,0.0,-22,36.0,2026-08-04 22:31:05+00:00,30.0
2026-08-04 22:30:45+00:00,5,4,28,50,10.0,1,28.0,28.0,28.0,30.0,5.0,0.0,0.0,0.0,28.4,30.0,28.0,0.8944271909999159,0.0,-22,36.0,2026-08-04 22:31:15+00:00,30.0
2026-08-04 22:30:55+00:00,4,4,36,50,10.0,1,28.0,28.0,28.0,28.0,5.0,8.0,8.0,0.26666666666666666,29.6,36.0,28.0,3.577708763999663,-1.0,-14,36.0,2026-08-04 22:31:25+00:00,30.0
2026-08-04 22:31:05+00:00,4,4,36,50,10.0,1,28.0,28.0,28.0,28.0,5.0,8.0,8.0,0.26666666666666666,29.6,36.0,28.0,3.577708763999663,-1.0,-14,36.0,2026-08-04 22:31:35+00:00,30.0
2026-08-04 22:31:15+00:00,4,4,36,50,10.0,1,36.0,28.0,28.0,28.0,4.0,0.0,8.0,0.26666666666666666,31.2,36.0,28.0,4.381780460041329,0.0,-14,36.0,2026-08-04 22:31:45+00:00,30.0
2026-08-04 22:31:25+00:00,4,4,36,50,10.0,1,36.0,36.0,28.0,28.0,4.0,0.0,0.0,0.0,32.8,36.0,28.0,4.3817804600413295,0.0,-14,32.0,2026-08-04 22:31:55+00:00,30.0
2026-08-04 22:31:35+00:00,4,4,36,50,10.0,1,36.0,36.0,28.0,28.0,4.0,0.0,0.0,0.0,32.8,36.0,28.0,4.3817804600413295,0.0,-14,32.0,2026-08-04 22:32:05+00:00,30.0
2026-08-04 22:31:45+00:00,4,4,36,50,10.0,1,36.0,36.0,36.0,28.0,4.0,0.0,0.0,0.0,34.4,36.0,28.0,3.5777087639996634,0.0,-14,32.0,2026-08-04 22:32:15+00:00,30.0
2026-08-04 22:31:55+00:00,4,4,32,50,10.0,1,36.0,36.0,36.0,36.0,4.0,-4.0,-4.0,-0.13333333333333333,35.2,36.0,32.0,1.7888543819998317,0.0,-18,32.0,2026-08-04 22:32:25+00:00,30.0
2026-08-04 22:32:05+00:00,4,4,32,50,10.0,1,36.0,36.0,36.0,36.0,4.0,-4.0,-4.0,-0.13333333333333333,35.2,36.0,32.0,1.7888543819998317,0.0,-18,32.0,2026-08-04 22:32:35+00:00,30.0
2026-08-04 22:32:15+00:00,4,4,32,50,10.0,1,32.0,36.0,36.0,36.0,4.0,0.0,-4.0,-0.13333333333333333,34.4,36.0,32.0,2.1908902300206647,0.0,-18,32.0,2026-08-04 22:32:45+00:00,30.0
2026-08-04 22:32:25+00:00,4,4,32,50,10.0,1,32.0,32.0,36.0,36.0,4.0,0.0,0.0,0.0,33.6,36.0,32.0,2.1908902300206647,0.0,-18,27.0,2026-08-04 22:32:55+00:00,30.0
2026-08-04 22:32:35+00:00,4,4,32,50,10.0,1,32.0,32.0,36.0,36.0,4.0,0.0,0.0,0.0,33.6,36.0,32.0,2.1908902300206647,0.0,-18,27.0,2026-08-04 22:33:05+00:00,30.0
2026-08-04 22:32:45+00:00,4,4,32,50,10.0,1,32.0,32.0,32.0,36.0,4.0,0.0,0.0,0.0,32.8,36.0,32.0,1.7888543819998317,0.0,-18,27.0,2026-08-04 22:33:15+00:00,30.0
2026-08-04 22:32:55+00:00,4,4,27,50,10.0,1,32.0,32.0,32.0,32.0,4.0,-5.0,-5.0,-0.16666666666666666,31.0,32.0,27.0,2.23606797749979,0.0,-23,27.0,2026-08-04 22:33:25+00:00,30.0
2026-08-04 22:33:05+00:00,4,4,27,50,10.0,1,32.0,32.0,32.0,32.0,4.0,-5.0,-5.0,-0.16666666666666666,31.0,32.0,27.0,2.23606797749979,0.0,-23,27.0,2026-08-04 22:33:35+00:00,30.0
2026-08-04 22:33:15+00:00,4,4,27,50,10.0,1,27.0,32.0,32.0,32.0,4.0,0.0,-5.0,-0.16666666666666666,30.0,32.0,27.0,2.7386127875258306,0.0,-23,27.0,2026-08-04 22:33:45+00:00,30.0
2026-08-04 22:33:25+00:00,4,4,27,50,10.0,1,27.0,27.0,32.0,32.0,4.0,0.0,0.0,0.0,29.0,32.0,27.0,2.7386127875258306,0.0,-23,12.0,2026-08-04 22:33:55+00:00,30.0
2026-08-04 22:33:35+00:00,4,3,27,50,10.0,1,27.0,27.0,32.0,32.0,4.0,0.0,0.0,0.0,29.0,32.0,27.0,2.7386127875258306,0.0,-23,12.0,2026-08-04 22:34:05+00:00,30.0
2026-08-04 22:33:45+00:00,4,3,27,50,10.0,1,27.0,27.0,27.0,32.0,4.0,0.0,0.0,0.0,28.0,32.0,27.0,2.23606797749979,0.0,-23,12.0,2026-08-04 22:34:15+00:00,30.0
2026-08-04 22:33:55+00:00,3,3,12,50,10.0,1,27.0,27.0,27.0,27.0,4.0,-15.0,-15.0,-0.5,24.0,27.0,12.0,6.708203932499369,-1.0,-38,15.0,2026-08-04 22:34:25+00:00,30.0
2026-08-04 22:34:05+00:00,3,3,12,50,10.0,1,27.0,27.0,27.0,27.0,4.0,-15.0,-15.0,-0.5,24.0,27.0,12.0,6.708203932499369,-1.0,-38,15.0,2026-08-04 22:34:35+00:00,30.0
2026-08-04 22:34:15+00:00,3,3,12,50,10.0,1,12.0,27.0,27.0,27.0,3.0,0.0,-15.0,-0.5,21.0,27.0,12.0,8.215838362577491,0.0,-38,15.0,2026-08-04 22:34:45+00:00,30.0
2026-08-04 22:34:25+00:00,3,3,15,50,10.0,1,12.0,12.0,27.0,27.0,3.0,3.0,3.0,0.1,18.6,27.0,12.0,7.76530746332687,0.0,-35,24.0,2026-08-04 22:34:55+00:00,30.0
2026-08-04 22:34:35+00:00,3,3,15,50,10.0,1,12.0,12.0,27.0,27.0,3.0,3.0,3.0,0.1,18.6,27.0,12.0,7.76530746332687,0.0,-35,24.0,2026-08-04 22:35:05+00:00,30.0
2026-08-04 22:34:45+00:00,3,3,15,50,10.0,1,15.0,12.0,12.0,27.0,3.0,0.0,3.0,0.1,16.2,27.0,12.0,6.220932405998316,0.0,-35,24.0,2026-08-04 22:35:15+00:00,30.0
2026-08-04 22:34:55+00:00,3,3,24,50,10.0,1,15.0,15.0,12.0,12.0,3.0,9.0,9.0,0.3,15.6,24.0,12.0,4.9295030175464944,0.0,-26,24.0,2026-08-04 22:35:25+00:00,30.0
2026-08-04 22:35:05+00:00,3,3,24,50,10.0,1,15.0,15.0,12.0,12.0,3.0,9.0,9.0,0.3,15.6,24.0,12.0,4.9295030175464944,0.0,-26,24.0,2026-08-04 22:35:35+00:00,30.0
2026-08-04 22:35:15+00:00,3,3,24,50,10.0,1,24.0,15.0,15.0,12.0,3.0,0.0,9.0,0.3,18.0,24.0,12.0,5.612486080160912,0.0,-26,24.0,2026-08-04 22:35:45+00:00,30.0
2026-08-04 22:35:25+00:00,3,3,24,50,10.0,1,24.0,24.0,15.0,15.0,3.0,0.0,0.0,0.0,20.4,24.0,15.0,4.929503017546495,0.0,-26,26.0,2026-08-04 22:35:55+00:00,30.0
2026-08-04 22:35:35+00:00,3,3,24,50,10.0,1,24.0,24.0,15.0,15.0,3.0,0.0,0.0,0.0,20.4,24.0,15.0,4.929503017546495,0.0,-26,26.0,2026-08-04 22:36:05+00:00,30.0
2026-08-04 22:35:45+00:00,3,3,24,50,10.0,1,24.0,24.0,24.0,15.0,3.0,0.0,0.0,0.0,22.2,24.0,15.0,4.024922359499621,0.0,-26,26.0,2026-08-04 22:36:15+00:00,30.0
2026-08-04 22:35:55+00:00,3,3,26,50,10.0,1,24.0,24.0,24.0,24.0,3.0,2.0,2.0,0.06666666666666667,24.4,26.0,24.0,0.8944271909999159,0.0,-24,26.0,2026-08-04 22:36:25+00:00,30.0
2026-08-04 22:36:05+00:00,3,3,26,50,10.0,1,24.0,24.0,24.0,24.0,3.0,2.0,2.0,0.06666666666666667,24.4,26.0,24.0,0.8944271909999159,0.0,-24,26.0,2026-08-04 22:36:35+00:00,30.0
2026-08-04 22:36:15+00:00,3,3,26,50,10.0,1,26.0,24.0,24.0,24.0,3.0,0.0,2.0,0.06666666666666667,24.8,26.0,24.0,1.0954451150103324,0.0,-24,26.0,2026-08-04 22:36:45+00:00,30.0
2026-08-04 22:36:25+00:00,3,3,26,50,10.0,1,26.0,26.0,24.0,24.0,3.0,0.0,0.0,0.0,25.2,26.0,24.0,1.0954451150103324,0.0,-24,20.0,2026-08-04 22:36:55+00:00,30.0
2026-08-04 22:36:35+00:00,3,3,26,50,10.0,1,26.0,26.0,24.0,24.0,3.0,0.0,0.0,0.0,25.2,26.0,24.0,1.0954451150103324,0.0,-24,20.0,2026-08-04 22:37:05+00:00,30.0
2026-08-04 22:36:45+00:00,3,3,26,50,10.0,1,26.0,26.0,26.0,24.0,3.0,0.0,0.0,0.0,25.6,26.0,24.0,0.8944271909999159,0.0,-24,20.0,2026-08-04 22:37:15+00:00,30.0
2026-08-04 22:36:55+00:00,3,3,20,50,10.0,1,26.0,26.0,26.0,26.0,3.0,-6.0,-6.0,-0.2,24.8,26.0,20.0,2.6832815729997477,0.0,-30,20.0,2026-08-04 22:37:25+00:00,30.0
2026-08-04 22:37:05+00:00,3,3,20,50,10.0,1,26.0,26.0,26.0,26.0,3.0,-6.0,-6.0,-0.2,24.8,26.0,20.0,2.6832815729997477,0.0,-30,20.0,2026-08-04 22:37:35+00:00,30.0
2026-08-04 22:37:15+00:00,3,3,20,50,10.0,1,20.0,26.0,26.0,26.0,3.0,0.0,-6.0,-0.2,23.6,26.0,20.0,3.2863353450309964,0.0,-30,20.0,2026-08-04 22:37:45+00:00,30.0
2026-08-04 22:37:25+00:00,3,3,20,50,10.0,1,20.0,20.0,26.0,26.0,3.0,0.0,0.0,0.0,22.4,26.0,20.0,3.2863353450309964,0.0,-30,12.0,2026-08-04 22:37:55+00:00,30.0
2026-08-04 22:37:35+00:00,3,3,20,50,10.0,1,20.0,20.0,26.0,26.0,3.0,0.0,0.0,0.0,22.4,26.0,20.0,3.2863353450309964,0.0,-30,12.0,2026-08-04 22:38:05+00:00,30.0
2026-08-04 22:37:45+00:00,3,3,20,50,10.0,1,20.0,20.0,20.0,26.0,3.0,0.0,0.0,0.0,21.2,26.0,20.0,2.6832815729997477,0.0,-30,12.0,2026-08-04 22:38:15+00:00,30.0
2026-08-04 22:37:55+00:00,3,3,12,50,10.0,1,20.0,20.0,20.0,20.0,3.0,-8.0,-8.0,-0.26666666666666666,18.4,20.0,12.0,3.577708763999663,0.0,-38,12.0,2026-08-04 22:38:25+00:00,30.0
2026-08-04 22:38:05+00:00,3,3,12,50,10.0,1,20.0,20.0,20.0,20.0,3.0,-8.0,-8.0,-0.26666666666666666,18.4,20.0,12.0,3.577708763999663,0.0,-38,12.0,2026-08-04 22:38:35+00:00,30.0
2026-08-04 22:38:15+00:00,3,3,12,50,10.0,1,12.0,20.0,20.0,20.0,3.0,0.0,-8.0,-0.26666666666666666,16.8,20.0,12.0,4.381780460041329,0.0,-38,12.0,2026-08-04 22:38:45+00:00,30.0
2026-08-04 22:38:25+00:00,3,3,12,50,10.0,1,12.0,12.0,20.0,20.0,3.0,0.0,0.0,0.0,15.2,20.0,12.0,4.381780460041329,0.0,-38,18.0,2026-08-04 22:38:55+00:00,30.0
2026-08-04 22:38:35+00:00,3,2,12,50,10.0,1,12.0,12.0,20.0,20.0,3.0,0.0,0.0,0.0,15.2,20.0,12.0,4.381780460041329,0.0,-38,18.0,2026-08-04 22:39:05+00:00,30.0
2026-08-04 22:38:45+00:00,3,2,12,50,10.0,1,12.0,12.0,12.0,20.0,3.0,0.0,0.0,0.0,13.6,20.0,12.0,3.5777087639996634,0.0,-38,18.0,2026-08-04 22:39:15+00:00,30.0
2026-08-04 22:38:55+00:00,2,2,18,50,10.0,1,12.0,12.0,12.0,12.0,3.0,6.0,6.0,0.2,13.2,18.0,12.0,2.6832815729997477,-1.0,-32,18.0,2026-08-04 22:39:25+00:00,30.0
2026-08-04 22:39:05+00:00,2,2,18,50,10.0,1,12.0,12.0,12.0,12.0,3.0,6.0,6.0,0.2,13.2,18.0,12.0,2.6832815729997477,-1.0,-32,18.0,2026-08-04 22:39:35+00:00,30.0
2026-08-04 22:39:15+00:00,2,2,18,50,10.0,1,18.0,12.0,12.0,12.0,2.0,0.0,6.0,0.2,14.4,18.0,12.0,3.286335345030997,0.0,-32,18.0,2026-08-04 22:39:45+00:00,30.0
2026-08-04 22:39:25+00:00,2,2,18,50,10.0,1,18.0,18.0,12.0,12.0,2.0,0.0,0.0,0.0,15.6,18.0,12.0,3.286335345030997,0.0,-32,18.0,2026-08-04 22:39:55+00:00,30.0
2026-08-04 22:39:35+00:00,2,2,18,50,10.0,1,18.0,18.0,12.0,12.0,2.0,0.0,0.0,0.0,15.6,18.0,12.0,3.286335345030997,0.0,-32,18.0,2026-08-04 22:40:05+00:00,30.0
2026-08-04 22:39:45+00:00,2,2,18,50,10.0,1,18.0,18.0,18.0,12.0,2.0,0.0,0.0,0.0,16.8,18.0,12.0,2.6832815729997477,0.0,-32,18.0,2026-08-04 22:40:15+00:00,30.0
2026-08-04 22:39:55+00:00,2,2,18,50,10.0,1,18.0,18.0,18.0,18.0,2.0,0.0,0.0,0.0,18.0,18.0,18.0,0.0,0.0,-32,18.0,2026-08-04 22:40:25+00:00,30.0
2026-08-04 22:40:05+00:00,2,2,18,50,10.0,1,18.0,18.0,18.0,18.0,2.0,0.0,0.0,0.0,18.0,18.0,18.0,0.0,0.0,-32,18.0,2026-08-04 22:40:35+00:00,30.0
2026-08-04 22:40:15+00:00,2,2,18,50,10.0,1,18.0,18.0,18.0,18.0,2.0,0.0,0.0,0.0,18.0,18.0,18.0,0.0,0.0,-32,18.0,2026-08-04 22:40:45+00:00,30.0
2026-08-04 22:40:25+00:00,2,2,18,50,10.0,1,18.0,18.0,18.0,18.0,2.0,0.0,0.0,0.0,18.0,18.0,18.0,0.0,0.0,-32,18.0,2026-08-04 22:40:55+00:00,30.0
2026-08-04 22:40:35+00:00,2,2,18,50,10.0,1,18.0,18.0,18.0,18.0,2.0,0.0,0.0,0.0,18.0,18.0,18.0,0.0,0.0,-32,18.0,2026-08-04 22:41:05+00:00,30.0
2026-08-04 22:40:45+00:00,2,2,18,50,10.0,1,18.0,18.0,18.0,18.0,2.0,0.0,0.0,0.0,18.0,18.0,18.0,0.0,0.0,-32,18.0,2026-08-04 22:41:15+00:00,30.0
2026-08-04 22:40:55+00:00,2,2,18,50,10.0,1,18.0,18.0,18.0,18.0,2.0,0.0,0.0,0.0,18.0,18.0,18.0,0.0,0.0,-32,18.0,2026-08-04 22:41:25+00:00,30.0
2026-08-04 22:41:05+00:00,2,2,18,50,10.0,1,18.0,18.0,18.0,18.0,2.0,0.0,0.0,0.0,18.0,18.0,18.0,0.0,0.0,-32,18.0,2026-08-04 22:41:35+00:00,30.0
2026-08-04 22:41:15+00:00,2,2,18,50,10.0,1,18.0,18.0,18.0,18.0,2.0,0.0,0.0,0.0,18.0,18.0,18.0,0.0,0.0,-32,18.0,2026-08-04 22:41:45+00:00,30.0
2026-08-04 22:41:25+00:00,2,2,18,50,10.0,1,18.0,18.0,18.0,18.0,2.0,0.0,0.0,0.0,18.0,18.0,18.0,0.0,0.0,-32,18.0,2026-08-04 22:41:55+00:00,30.0
2026-08-04 22:41:35+00:00,2,2,18,50,10.0,1,18.0,18.0,18.0,18.0,2.0,0.0,0.0,0.0,18.0,18.0,18.0,0.0,0.0,-32,18.0,2026-08-04 22:42:05+00:00,30.0
2026-08-04 22:41:45+00:00,2,2,18,50,10.0,1,18.0,18.0,18.0,18.0,2.0,0.0,0.0,0.0,18.0,18.0,18.0,0.0,0.0,-32,18.0,2026-08-04 22:42:15+00:00,30.0
2026-08-04 22:41:55+00:00,2,2,18,50,10.0,1,18.0,18.0,18.0,18.0,2.0,0.0,0.0,0.0,18.0,18.0,18.0,0.0,0.0,-32,18.0,2026-08-04 22:42:25+00:00,30.0
2026-08-04 22:42:05+00:00,2,2,18,50,10.0,1,18.0,18.0,18.0,18.0,2.0,0.0,0.0,0.0,18.0,18.0,18.0,0.0,0.0,-32,18.0,2026-08-04 22:42:35+00:00,30.0
2026-08-04 22:42:15+00:00,2,2,18,50,10.0,1,18.0,18.0,18.0,18.0,2.0,0.0,0.0,0.0,18.0,18.0,18.0,0.0,0.0,-32,18.0,2026-08-04 22:42:45+00:00,30.0
2026-08-04 22:42:25+00:00,2,2,18,50,10.0,1,18.0,18.0,18.0,18.0,2.0,0.0,0.0,0.0,18.0,18.0,18.0,0.0,0.0,-32,36.0,2026-08-04 22:42:55+00:00,30.0
2026-08-04 22:42:35+00:00,2,2,18,50,10.0,1,18.0,18.0,18.0,18.0,2.0,0.0,0.0,0.0,18.0,18.0,18.0,0.0,0.0,-32,36.0,2026-08-04 22:43:05+00:00,30.0
2026-08-04 22:42:45+00:00,2,1,18,50,10.0,1,18.0,18.0,18.0,18.0,2.0,0.0,0.0,0.0,18.0,18.0,18.0,0.0,0.0,-32,36.0,2026-08-04 22:43:15+00:00,30.0
2026-08-04 22:42:55+00:00,1,1,36,50,10.0,1,18.0,18.0,18.0,18.0,2.0,18.0,18.0,0.6,21.6,36.0,18.0,8.049844718999243,-1.0,-14,36.0,2026-08-04 22:43:25+00:00,30.0
2026-08-04 22:43:05+00:00,1,1,36,50,10.0,1,18.0,18.0,18.0,18.0,2.0,18.0,18.0,0.6,21.6,36.0,18.0,8.049844718999243,-1.0,-14,36.0,2026-08-04 22:43:35+00:00,30.0
2026-08-04 22:43:15+00:00,1,1,36,50,10.0,1,36.0,18.0,18.0,18.0,1.0,0.0,18.0,0.6,25.2,36.0,18.0,9.859006035092989,0.0,-14,36.0,2026-08-04 22:43:45+00:00,30.0
2026-08-04 22:43:25+00:00,1,1,36,50,10.0,1,36.0,36.0,18.0,18.0,1.0,0.0,0.0,0.0,28.8,36.0,18.0,9.859006035092989,0.0,-14,27.0,2026-08-04 22:43:55+00:00,30.0
2026-08-04 22:43:35+00:00,1,1,36,50,10.0,1,36.0,36.0,18.0,18.0,1.0,0.0,0.0,0.0,28.8,36.0,18.0,9.859006035092989,0.0,-14,27.0,2026-08-04 22:44:05+00:00,30.0
2026-08-04 22:43:45+00:00,1,1,36,50,10.0,1,36.0,36.0,36.0,18.0,1.0,0.0,0.0,0.0,32.4,36.0,18.0,8.049844718999243,0.0,-14,27.0,2026-08-04 22:44:15+00:00,30.0
2026-08-04 22:43:55+00:00,1,1,27,50,10.0,1,36.0,36.0,36.0,36.0,1.0,-9.0,-9.0,-0.3,34.2,36.0,27.0,4.024922359499621,0.0,-23,27.0,2026-08-04 22:44:25+00:00,30.0
2026-08-04 22:44:05+00:00,1,1,27,50,10.0,1,36.0,36.0,36.0,36.0,1.0,-9.0,-9.0,-0.3,34.2,36.0,27.0,4.024922359499621,0.0,-23,27.0,2026-08-04 22:44:35+00:00,30.0
2026-08-04 22:44:15+00:00,1,1,27,50,10.0,1,27.0,36.0,36.0,36.0,1.0,0.0,-9.0,-0.3,32.4,36.0,27.0,4.929503017546495,0.0,-23,27.0,2026-08-04 22:44:45+00:00,30.0
2026-08-04 22:44:25+00:00,1,1,27,50,10.0,1,27.0,27.0,36.0,36.0,1.0,0.0,0.0,0.0,30.6,36.0,27.0,4.929503017546495,0.0,-23,70.0,2026-08-04 22:44:55+00:00,30.0
2026-08-04 22:44:35+00:00,1,1,27,50,10.0,1,27.0,27.0,36.0,36.0,1.0,0.0,0.0,0.0,30.6,36.0,27.0,4.929503017546495,0.0,-23,70.0,2026-08-04 22:45:05+00:00,30.0
2026-08-04 22:44:45+00:00,1,1,27,50,10.0,1,27.0,27.0,27.0,36.0,1.0,0.0,0.0,0.0,28.8,36.0,27.0,4.024922359499621,0.0,-23,70.0,2026-08-04 22:45:15+00:00,30.0
2026-08-04 22:44:55+00:00,1,2,70,50,10.0,1,27.0,27.0,27.0,27.0,1.0,43.0,43.0,1.4333333333333333,35.6,70.0,27.0,19.23018460649819,0.0,20,70.0,2026-08-04 22:45:25+00:00,30.0
2026-08-04 22:45:05+00:00,1,2,70,50,10.0,1,27.0,27.0,27.0,27.0,1.0,43.0,43.0,1.4333333333333333,35.6,70.0,27.0,19.23018460649819,0.0,20,70.0,2026-08-04 22:45:35+00:00,30.0
2026-08-04 22:45:15+00:00,2,2,70,50,10.0,1,70.0,27.0,27.0,27.0,1.0,0.0,43.0,1.4333333333333333,44.2,70.0,27.0,23.552069972722144,1.0,20,70.0,2026-08-04 22:45:45+00:00,30.0
2026-08-04 22:45:25+00:00,2,2,70,50,10.0,1,70.0,70.0,27.0,27.0,1.0,0.0,0.0,0.0,52.8,70.0,27.0,23.552069972722144,1.0,20,72.0,2026-08-04 22:45:55+00:00,30.0
2026-08-04 22:45:35+00:00,2,2,70,50,10.0,1,70.0,70.0,27.0,27.0,2.0,0.0,0.0,0.0,52.8,70.0,27.0,23.552069972722144,0.0,20,72.0,2026-08-04 22:46:05+00:00,30.0
2026-08-04 22:45:45+00:00,2,2,70,50,10.0,1,70.0,70.0,70.0,27.0,2.0,0.0,0.0,0.0,61.4,70.0,27.0,19.23018460649819,0.0,20,72.0,2026-08-04 22:46:15+00:00,30.0
2026-08-04 22:45:55+00:00,2,2,72,50,10.0,1,70.0,70.0,70.0,70.0,2.0,2.0,2.0,0.06666666666666667,70.4,72.0,70.0,0.8944271909999159,0.0,22,72.0,2026-08-04 22:46:25+00:00,30.0
2026-08-04 22:46:05+00:00,2,2,72,50,10.0,1,70.0,70.0,70.0,70.0,2.0,2.0,2.0,0.06666666666666667,70.4,72.0,70.0,0.8944271909999159,0.0,22,72.0,2026-08-04 22:46:35+00:00,30.0
2026-08-04 22:46:15+00:00,2,2,72,50,10.0,1,72.0,70.0,70.0,70.0,2.0,0.0,2.0,0.06666666666666667,70.8,72.0,70.0,1.0954451150103321,0.0,22,46.0,2026-08-04 22:46:45+00:00,30.0
2026-08-04 22:46:25+00:00,2,2,72,50,10.0,1,72.0,72.0,70.0,70.0,2.0,0.0,0.0,0.0,71.2,72.0,70.0,1.0954451150103321,0.0,22,46.0,2026-08-04 22:46:55+00:00,30.0
2026-08-04 22:46:35+00:00,2,2,72,50,10.0,1,72.0,72.0,70.0,70.0,2.0,0.0,0.0,0.0,71.2,72.0,70.0,1.0954451150103321,0.0,22,46.0,2026-08-04 22:47:05+00:00,30.0
2026-08-04 22:46:45+00:00,2,2,46,50,10.0,1,72.0,72.0,72.0,70.0,2.0,-26.0,-26.0,-0.8666666666666667,66.4,72.0,46.0,11.436782764396638,0.0,-4,46.0,2026-08-04 22:47:15+00:00,30.0
2026-08-04 22:46:55+00:00,2,2,46,50,10.0,1,72.0,72.0,72.0,72.0,2.0,-26.0,-26.0,-0.8666666666666667,66.8,72.0,46.0,11.627553482998907,0.0,-4,46.0,2026-08-04 22:47:25+00:00,30.0
2026-08-04 22:47:05+00:00,2,2,46,50,10.0,1,46.0,72.0,72.0,72.0,2.0,0.0,-26.0,-0.8666666666666667,61.6,72.0,46.0,14.24078649513432,0.0,-4,46.0,2026-08-04 22:47:35+00:00,30.0
2026-08-04 22:47:15+00:00,2,2,46,50,10.0,1,46.0,46.0,72.0,72.0,2.0,0.0,0.0,0.0,56.4,72.0,46.0,14.240786495134317,0.0,-4,52.0,2026-08-04 22:47:45+00:00,30.0
2026-08-04 22:47:25+00:00,2,2,46,50,10.0,1,46.0,46.0,72.0,72.0,2.0,0.0,0.0,0.0,56.4,72.0,46.0,14.240786495134317,0.0,-4,52.0,2026-08-04 22:47:55+00:00,30.0
2026-08-04 22:47:35+00:00,2,2,46,50,10.0,1,46.0,46.0,46.0,72.0,2.0,0.0,0.0,0.0,51.2,72.0,46.0,11.627553482998906,0.0,-4,52.0,2026-08-04 22:48:05+00:00,30.0
2026-08-04 22:47:45+00:00,2,2,52,50,10.0,1,46.0,46.0,46.0,46.0,2.0,6.0,6.0,0.2,47.2,52.0,46.0,2.683281572999748,0.0,2,52.0,2026-08-04 22:48:15+00:00,30.0
2026-08-04 22:47:55+00:00,2,2,52,50,10.0,1,46.0,46.0,46.0,46.0,2.0,6.0,6.0,0.2,47.2,52.0,46.0,2.683281572999748,0.0,2,52.0,2026-08-04 22:48:25+00:00,30.0
2026-08-04 22:48:05+00:00,2,2,52,50,10.0,1,52.0,46.0,46.0,46.0,2.0,0.0,6.0,0.2,48.4,52.0,46.0,3.2863353450309964,0.0,2,52.0,2026-08-04 22:48:35+00:00,30.0
2026-08-04 22:48:15+00:00,2,2,52,50,10.0,1,52.0,52.0,46.0,46.0,2.0,0.0,0.0,0.0,49.6,52.0,46.0,3.2863353450309964,0.0,2,69.0,2026-08-04 22:48:45+00:00,30.0
2026-08-04 22:48:25+00:00,2,2,52,50,10.0,1,52.0,52.0,46.0,46.0,2.0,0.0,0.0,0.0,49.6,52.0,46.0,3.2863353450309964,0.0,2,69.0,2026-08-04 22:48:55+00:00,30.0
2026-08-04 22:48:35+00:00,2,2,52,50,10.0,1,52.0,52.0,52.0,46.0,2.0,0.0,0.0,0.0,50.8,52.0,46.0,2.6832815729997477,0.0,2,69.0,2026-08-04 22:49:05+00:00,30.0
2026-08-04 22:48:45+00:00,2,3,69,50,10.0,1,52.0,52.0,52.0,52.0,2.0,17.0,17.0,0.5666666666666667,55.4,69.0,52.0,7.602631123499286,0.0,19,69.0,2026-08-04 22:49:15+00:00,30.0
2026-08-04 22:48:55+00:00,3,3,69,50,10.0,1,52.0,52.0,52.0,52.0,2.0,17.0,17.0,0.5666666666666667,55.4,69.0,52.0,7.602631123499286,1.0,19,69.0,2026-08-04 22:49:25+00:00,30.0
2026-08-04 22:49:05+00:00,3,3,69,50,10.0,1,69.0,52.0,52.0,52.0,2.0,0.0,17.0,0.5666666666666667,58.8,69.0,52.0,9.311283477587825,1.0,19,69.0,2026-08-04 22:49:35+00:00,30.0
2026-08-04 22:49:15+00:00,3,3,69,50,10.0,1,69.0,69.0,52.0,52.0,3.0,0.0,0.0,0.0,62.2,69.0,52.0,9.311283477587825,0.0,19,49.0,2026-08-04 22:49:45+00:00,30.0
2026-08-04 22:49:25+00:00,3,3,69,50,10.0,1,69.0,69.0,52.0,52.0,3.0,0.0,0.0,0.0,62.2,69.0,52.0,9.311283477587825,0.0,19,49.0,2026-08-04 22:49:55+00:00,30.0
2026-08-04 22:49:35+00:00,3,3,69,50,10.0,1,69.0,69.0,69.0,52.0,3.0,0.0,0.0,0.0,65.6,69.0,52.0,7.602631123499285,0.0,19,49.0,2026-08-04 22:50:05+00:00,30.0
2026-08-04 22:49:45+00:00,3,3,49,50,10.0,1,69.0,69.0,69.0,69.0,3.0,-20.0,-20.0,-0.6666666666666666,65.0,69.0,49.0,8.94427190999916,0.0,-1,49.0,2026-08-04 22:50:15+00:00,30.0
2026-08-04 22:49:55+00:00,3,3,49,50,10.0,1,69.0,69.0,69.0,69.0,3.0,-20.0,-20.0,-0.6666666666666666,65.0,69.0,49.0,8.94427190999916,0.0,-1,49.0,2026-08-04 22:50:25+00:00,30.0
2026-08-04 22:50:05+00:00,3,3,49,50,10.0,1,49.0,69.0,69.0,69.0,3.0,0.0,-20.0,-0.6666666666666666,61.0,69.0,49.0,10.954451150103322,0.0,-1,49.0,2026-08-04 22:50:35+00:00,30.0
2026-08-04 22:50:15+00:00,3,3,49,50,10.0,1,49.0,49.0,69.0,69.0,3.0,0.0,0.0,0.0,57.0,69.0,49.0,10.954451150103322,0.0,-1,61.0,2026-08-04 22:50:45+00:00,30.0
2026-08-04 22:50:25+00:00,3,3,49,50,10.0,1,49.0,49.0,69.0,69.0,3.0,0.0,0.0,0.0,57.0,69.0,49.0,10.954451150103322,0.0,-1,61.0,2026-08-04 22:50:55+00:00,30.0
2026-08-04 22:50:35+00:00,3,3,49,50,10.0,1,49.0,49.0,49.0,69.0,3.0,0.0,0.0,0.0,53.0,69.0,49.0,8.94427190999916,0.0,-1,61.0,2026-08-04 22:51:05+00:00,30.0
2026-08-04 22:50:45+00:00,3,4,61,50,10.0,1,49.0,49.0,49.0,49.0,3.0,12.0,12.0,0.4,51.4,61.0,49.0,5.366563145999495,0.0,11,61.0,2026-08-04 22:51:15+00:00,30.0
2026-08-04 22:50:55+00:00,4,4,61,50,10.0,1,49.0,49.0,49.0,49.0,3.0,12.0,12.0,0.4,51.4,61.0,49.0,5.366563145999495,1.0,11,61.0,2026-08-04 22:51:25+00:00,30.0
2026-08-04 22:51:05+00:00,4,4,61,50,10.0,1,61.0,49.0,49.0,49.0,3.0,0.0,12.0,0.4,53.8,61.0,49.0,6.572670690061993,1.0,11,61.0,2026-08-04 22:51:35+00:00,30.0
2026-08-04 22:51:15+00:00,4,4,61,50,10.0,1,61.0,61.0,49.0,49.0,4.0,0.0,0.0,0.0,56.2,61.0,49.0,6.572670690061993,0.0,11,60.0,2026-08-04 22:51:45+00:00,30.0
2026-08-04 22:51:25+00:00,4,4,61,50,10.0,1,61.0,61.0,49.0,49.0,4.0,0.0,0.0,0.0,56.2,61.0,49.0,6.572670690061993,0.0,11,60.0,2026-08-04 22:51:55+00:00,30.0
2026-08-04 22:51:35+00:00,4,4,61,50,10.0,1,61.0,61.0,61.0,49.0,4.0,0.0,0.0,0.0,58.6,61.0,49.0,5.366563145999495,0.0,11,60.0,2026-08-04 22:52:05+00:00,30.0
2026-08-04 22:51:45+00:00,4,4,60,50,10.0,1,61.0,61.0,61.0,61.0,4.0,-1.0,-1.0,-0.03333333333333333,60.8,61.0,60.0,0.4472135954999579,0.0,10,60.0,2026-08-04 22:52:15+00:00,30.0
2026-08-04 22:51:55+00:00,4,4,60,50,10.0,1,61.0,61.0,61.0,61.0,4.0,-1.0,-1.0,-0.03333333333333333,60.8,61.0,60.0,0.4472135954999579,0.0,10,60.0,2026-08-04 22:52:25+00:00,30.0
2026-08-04 22:52:05+00:00,4,4,60,50,10.0,1,60.0,61.0,61.0,61.0,4.0,0.0,-1.0,-0.03333333333333333,60.6,61.0,60.0,0.5477225575051661,0.0,10,60.0,2026-08-04 22:52:35+00:00,30.0
2026-08-04 22:52:15+00:00,4,4,60,50,10.0,1,60.0,60.0,61.0,61.0,4.0,0.0,0.0,0.0,60.4,61.0,60.0,0.5477225575051661,0.0,10,53.0,2026-08-04 22:52:45+00:00,30.0
2026-08-04 22:52:25+00:00,4,4,60,50,10.0,1,60.0,60.0,61.0,61.0,4.0,0.0,0.0,0.0,60.4,61.0,60.0,0.5477225575051661,0.0,10,53.0,2026-08-04 22:52:55+00:00,30.0
2026-08-04 22:52:35+00:00,4,4,60,50,10.0,1,60.0,60.0,60.0,61.0,4.0,0.0,0.0,0.0,60.2,61.0,60.0,0.4472135954999579,0.0,10,53.0,2026-08-04 22:53:05+00:00,30.0
2026-08-04 22:52:45+00:00,4,4,53,50,10.0,1,60.0,60.0,60.0,60.0,4.0,-7.0,-7.0,-0.23333333333333334,58.6,60.0,53.0,3.1304951684997055,0.0,3,53.0,2026-08-04 22:53:15+00:00,30.0
2026-08-04 22:52:55+00:00,4,4,53,50,10.0,1,60.0,60.0,60.0,60.0,4.0,-7.0,-7.0,-0.23333333333333334,58.6,60.0,53.0,3.1304951684997055,0.0,3,53.0,2026-08-04 22:53:25+00:00,30.0
2026-08-04 22:53:05+00:00,4,4,53,50,10.0,1,53.0,60.0,60.0,60.0,4.0,0.0,-7.0,-0.23333333333333334,57.2,60.0,53.0,3.8340579025361627,0.0,3,53.0,2026-08-04 22:53:35+00:00,30.0
2026-08-04 22:53:15+00:00,4,4,53,50,10.0,1,53.0,53.0,60.0,60.0,4.0,0.0,0.0,0.0,55.8,60.0,53.0,3.834057902536163,0.0,3,42.0,2026-08-04 22:53:45+00:00,30.0
2026-08-04 22:53:25+00:00,4,4,53,50,10.0,1,53.0,53.0,60.0,60.0,4.0,0.0,0.0,0.0,55.8,60.0,53.0,3.834057902536163,0.0,3,42.0,2026-08-04 22:53:55+00:00,30.0
2026-08-04 22:53:35+00:00,4,4,53,50,10.0,1,53.0,53.0,53.0,60.0,4.0,0.0,0.0,0.0,54.4,60.0,53.0,3.1304951684997055,0.0,3,42.0,2026-08-04 22:54:05+00:00,30.0
2026-08-04 22:53:45+00:00,4,4,42,50,10.0,1,53.0,53.0,53.0,53.0,4.0,-11.0,-11.0,-0.36666666666666664,50.8,53.0,42.0,4.919349550499538,0.0,-8,42.0,2026-08-04 22:54:15+00:00,30.0
2026-08-04 22:53:55+00:00,4,4,42,50,10.0,1,53.0,53.0,53.0,53.0,4.0,-11.0,-11.0,-0.36666666666666664,50.8,53.0,42.0,4.919349550499538,0.0,-8,42.0,2026-08-04 22:54:25+00:00,30.0
2026-08-04 22:54:05+00:00,4,4,42,50,10.0,1,42.0,53.0,53.0,53.0,4.0,0.0,-11.0,-0.36666666666666664,48.6,53.0,42.0,6.024948132556827,0.0,-8,42.0,2026-08-04 22:54:35+00:00,30.0
2026-08-04 22:54:15+00:00,4,4,42,50,10.0,1,42.0,42.0,53.0,53.0,4.0,0.0,0.0,0.0,46.4,53.0,42.0,6.024948132556827,0.0,-8,32.0,2026-08-04 22:54:45+00:00,30.0
2026-08-04 22:54:25+00:00,4,4,42,50,10.0,1,42.0,42.0,53.0,53.0,4.0,0.0,0.0,0.0,46.4,53.0,42.0,6.024948132556827,0.0,-8,32.0,2026-08-04 22:54:55+00:00,30.0
2026-08-04 22:54:35+00:00,4,4,42,50,10.0,1,42.0,42.0,42.0,53.0,4.0,0.0,0.0,0.0,44.2,53.0,42.0,4.919349550499538,0.0,-8,32.0,2026-08-04 22:55:05+00:00,30.0
2026-08-04 22:54:45+00:00,4,4,32,50,10.0,1,42.0,42.0,42.0,42.0,4.0,-10.0,-10.0,-0.3333333333333333,40.0,42.0,32.0,4.47213595499958,0.0,-18,32.0,2026-08-04 22:55:15+00:00,30.0
2026-08-04 22:54:55+00:00,4,4,32,50,10.0,1,42.0,42.0,42.0,42.0,4.0,-10.0,-10.0,-0.3333333333333333,40.0,42.0,32.0,4.47213595499958,0.0,-18,32.0,2026-08-04 22:55:25+00:00,30.0
2026-08-04 22:55:05+00:00,4,4,32,50,10.0,1,32.0,42.0,42.0,42.0,4.0,0.0,-10.0,-0.3333333333333333,38.0,42.0,32.0,5.477225575051661,0.0,-18,32.0,2026-08-04 22:55:35+00:00,30.0
2026-08-04 22:55:15+00:00,4,4,32,50,10.0,1,32.0,32.0,42.0,42.0,4.0,0.0,0.0,0.0,36.0,42.0,32.0,5.477225575051661,0.0,-18,22.0,2026-08-04 22:55:45+00:00,30.0
2026-08-04 22:55:25+00:00,4,4,32,50,10.0,1,32.0,32.0,42.0,42.0,4.0,0.0,0.0,0.0,36.0,42.0,32.0,5.477225575051661,0.0,-18,22.0,2026-08-04 22:55:55+00:00,30.0
2026-08-04 22:55:35+00:00,4,4,32,50,10.0,1,32.0,32.0,32.0,42.0,4.0,0.0,0.0,0.0,34.0,42.0,32.0,4.47213595499958,0.0,-18,22.0,2026-08-04 22:56:05+00:00,30.0
2026-08-04 22:55:45+00:00,4,4,22,50,10.0,1,32.0,32.0,32.0,32.0,4.0,-10.0,-10.0,-0.3333333333333333,30.0,32.0,22.0,4.47213595499958,0.0,-28,22.0,2026-08-04 22:56:15+00:00,30.0
2026-08-04 22:55:55+00:00,4,4,22,50,10.0,1,32.0,32.0,32.0,32.0,4.0,-10.0,-10.0,-0.3333333333333333,30.0,32.0,22.0,4.47213595499958,0.0,-28,22.0,2026-08-04 22:56:25+00:00,30.0
2026-08-04 22:56:05+00:00,4,4,22,50,10.0,1,22.0,32.0,32.0,32.0,4.0,0.0,-10.0,-0.3333333333333333,28.0,32.0,22.0,5.477225575051661,0.0,-28,22.0,2026-08-04 22:56:35+00:00,30.0
2026-08-04 22:56:15+00:00,4,4,22,50,10.0,1,22.0,22.0,32.0,32.0,4.0,0.0,0.0,0.0,26.0,32.0,22.0,5.477225575051661,0.0,-28,14.0,2026-08-04 22:56:45+00:00,30.0
2026-08-04 22:56:25+00:00,4,4,22,50,10.0,1,22.0,22.0,32.0,32.0,4.0,0.0,0.0,0.0,26.0,32.0,22.0,5.477225575051661,0.0,-28,14.0,2026-08-04 22:56:55+00:00,30.0
2026-08-04 22:56:35+00:00,4,4,22,50,10.0,1,22.0,22.0,22.0,32.0,4.0,0.0,0.0,0.0,24.0,32.0,22.0,4.47213595499958,0.0,-28,14.0,2026-08-04 22:57:05+00:00,30.0
2026-08-04 22:56:45+00:00,4,4,14,50,10.0,1,22.0,22.0,22.0,22.0,4.0,-8.0,-8.0,-0.26666666666666666,20.4,22.0,14.0,3.577708763999663,0.0,-36,14.0,2026-08-04 22:57:15+00:00,30.0
2026-08-04 22:56:55+00:00,4,4,14,50,10.0,1,22.0,22.0,22.0,22.0,4.0,-8.0,-8.0,-0.26666666666666666,20.4,22.0,14.0,3.577708763999663,0.0,-36,14.0,2026-08-04 22:57:25+00:00,30.0
2026-08-04 22:57:05+00:00,4,4,14,50,10.0,1,14.0,22.0,22.0,22.0,4.0,0.0,-8.0,-0.26666666666666666,18.8,22.0,14.0,4.381780460041329,0.0,-36,14.0,2026-08-04 22:57:35+00:00,30.0
2026-08-04 22:57:15+00:00,4,4,14,50,10.0,1,14.0,14.0,22.0,22.0,4.0,0.0,0.0,0.0,17.2,22.0,14.0,4.381780460041329,0.0,-36,25.0,2026-08-04 22:57:45+00:00,30.0
2026-08-04 22:57:25+00:00,4,4,14,50,10.0,1,14.0,14.0,22.0,22.0,4.0,0.0,0.0,0.0,17.2,22.0,14.0,4.381780460041329,0.0,-36,25.0,2026-08-04 22:57:55+00:00,30.0
2026-08-04 22:57:35+00:00,4,4,14,50,10.0,1,14.0,14.0,14.0,22.0,4.0,0.0,0.0,0.0,15.6,22.0,14.0,3.5777087639996634,0.0,-36,25.0,2026-08-04 22:58:05+00:00,30.0
2026-08-04 22:57:45+00:00,4,4,25,50,10.0,1,14.0,14.0,14.0,14.0,4.0,11.0,11.0,0.36666666666666664,16.2,25.0,14.0,4.919349550499538,0.0,-25,25.0,2026-08-04 22:58:15+00:00,30.0
2026-08-04 22:57:55+00:00,4,4,25,50,10.0,1,14.0,14.0,14.0,14.0,4.0,11.0,11.0,0.36666666666666664,16.2,25.0,14.0,4.919349550499538,0.0,-25,25.0,2026-08-04 22:58:25+00:00,30.0
2026-08-04 22:58:05+00:00,4,4,25,50,10.0,1,25.0,14.0,14.0,14.0,4.0,0.0,11.0,0.36666666666666664,18.4,25.0,14.0,6.024948132556827,0.0,-25,25.0,2026-08-04 22:58:35+00:00,30.0
2026-08-04 22:58:15+00:00,4,4,25,50,10.0,1,25.0,25.0,14.0,14.0,4.0,0.0,0.0,0.0,20.6,25.0,14.0,6.024948132556827,0.0,-25,42.0,2026-08-04 22:58:45+00:00,30.0
2026-08-04 22:58:25+00:00,4,4,25,50,10.0,1,25.0,25.0,14.0,14.0,4.0,0.0,0.0,0.0,20.6,25.0,14.0,6.024948132556827,0.0,-25,42.0,2026-08-04 22:58:55+00:00,30.0
2026-08-04 22:58:35+00:00,4,4,25,50,10.0,1,25.0,25.0,25.0,14.0,4.0,0.0,0.0,0.0,22.8,25.0,14.0,4.919349550499537,0.0,-25,42.0,2026-08-04 22:59:05+00:00,30.0
2026-08-04 22:58:45+00:00,4,4,42,50,10.0,1,25.0,25.0,25.0,25.0,4.0,17.0,17.0,0.5666666666666667,28.4,42.0,25.0,7.602631123499286,0.0,-8,42.0,2026-08-04 22:59:15+00:00,30.0
2026-08-04 22:58:55+00:00,4,4,42,50,10.0,1,25.0,25.0,25.0,25.0,4.0,17.0,17.0,0.5666666666666667,28.4,42.0,25.0,7.602631123499286,0.0,-8,42.0,2026-08-04 22:59:25+00:00,30.0
2026-08-04 22:59:05+00:00,4,4,42,50,10.0,1,42.0,25.0,25.0,25.0,4.0,0.0,17.0,0.5666666666666667,31.8,42.0,25.0,9.311283477587825,0.0,-8,42.0,2026-08-04 22:59:35+00:00,30.0
2026-08-04 22:59:15+00:00,4,4,42,50,10.0,1,42.0,42.0,25.0,25.0,4.0,0.0,0.0,0.0,35.2,42.0,25.0,9.311283477587825,0.0,-8,63.0,2026-08-04 22:59:45+00:00,30.0
2026-08-04 22:59:25+00:00,4,4,42,50,10.0,1,42.0,42.0,25.0,25.0,4.0,0.0,0.0,0.0,35.2,42.0,25.0,9.311283477587825,0.0,-8,63.0,2026-08-04 22:59:55+00:00,30.0
2026-08-04 22:59:35+00:00,4,4,42,50,10.0,1,42.0,42.0,42.0,25.0,4.0,0.0,0.0,0.0,38.6,42.0,25.0,7.602631123499285,0.0,-8,63.0,2026-08-04 23:00:05+00:00,30.0
2026-08-04 22:59:45+00:00,4,6,63,50,10.0,1,42.0,42.0,42.0,42.0,4.0,21.0,21.0,0.7,46.2,63.0,42.0,9.391485505499118,0.0,13,63.0,2026-08-04 23:00:15+00:00,30.0
2026-08-04 22:59:55+00:00,6,6,63,50,10.0,1,42.0,42.0,42.0,42.0,4.0,21.0,21.0,0.7,46.2,63.0,42.0,9.391485505499118,2.0,13,63.0,2026-08-04 23:00:25+00:00,30.0
2026-08-04 23:00:05+00:00,6,6,63,50,10.0,1,63.0,42.0,42.0,42.0,4.0,0.0,21.0,0.7,50.4,63.0,42.0,11.502173707608488,2.0,13,63.0,2026-08-04 23:00:35+00:00,30.0
2026-08-04 23:00:15+00:00,6,6,63,50,10.0,1,63.0,63.0,42.0,42.0,6.0,0.0,0.0,0.0,54.6,63.0,42.0,11.502173707608488,0.0,13,84.0,2026-08-04 23:00:45+00:00,30.0
2026-08-04 23:00:25+00:00,6,6,63,50,10.0,1,63.0,63.0,42.0,42.0,6.0,0.0,0.0,0.0,54.6,63.0,42.0,11.502173707608488,0.0,13,84.0,2026-08-04 23:00:55+00:00,30.0
2026-08-04 23:00:35+00:00,6,6,63,50,10.0,1,63.0,63.0,63.0,42.0,6.0,0.0,0.0,0.0,58.8,63.0,42.0,9.391485505499118,0.0,13,84.0,2026-08-04 23:01:05+00:00,30.0
2026-08-04 23:00:45+00:00,6,7,84,50,10.0,1,63.0,63.0,63.0,63.0,6.0,21.0,21.0,0.7,67.2,84.0,63.0,9.391485505499118,0.0,34,84.0,2026-08-04 23:01:15+00:00,30.0
2026-08-04 23:00:55+00:00,7,7,84,50,10.0,1,63.0,63.0,63.0,63.0,6.0,21.0,21.0,0.7,67.2,84.0,63.0,9.391485505499118,1.0,34,84.0,2026-08-04 23:01:25+00:00,30.0
2026-08-04 23:01:05+00:00,7,7,84,50,10.0,1,84.0,63.0,63.0,63.0,6.0,0.0,21.0,0.7,71.4,84.0,63.0,11.502173707608488,1.0,34,84.0,2026-08-04 23:01:35+00:00,30.0
2026-08-04 23:01:15+00:00,7,7,84,50,10.0,1,84.0,84.0,63.0,63.0,7.0,0.0,0.0,0.0,75.6,84.0,63.0,11.502173707608488,0.0,34,67.0,2026-08-04 23:01:45+00:00,30.0
2026-08-04 23:01:25+00:00,7,7,84,50,10.0,1,84.0,84.0,63.0,63.0,7.0,0.0,0.0,0.0,75.6,84.0,63.0,11.502173707608488,0.0,34,67.0,2026-08-04 23:01:55+00:00,30.0
2026-08-04 23:01:35+00:00,7,7,84,50,10.0,1,84.0,84.0,84.0,63.0,7.0,0.0,0.0,0.0,79.8,84.0,63.0,9.391485505499118,0.0,34,67.0,2026-08-04 23:02:05+00:00,30.0
2026-08-04 23:01:45+00:00,7,8,67,50,10.0,1,84.0,84.0,84.0,84.0,7.0,-17.0,-17.0,-0.5666666666666667,80.6,84.0,67.0,7.602631123499284,0.0,17,67.0,2026-08-04 23:02:15+00:00,30.0
2026-08-04 23:01:55+00:00,8,8,67,50,10.0,1,84.0,84.0,84.0,84.0,7.0,-17.0,-17.0,-0.5666666666666667,80.6,84.0,67.0,7.602631123499284,1.0,17,67.0,2026-08-04 23:02:25+00:00,30.0
2026-08-04 23:02:05+00:00,8,8,67,50,10.0,1,67.0,84.0,84.0,84.0,7.0,0.0,-17.0,-0.5666666666666667,77.2,84.0,67.0,9.311283477587825,1.0,17,67.0,2026-08-04 23:02:35+00:00,30.0
2026-08-04 23:02:15+00:00,8,8,67,50,10.0,1,67.0,67.0,84.0,84.0,8.0,0.0,0.0,0.0,73.8,84.0,67.0,9.311283477587825,0.0,17,60.0,2026-08-04 23:02:45+00:00,30.0
2026-08-04 23:02:25+00:00,8,8,67,50,10.0,1,67.0,67.0,84.0,84.0,8.0,0.0,0.0,0.0,73.8,84.0,67.0,9.311283477587825,0.0,17,60.0,2026-08-04 23:02:55+00:00,30.0
2026-08-04 23:02:35+00:00,8,8,67,50,10.0,1,67.0,67.0,67.0,84.0,8.0,0.0,0.0,0.0,70.4,84.0,67.0,7.602631123499285,0.0,17,60.0,2026-08-04 23:03:05+00:00,30.0
2026-08-04 23:02:45+00:00,8,8,60,50,10.0,1,67.0,67.0,67.0,67.0,8.0,-7.0,-7.0,-0.23333333333333334,65.6,67.0,60.0,3.1304951684997055,0.0,10,60.0,2026-08-04 23:03:15+00:00,30.0
2026-08-04 23:02:55+00:00,8,8,60,50,10.0,1,67.0,67.0,67.0,67.0,8.0,-7.0,-7.0,-0.23333333333333334,65.6,67.0,60.0,3.1304951684997055,0.0,10,60.0,2026-08-04 23:03:25+00:00,30.0
2026-08-04 23:03:05+00:00,8,8,60,50,10.0,1,60.0,67.0,67.0,67.0,8.0,0.0,-7.0,-0.23333333333333334,64.2,67.0,60.0,3.8340579025361627,0.0,10,60.0,2026-08-04 23:03:35+00:00,30.0
2026-08-04 23:03:15+00:00,8,8,60,50,10.0,1,60.0,60.0,67.0,67.0,8.0,0.0,0.0,0.0,62.8,67.0,60.0,3.834057902536163,0.0,10,43.0,2026-08-04 23:03:45+00:00,30.0
2026-08-04 23:03:25+00:00,8,8,60,50,10.0,1,60.0,60.0,67.0,67.0,8.0,0.0,0.0,0.0,62.8,67.0,60.0,3.834057902536163,0.0,10,43.0,2026-08-04 23:03:55+00:00,30.0
2026-08-04 23:03:35+00:00,8,8,60,50,10.0,1,60.0,60.0,60.0,67.0,8.0,0.0,0.0,0.0,61.4,67.0,60.0,3.1304951684997055,0.0,10,43.0,2026-08-04 23:04:05+00:00,30.0
2026-08-04 23:03:45+00:00,8,8,43,50,10.0,1,60.0,60.0,60.0,60.0,8.0,-17.0,-17.0,-0.5666666666666667,56.6,60.0,43.0,7.602631123499286,0.0,-7,43.0,2026-08-04 23:04:15+00:00,30.0
2026-08-04 23:03:55+00:00,8,8,43,50,10.0,1,60.0,60.0,60.0,60.0,8.0,-17.0,-17.0,-0.5666666666666667,56.6,60.0,43.0,7.602631123499286,0.0,-7,43.0,2026-08-04 23:04:25+00:00,30.0
2026-08-04 23:04:05+00:00,8,8,43,50,10.0,1,43.0,60.0,60.0,60.0,8.0,0.0,-17.0,-0.5666666666666667,53.2,60.0,43.0,9.311283477587825,0.0,-7,43.0,2026-08-04 23:04:35+00:00,30.0
2026-08-04 23:04:15+00:00,8,8,43,50,10.0,1,43.0,43.0,60.0,60.0,8.0,0.0,0.0,0.0,49.8,60.0,43.0,9.311283477587825,0.0,-7,34.0,2026-08-04 23:04:45+00:00,30.0
2026-08-04 23:04:25+00:00,8,8,43,50,10.0,1,43.0,43.0,60.0,60.0,8.0,0.0,0.0,0.0,49.8,60.0,43.0,9.311283477587825,0.0,-7,34.0,2026-08-04 23:04:55+00:00,30.0
2026-08-04 23:04:35+00:00,8,8,43,50,10.0,1,43.0,43.0,43.0,60.0,8.0,0.0,0.0,0.0,46.4,60.0,43.0,7.602631123499285,0.0,-7,34.0,2026-08-04 23:05:05+00:00,30.0
2026-08-04 23:04:45+00:00,8,8,34,50,10.0,1,43.0,43.0,43.0,43.0,8.0,-9.0,-9.0,-0.3,41.2,43.0,34.0,4.024922359499621,0.0,-16,34.0,2026-08-04 23:05:15+00:00,30.0
2026-08-04 23:04:55+00:00,8,8,34,50,10.0,1,43.0,43.0,43.0,43.0,8.0,-9.0,-9.0,-0.3,41.2,43.0,34.0,4.024922359499621,0.0,-16,34.0,2026-08-04 23:05:25+00:00,30.0
2026-08-04 23:05:05+00:00,8,8,34,50,10.0,1,34.0,43.0,43.0,43.0,8.0,0.0,-9.0,-0.3,39.4,43.0,34.0,4.929503017546495,0.0,-16,34.0,2026-08-04 23:05:35+00:00,30.0
2026-08-04 23:05:15+00:00,8,8,34,50,10.0,1,34.0,34.0,43.0,43.0,8.0,0.0,0.0,0.0,37.6,43.0,34.0,4.929503017546495,0.0,-16,24.0,2026-08-04 23:05:45+00:00,30.0
2026-08-04 23:05:25+00:00,8,8,34,50,10.0,1,34.0,34.0,43.0,43.0,8.0,0.0,0.0,0.0,37.6,43.0,34.0,4.929503017546495,0.0,-16,24.0,2026-08-04 23:05:55+00:00,30.0
2026-08-04 23:05:35+00:00,8,8,34,50,10.0,1,34.0,34.0,34.0,43.0,8.0,0.0,0.0,0.0,35.8,43.0,34.0,4.024922359499621,0.0,-16,24.0,2026-08-04 23:06:05+00:00,30.0
2026-08-04 23:05:45+00:00,8,8,24,50,10.0,1,34.0,34.0,34.0,34.0,8.0,-10.0,-10.0,-0.3333333333333333,32.0,34.0,24.0,4.47213595499958,0.0,-26,24.0,2026-08-04 23:06:15+00:00,30.0
2026-08-04 23:05:55+00:00,8,8,24,50,10.0,1,34.0,34.0,34.0,34.0,8.0,-10.0,-10.0,-0.3333333333333333,32.0,34.0,24.0,4.47213595499958,0.0,-26,24.0,2026-08-04 23:06:25+00:00,30.0
2026-08-04 23:06:05+00:00,8,8,24,50,10.0,1,24.0,34.0,34.0,34.0,8.0,0.0,-10.0,-0.3333333333333333,30.0,34.0,24.0,5.477225575051661,0.0,-26,24.0,2026-08-04 23:06:35+00:00,30.0
2026-08-04 23:06:15+00:00,8,8,24,50,10.0,1,24.0,24.0,34.0,34.0,8.0,0.0,0.0,0.0,28.0,34.0,24.0,5.477225575051661,0.0,-26,15.0,2026-08-04 23:06:45+00:00,30.0
2026-08-04 23:06:25+00:00,8,8,24,50,10.0,1,24.0,24.0,34.0,34.0,8.0,0.0,0.0,0.0,28.0,34.0,24.0,5.477225575051661,0.0,-26,15.0,2026-08-04 23:06:55+00:00,30.0
2026-08-04 23:06:35+00:00,8,8,24,50,10.0,1,24.0,24.0,24.0,34.0,8.0,0.0,0.0,0.0,26.0,34.0,24.0,4.47213595499958,0.0,-26,15.0,2026-08-04 23:07:05+00:00,30.0
2026-08-04 23:06:45+00:00,8,8,15,50,10.0,1,24.0,24.0,24.0,24.0,8.0,-9.0,-9.0,-0.3,22.2,24.0,15.0,4.024922359499621,0.0,-35,15.0,2026-08-04 23:07:15+00:00,30.0
2026-08-04 23:06:55+00:00,8,8,15,50,10.0,1,24.0,24.0,24.0,24.0,8.0,-9.0,-9.0,-0.3,22.2,24.0,15.0,4.024922359499621,0.0,-35,15.0,2026-08-04 23:07:25+00:00,30.0
2026-08-04 23:07:05+00:00,8,8,15,50,10.0,1,15.0,24.0,24.0,24.0,8.0,0.0,-9.0,-0.3,20.4,24.0,15.0,4.929503017546495,0.0,-35,15.0,2026-08-04 23:07:35+00:00,30.0
2026-08-04 23:07:15+00:00,8,8,15,50,10.0,1,15.0,15.0,24.0,24.0,8.0,0.0,0.0,0.0,18.6,24.0,15.0,4.929503017546495,0.0,-35,13.0,2026-08-04 23:07:45+00:00,30.0
2026-08-04 23:07:25+00:00,8,8,15,50,10.0,1,15.0,15.0,24.0,24.0,8.0,0.0,0.0,0.0,18.6,24.0,15.0,4.929503017546495,0.0,-35,13.0,2026-08-04 23:07:55+00:00,30.0
2026-08-04 23:07:35+00:00,8,8,15,50,10.0,1,15.0,15.0,15.0,24.0,8.0,0.0,0.0,0.0,16.8,24.0,15.0,4.024922359499621,0.0,-35,13.0,2026-08-04 23:08:05+00:00,30.0
2026-08-04 23:07:45+00:00,8,8,13,50,10.0,1,15.0,15.0,15.0,15.0,8.0,-2.0,-2.0,-0.06666666666666667,14.6,15.0,13.0,0.8944271909999157,0.0,-37,13.0,2026-08-04 23:08:15+00:00,30.0
2026-08-04 23:07:55+00:00,8,8,13,50,10.0,1,15.0,15.0,15.0,15.0,8.0,-2.0,-2.0,-0.06666666666666667,14.6,15.0,13.0,0.8944271909999157,0.0,-37,13.0,2026-08-04 23:08:25+00:00,30.0
2026-08-04 23:08:05+00:00,8,8,13,50,10.0,1,13.0,15.0,15.0,15.0,8.0,0.0,-2.0,-0.06666666666666667,14.2,15.0,13.0,1.0954451150103324,0.0,-37,13.0,2026-08-04 23:08:35+00:00,30.0
2026-08-04 23:08:15+00:00,8,8,13,50,10.0,1,13.0,13.0,15.0,15.0,8.0,0.0,0.0,0.0,13.8,15.0,13.0,1.0954451150103324,0.0,-37,19.0,2026-08-04 23:08:45+00:00,30.0
2026-08-04 23:08:25+00:00,8,8,13,50,10.0,1,13.0,13.0,15.0,15.0,8.0,0.0,0.0,0.0,13.8,15.0,13.0,1.0954451150103324,0.0,-37,19.0,2026-08-04 23:08:55+00:00,30.0
2026-08-04 23:08:35+00:00,8,7,13,50,10.0,1,13.0,13.0,13.0,15.0,8.0,0.0,0.0,0.0,13.4,15.0,13.0,0.8944271909999159,0.0,-37,19.0,2026-08-04 23:09:05+00:00,30.0
2026-08-04 23:08:45+00:00,7,7,19,50,10.0,1,13.0,13.0,13.0,13.0,8.0,6.0,6.0,0.2,14.2,19.0,13.0,2.6832815729997477,-1.0,-31,19.0,2026-08-04 23:09:15+00:00,30.0
2026-08-04 23:08:55+00:00,7,7,19,50,10.0,1,13.0,13.0,13.0,13.0,8.0,6.0,6.0,0.2,14.2,19.0,13.0,2.6832815729997477,-1.0,-31,19.0,2026-08-04 23:09:25+00:00,30.0
2026-08-04 23:09:05+00:00,7,7,19,50,10.0,1,19.0,13.0,13.0,13.0,7.0,0.0,6.0,0.2,15.4,19.0,13.0,3.286335345030997,0.0,-31,19.0,2026-08-04 23:09:35+00:00,30.0
2026-08-04 23:09:15+00:00,7,7,19,50,10.0,1,19.0,19.0,13.0,13.0,7.0,0.0,0.0,0.0,16.6,19.0,13.0,3.2863353450309964,0.0,-31,21.0,2026-08-04 23:09:45+00:00,30.0
2026-08-04 23:09:25+00:00,7,7,19,50,10.0,1,19.0,19.0,13.0,13.0,7.0,0.0,0.0,0.0,16.6,19.0,13.0,3.2863353450309964,0.0,-31,21.0,2026-08-04 23:09:55+00:00,30.0
2026-08-04 23:09:35+00:00,7,6,19,50,10.0,1,19.0,19.0,19.0,13.0,7.0,0.0,0.0,0.0,17.8,19.0,13.0,2.6832815729997477,0.0,-31,21.0,2026-08-04 23:10:05+00:00,30.0
2026-08-04 23:09:45+00:00,6,6,21,50,10.0,1,19.0,19.0,19.0,19.0,7.0,2.0,2.0,0.06666666666666667,19.4,21.0,19.0,0.8944271909999159,-1.0,-29,21.0,2026-08-04 23:10:15+00:00,30.0
2026-08-04 23:09:55+00:00,6,6,21,50,10.0,1,19.0,19.0,19.0,19.0,7.0,2.0,2.0,0.06666666666666667,19.4,21.0,19.0,0.8944271909999159,-1.0,-29,21.0,2026-08-04 23:10:25+00:00,30.0
2026-08-04 23:10:05+00:00,6,6,21,50,10.0,1,21.0,19.0,19.0,19.0,6.0,0.0,2.0,0.06666666666666667,19.8,21.0,19.0,1.0954451150103324,0.0,-29,21.0,2026-08-04 23:10:35+00:00,30.0
2026-08-04 23:10:15+00:00,6,6,21,50,10.0,1,21.0,21.0,19.0,19.0,6.0,0.0,0.0,0.0,20.2,21.0,19.0,1.0954451150103324,0.0,-29,14.0,2026-08-04 23:10:45+00:00,30.0
2026-08-04 23:10:25+00:00,6,6,21,50,10.0,1,21.0,21.0,19.0,19.0,6.0,0.0,0.0,0.0,20.2,21.0,19.0,1.0954451150103324,0.0,-29,14.0,2026-08-04 23:10:55+00:00,30.0
2026-08-04 23:10:35+00:00,6,4,21,50,10.0,1,21.0,21.0,21.0,19.0,6.0,0.0,0.0,0.0,20.6,21.0,19.0,0.8944271909999159,0.0,-29,14.0,2026-08-04 23:11:05+00:00,30.0
2026-08-04 23:10:45+00:00,4,4,14,50,10.0,1,21.0,21.0,21.0,21.0,6.0,-7.0,-7.0,-0.23333333333333334,19.6,21.0,14.0,3.1304951684997055,-2.0,-36,14.0,2026-08-04 23:11:15+00:00,30.0
2026-08-04 23:10:55+00:00,4,4,14,50,10.0,1,21.0,21.0,21.0,21.0,6.0,-7.0,-7.0,-0.23333333333333334,19.6,21.0,14.0,3.1304951684997055,-2.0,-36,14.0,2026-08-04 23:11:25+00:00,30.0
2026-08-04 23:11:05+00:00,4,4,14,50,10.0,1,14.0,21.0,21.0,21.0,4.0,0.0,-7.0,-0.23333333333333334,18.2,21.0,14.0,3.8340579025361627,0.0,-36,14.0,2026-08-04 23:11:35+00:00,30.0
2026-08-04 23:11:15+00:00,4,4,14,50,10.0,1,14.0,14.0,21.0,21.0,4.0,0.0,0.0,0.0,16.8,21.0,14.0,3.8340579025361627,0.0,-36,51.0,2026-08-04 23:11:45+00:00,30.0
2026-08-04 23:11:25+00:00,4,4,14,50,10.0,1,14.0,14.0,21.0,21.0,4.0,0.0,0.0,0.0,16.8,21.0,14.0,3.8340579025361627,0.0,-36,51.0,2026-08-04 23:11:55+00:00,30.0
2026-08-04 23:11:35+00:00,4,3,14,50,10.0,1,14.0,14.0,14.0,21.0,4.0,0.0,0.0,0.0,15.4,21.0,14.0,3.1304951684997055,0.0,-36,51.0,2026-08-04 23:12:05+00:00,30.0
2026-08-04 23:11:45+00:00,3,3,51,50,10.0,1,14.0,14.0,14.0,14.0,4.0,37.0,37.0,1.2333333333333334,21.4,51.0,14.0,16.546903033498445,-1.0,1,51.0,2026-08-04 23:12:15+00:00,30.0
2026-08-04 23:11:55+00:00,3,3,51,50,10.0,1,14.0,14.0,14.0,14.0,4.0,37.0,37.0,1.2333333333333334,21.4,51.0,14.0,16.546903033498445,-1.0,1,51.0,2026-08-04 23:12:25+00:00,30.0
2026-08-04 23:12:05+00:00,3,3,51,50,10.0,1,51.0,14.0,14.0,14.0,3.0,0.0,37.0,1.2333333333333334,28.8,51.0,14.0,20.265734627691145,0.0,1,51.0,2026-08-04 23:12:35+00:00,30.0
2026-08-04 23:12:15+00:00,3,3,51,50,10.0,1,51.0,51.0,14.0,14.0,3.0,0.0,0.0,0.0,36.2,51.0,14.0,20.265734627691145,0.0,1,71.0,2026-08-04 23:12:45+00:00,30.0
2026-08-04 23:12:25+00:00,3,3,51,50,10.0,1,51.0,51.0,14.0,14.0,3.0,0.0,0.0,0.0,36.2,51.0,14.0,20.265734627691145,0.0,1,71.0,2026-08-04 23:12:55+00:00,30.0
2026-08-04 23:12:35+00:00,3,3,51,50,10.0,1,51.0,51.0,51.0,14.0,3.0,0.0,0.0,0.0,43.6,51.0,14.0,16.546903033498445,0.0,1,71.0,2026-08-04 23:13:05+00:00,30.0
2026-08-04 23:12:45+00:00,3,5,71,50,10.0,1,51.0,51.0,51.0,51.0,3.0,20.0,20.0,0.6666666666666666,55.0,71.0,51.0,8.94427190999916,0.0,21,71.0,2026-08-04 23:13:15+00:00,30.0
2026-08-04 23:12:55+00:00,3,5,71,50,10.0,1,51.0,51.0,51.0,51.0,3.0,20.0,20.0,0.6666666666666666,55.0,71.0,51.0,8.94427190999916,0.0,21,71.0,2026-08-04 23:13:25+00:00,30.0
2026-08-04 23:13:05+00:00,5,5,71,50,10.0,1,71.0,51.0,51.0,51.0,3.0,0.0,20.0,0.6666666666666666,59.0,71.0,51.0,10.954451150103322,2.0,21,71.0,2026-08-04 23:13:35+00:00,30.0
2026-08-04 23:13:15+00:00,5,5,71,50,10.0,1,71.0,71.0,51.0,51.0,3.0,0.0,0.0,0.0,63.0,71.0,51.0,10.954451150103322,2.0,21,59.0,2026-08-04 23:13:45+00:00,30.0
2026-08-04 23:13:25+00:00,5,5,71,50,10.0,1,71.0,71.0,51.0,51.0,5.0,0.0,0.0,0.0,63.0,71.0,51.0,10.954451150103322,0.0,21,59.0,2026-08-04 23:13:55+00:00,30.0
2026-08-04 23:13:35+00:00,5,5,71,50,10.0,1,71.0,71.0,71.0,51.0,5.0,0.0,0.0,0.0,67.0,71.0,51.0,8.94427190999916,0.0,21,59.0,2026-08-04 23:14:05+00:00,30.0
2026-08-04 23:13:45+00:00,5,5,59,50,10.0,1,71.0,71.0,71.0,71.0,5.0,-12.0,-12.0,-0.4,68.6,71.0,59.0,5.366563145999496,0.0,9,59.0,2026-08-04 23:14:15+00:00,30.0
2026-08-04 23:13:55+00:00,5,5,59,50,10.0,1,71.0,71.0,71.0,71.0,5.0,-12.0,-12.0,-0.4,68.6,71.0,59.0,5.366563145999496,0.0,9,59.0,2026-08-04 23:14:25+00:00,30.0
2026-08-04 23:14:05+00:00,5,5,59,50,10.0,1,59.0,71.0,71.0,71.0,5.0,0.0,-12.0,-0.4,66.2,71.0,59.0,6.572670690061993,0.0,9,59.0,2026-08-04 23:14:35+00:00,30.0
2026-08-04 23:14:15+00:00,5,5,59,50,10.0,1,59.0,59.0,71.0,71.0,5.0,0.0,0.0,0.0,63.8,71.0,59.0,6.572670690061993,0.0,9,27.0,2026-08-04 23:14:45+00:00,30.0
2026-08-04 23:14:25+00:00,5,5,59,50,10.0,1,59.0,59.0,71.0,71.0,5.0,0.0,0.0,0.0,63.8,71.0,59.0,6.572670690061993,0.0,9,27.0,2026-08-04 23:14:55+00:00,30.0
2026-08-04 23:14:35+00:00,5,5,59,50,10.0,1,59.0,59.0,59.0,71.0,5.0,0.0,0.0,0.0,61.4,71.0,59.0,5.366563145999495,0.0,9,27.0,2026-08-04 23:15:05+00:00,30.0
2026-08-04 23:14:45+00:00,5,5,27,50,10.0,1,59.0,59.0,59.0,59.0,5.0,-32.0,-32.0,-1.0666666666666667,52.6,59.0,27.0,14.310835055998657,0.0,-23,27.0,2026-08-04 23:15:15+00:00,30.0
2026-08-04 23:14:55+00:00,5,5,27,50,10.0,1,59.0,59.0,59.0,59.0,5.0,-32.0,-32.0,-1.0666666666666667,52.6,59.0,27.0,14.310835055998657,0.0,-23,27.0,2026-08-04 23:15:25+00:00,30.0
2026-08-04 23:15:05+00:00,5,5,27,50,10.0,1,27.0,59.0,59.0,59.0,5.0,0.0,-32.0,-1.0666666666666667,46.2,59.0,27.0,17.527121840165314,0.0,-23,27.0,2026-08-04 23:15:35+00:00,30.0
2026-08-04 23:15:15+00:00,5,5,27,50,10.0,1,27.0,27.0,59.0,59.0,5.0,0.0,0.0,0.0,39.8,59.0,27.0,17.527121840165314,0.0,-23,18.0,2026-08-04 23:15:45+00:00,30.0
2026-08-04 23:15:25+00:00,5,5,27,50,10.0,1,27.0,27.0,59.0,59.0,5.0,0.0,0.0,0.0,39.8,59.0,27.0,17.527121840165314,0.0,-23,18.0,2026-08-04 23:15:55+00:00,30.0
2026-08-04 23:15:35+00:00,5,5,27,50,10.0,1,27.0,27.0,27.0,59.0,5.0,0.0,0.0,0.0,33.4,59.0,27.0,14.310835055998654,0.0,-23,18.0,2026-08-04 23:16:05+00:00,30.0
2026-08-04 23:15:45+00:00,5,5,18,50,10.0,1,27.0,27.0,27.0,27.0,5.0,-9.0,-9.0,-0.3,25.2,27.0,18.0,4.024922359499621,0.0,-32,18.0,2026-08-04 23:16:15+00:00,30.0
2026-08-04 23:15:55+00:00,5,5,18,50,10.0,1,27.0,27.0,27.0,27.0,5.0,-9.0,-9.0,-0.3,25.2,27.0,18.0,4.024922359499621,0.0,-32,18.0,2026-08-04 23:16:25+00:00,30.0
2026-08-04 23:16:05+00:00,5,5,18,50,10.0,1,18.0,27.0,27.0,27.0,5.0,0.0,-9.0,-0.3,23.4,27.0,18.0,4.929503017546495,0.0,-32,18.0,2026-08-04 23:16:35+00:00,30.0
2026-08-04 23:16:15+00:00,5,5,18,50,10.0,1,18.0,18.0,27.0,27.0,5.0,0.0,0.0,0.0,21.6,27.0,18.0,4.929503017546495,0.0,-32,12.0,2026-08-04 23:16:45+00:00,30.0
2026-08-04 23:16:25+00:00,5,5,18,50,10.0,1,18.0,18.0,27.0,27.0,5.0,0.0,0.0,0.0,21.6,27.0,18.0,4.929503017546495,0.0,-32,12.0,2026-08-04 23:16:55+00:00,30.0
2026-08-04 23:16:35+00:00,5,5,18,50,10.0,1,18.0,18.0,18.0,27.0,5.0,0.0,0.0,0.0,19.8,27.0,18.0,4.024922359499621,0.0,-32,12.0,2026-08-04 23:17:05+00:00,30.0
2026-08-04 23:16:45+00:00,5,5,12,50,10.0,1,18.0,18.0,18.0,18.0,5.0,-6.0,-6.0,-0.2,16.8,18.0,12.0,2.6832815729997477,0.0,-38,12.0,2026-08-04 23:17:15+00:00,30.0
2026-08-04 23:16:55+00:00,5,5,12,50,10.0,1,18.0,18.0,18.0,18.0,5.0,-6.0,-6.0,-0.2,16.8,18.0,12.0,2.6832815729997477,0.0,-38,12.0,2026-08-04 23:17:25+00:00,30.0
2026-08-04 23:17:05+00:00,5,5,12,50,10.0,1,12.0,18.0,18.0,18.0,5.0,0.0,-6.0,-0.2,15.6,18.0,12.0,3.286335345030997,0.0,-38,12.0,2026-08-04 23:17:35+00:00,30.0
2026-08-04 23:17:15+00:00,5,5,12,50,10.0,1,12.0,12.0,18.0,18.0,5.0,0.0,0.0,0.0,14.4,18.0,12.0,3.286335345030997,0.0,-38,20.0,2026-08-04 23:17:45+00:00,30.0
2026-08-04 23:17:25+00:00,5,5,12,50,10.0,1,12.0,12.0,18.0,18.0,5.0,0.0,0.0,0.0,14.4,18.0,12.0,3.286335345030997,0.0,-38,20.0,2026-08-04 23:17:55+00:00,30.0
2026-08-04 23:17:35+00:00,5,5,12,50,10.0,1,12.0,12.0,12.0,18.0,5.0,0.0,0.0,0.0,13.2,18.0,12.0,2.6832815729997477,0.0,-38,20.0,2026-08-04 23:18:05+00:00,30.0
2026-08-04 23:17:45+00:00,5,5,20,50,10.0,1,12.0,12.0,12.0,12.0,5.0,8.0,8.0,0.26666666666666666,13.6,20.0,12.0,3.5777087639996643,0.0,-30,20.0,2026-08-04 23:18:15+00:00,30.0
2026-08-04 23:17:55+00:00,5,5,20,50,10.0,1,12.0,12.0,12.0,12.0,5.0,8.0,8.0,0.26666666666666666,13.6,20.0,12.0,3.5777087639996643,0.0,-30,20.0,2026-08-04 23:18:25+00:00,30.0
2026-08-04 23:18:05+00:00,5,5,20,50,10.0,1,20.0,12.0,12.0,12.0,5.0,0.0,8.0,0.26666666666666666,15.2,20.0,12.0,4.381780460041329,0.0,-30,20.0,2026-08-04 23:18:35+00:00,30.0
2026-08-04 23:18:15+00:00,5,5,20,50,10.0,1,20.0,20.0,12.0,12.0,5.0,0.0,0.0,0.0,16.8,20.0,12.0,4.381780460041329,0.0,-30,35.0,2026-08-04 23:18:45+00:00,30.0
2026-08-04 23:18:25+00:00,5,5,20,50,10.0,1,20.0,20.0,12.0,12.0,5.0,0.0,0.0,0.0,16.8,20.0,12.0,4.381780460041329,0.0,-30,35.0,2026-08-04 23:18:55+00:00,30.0
2026-08-04 23:18:35+00:00,5,5,20,50,10.0,1,20.0,20.0,20.0,12.0,5.0,0.0,0.0,0.0,18.4,20.0,12.0,3.5777087639996634,0.0,-30,35.0,2026-08-04 23:19:05+00:00,30.0
2026-08-04 23:18:45+00:00,5,5,35,50,10.0,1,20.0,20.0,20.0,20.0,5.0,15.0,15.0,0.5,23.0,35.0,20.0,6.708203932499369,0.0,-15,35.0,2026-08-04 23:19:15+00:00,30.0
2026-08-04 23:18:55+00:00,5,5,35,50,10.0,1,20.0,20.0,20.0,20.0,5.0,15.0,15.0,0.5,23.0,35.0,20.0,6.708203932499369,0.0,-15,35.0,2026-08-04 23:19:25+00:00,30.0
2026-08-04 23:19:05+00:00,5,5,35,50,10.0,1,35.0,20.0,20.0,20.0,5.0,0.0,15.0,0.5,26.0,35.0,20.0,8.215838362577491,0.0,-15,35.0,2026-08-04 23:19:35+00:00,30.0
2026-08-04 23:19:15+00:00,5,5,35,50,10.0,1,35.0,35.0,20.0,20.0,5.0,0.0,0.0,0.0,29.0,35.0,20.0,8.215838362577491,0.0,-15,54.0,2026-08-04 23:19:45+00:00,30.0
2026-08-04 23:19:25+00:00,5,5,35,50,10.0,1,35.0,35.0,20.0,20.0,5.0,0.0,0.0,0.0,29.0,35.0,20.0,8.215838362577491,0.0,-15,54.0,2026-08-04 23:19:55+00:00,30.0
2026-08-04 23:19:35+00:00,5,4,35,50,10.0,1,35.0,35.0,35.0,20.0,5.0,0.0,0.0,0.0,32.0,35.0,20.0,6.708203932499369,0.0,-15,54.0,2026-08-04 23:20:05+00:00,30.0
2026-08-04 23:19:45+00:00,4,4,54,50,10.0,1,35.0,35.0,35.0,35.0,5.0,19.0,19.0,0.6333333333333333,38.8,54.0,35.0,8.497058314499201,-1.0,4,54.0,2026-08-04 23:20:15+00:00,30.0
2026-08-04 23:19:55+00:00,4,4,54,50,10.0,1,35.0,35.0,35.0,35.0,5.0,19.0,19.0,0.6333333333333333,38.8,54.0,35.0,8.497058314499201,-1.0,4,54.0,2026-08-04 23:20:25+00:00,30.0
2026-08-04 23:20:05+00:00,4,4,54,50,10.0,1,54.0,35.0,35.0,35.0,4.0,0.0,19.0,0.6333333333333333,42.6,54.0,35.0,10.406728592598155,0.0,4,54.0,2026-08-04 23:20:35+00:00,30.0
2026-08-04 23:20:15+00:00,4,4,54,50,10.0,1,54.0,54.0,35.0,35.0,4.0,0.0,0.0,0.0,46.4,54.0,35.0,10.406728592598157,0.0,4,87.0,2026-08-04 23:20:45+00:00,30.0
2026-08-04 23:20:25+00:00,4,4,54,50,10.0,1,54.0,54.0,35.0,35.0,4.0,0.0,0.0,0.0,46.4,54.0,35.0,10.406728592598157,0.0,4,87.0,2026-08-04 23:20:55+00:00,30.0
2026-08-04 23:20:35+00:00,4,4,54,50,10.0,1,54.0,54.0,54.0,35.0,4.0,0.0,0.0,0.0,50.2,54.0,35.0,8.497058314499201,0.0,4,87.0,2026-08-04 23:21:05+00:00,30.0
2026-08-04 23:20:45+00:00,4,7,87,50,10.0,1,54.0,54.0,54.0,54.0,4.0,33.0,33.0,1.1,60.6,87.0,54.0,14.758048651498614,0.0,37,87.0,2026-08-04 23:21:15+00:00,30.0
2026-08-04 23:20:55+00:00,4,7,87,50,10.0,1,54.0,54.0,54.0,54.0,4.0,33.0,33.0,1.1,60.6,87.0,54.0,14.758048651498614,0.0,37,87.0,2026-08-04 23:21:25+00:00,30.0
2026-08-04 23:21:05+00:00,7,7,87,50,10.0,1,87.0,54.0,54.0,54.0,4.0,0.0,33.0,1.1,67.2,87.0,54.0,18.074844397670482,3.0,37,87.0,2026-08-04 23:21:35+00:00,30.0
2026-08-04 23:21:15+00:00,7,7,87,50,10.0,1,87.0,87.0,54.0,54.0,4.0,0.0,0.0,0.0,73.8,87.0,54.0,18.074844397670482,3.0,37,87.0,2026-08-04 23:21:45+00:00,30.0
2026-08-04 23:21:25+00:00,7,7,87,50,10.0,1,87.0,87.0,54.0,54.0,7.0,0.0,0.0,0.0,73.8,87.0,54.0,18.074844397670482,0.0,37,87.0,2026-08-04 23:21:55+00:00,30.0
2026-08-04 23:21:35+00:00,7,7,87,50,10.0,1,87.0,87.0,87.0,54.0,7.0,0.0,0.0,0.0,80.4,87.0,54.0,14.758048651498612,0.0,37,87.0,2026-08-04 23:22:05+00:00,30.0
