timestamp,current_replicas,desired_replicas,current_cpu_percentage,target_cpu_percentage,experiment,sampling_interval_seconds,cpu_lag_15s,cpu_lag_30s,cpu_lag_45s,cpu_lag_60s,replicas_lag_15s,future_cpu_30s,future_observation_timestamp,actual_horizon_seconds,cpu_change_15s,cpu_change_30s,cpu_slope_30s,cpu_recent_mean,cpu_recent_max,cpu_recent_min,cpu_recent_std,replica_change_15s,cpu_above_target
2026-07-19 20:59:36+00:00,1,1,0.0,50.0,baseline,17.0,0.0,0.0,0.0,0.0,1.0,0.0,2026-07-19 21:00:07+00:00,31.0,0.0,0.0,0.0,0.0,0.0,0.0,0.0,0.0,-50.0
2026-07-19 20:59:51+00:00,1,1,0.0,50.0,baseline,15.0,0.0,0.0,0.0,0.0,1.0,0.0,2026-07-19 21:00:23+00:00,32.0,0.0,0.0,0.0,0.0,0.0,0.0,0.0,0.0,-50.0
2026-07-19 21:00:07+00:00,1,1,0.0,50.0,baseline,16.0,0.0,0.0,0.0,0.0,1.0,0.0,2026-07-19 21:00:38+00:00,31.0,0.0,0.0,0.0,0.0,0.0,0.0,0.0,0.0,-50.0
2026-07-19 21:00:23+00:00,1,1,0.0,50.0,baseline,16.0,0.0,0.0,0.0,0.0,1.0,0.0,2026-07-19 21:00:54+00:00,31.0,0.0,0.0,0.0,0.0,0.0,0.0,0.0,0.0,-50.0
2026-07-19 21:00:38+00:00,1,1,0.0,50.0,baseline,15.0,0.0,0.0,0.0,0.0,1.0,163.0,2026-07-19 21:01:10+00:00,32.0,0.0,0.0,0.0,0.0,0.0,0.0,0.0,0.0,-50.0
2026-07-19 21:00:54+00:00,1,1,0.0,50.0,baseline,16.0,0.0,0.0,0.0,0.0,1.0,163.0,2026-07-19 21:01:26+00:00,32.0,0.0,0.0,0.0,0.0,0.0,0.0,0.0,0.0,-50.0
2026-07-19 21:01:10+00:00,1,4,163.0,50.0,baseline,16.0,0.0,0.0,0.0,0.0,1.0,163.0,2026-07-19 21:01:41+00:00,31.0,163.0,163.0,5.433333333333334,40.75,163.0,0.0,81.5,0.0,113.0
2026-07-19 21:01:26+00:00,4,4,163.0,50.0,baseline,16.0,163.0,0.0,0.0,0.0,1.0,250.0,2026-07-19 21:01:57+00:00,31.0,0.0,163.0,5.433333333333334,81.5,163.0,0.0,94.108093877909,3.0,113.0
2026-07-19 21:01:41+00:00,4,4,163.0,50.0,baseline,15.0,163.0,163.0,0.0,0.0,4.0,250.0,2026-07-19 21:02:13+00:00,32.0,0.0,0.0,0.0,122.25,163.0,0.0,81.5,0.0,113.0
2026-07-19 21:01:57+00:00,4,5,250.0,50.0,baseline,16.0,163.0,163.0,163.0,0.0,4.0,250.0,2026-07-19 21:02:29+00:00,32.0,87.0,87.0,2.9,184.75,250.0,163.0,43.5,0.0,200.0
2026-07-19 21:02:13+00:00,5,5,250.0,50.0,baseline,16.0,250.0,163.0,163.0,163.0,4.0,250.0,2026-07-19 21:02:45+00:00,32.0,0.0,87.0,2.9,206.5,250.0,163.0,50.22947341949744,1.0,200.0
2026-07-19 21:02:29+00:00,5,5,250.0,50.0,baseline,16.0,250.0,250.0,163.0,163.0,5.0,240.0,2026-07-19 21:03:01+00:00,32.0,0.0,0.0,0.0,228.25,250.0,163.0,43.5,0.0,200.0
2026-07-19 21:02:45+00:00,5,5,250.0,50.0,baseline,16.0,250.0,250.0,250.0,163.0,5.0,240.0,2026-07-19 21:03:16+00:00,31.0,0.0,0.0,0.0,250.0,250.0,250.0,0.0,0.0,200.0
2026-07-19 21:03:01+00:00,5,10,240.0,50.0,baseline,16.0,250.0,250.0,250.0,250.0,5.0,240.0,2026-07-19 21:03:32+00:00,31.0,-10.0,-10.0,-0.3333333333333333,247.5,250.0,240.0,5.0,0.0,190.0
2026-07-19 21:03:16+00:00,10,10,240.0,50.0,baseline,15.0,240.0,250.0,250.0,250.0,5.0,240.0,2026-07-19 21:03:49+00:00,33.0,0.0,-10.0,-0.3333333333333333,245.0,250.0,240.0,5.773502691896258,5.0,190.0
2026-07-19 21:03:32+00:00,10,10,240.0,50.0,baseline,16.0,240.0,240.0,250.0,250.0,10.0,189.0,2026-07-19 21:04:04+00:00,32.0,0.0,0.0,0.0,242.5,250.0,240.0,5.0,0.0,190.0
2026-07-19 21:03:49+00:00,10,10,240.0,50.0,baseline,17.0,240.0,240.0,240.0,250.0,10.0,189.0,2026-07-19 21:04:20+00:00,31.0,0.0,0.0,0.0,240.0,240.0,240.0,0.0,0.0,190.0
2026-07-19 21:04:04+00:00,10,10,189.0,50.0,baseline,15.0,240.0,240.0,240.0,240.0,10.0,189.0,2026-07-19 21:04:36+00:00,32.0,-51.0,-51.0,-1.7,227.25,240.0,189.0,25.5,0.0,139.0
2026-07-19 21:04:20+00:00,10,10,189.0,50.0,baseline,16.0,189.0,240.0,240.0,240.0,10.0,189.0,2026-07-19 21:04:52+00:00,32.0,0.0,-51.0,-1.7,214.5,240.0,189.0,29.444863728670914,0.0,139.0
2026-07-19 21:04:36+00:00,10,10,189.0,50.0,baseline,16.0,189.0,189.0,240.0,240.0,10.0,184.0,2026-07-19 21:05:08+00:00,32.0,0.0,0.0,0.0,201.75,240.0,189.0,25.5,0.0,139.0
2026-07-19 21:04:52+00:00,10,10,189.0,50.0,baseline,16.0,189.0,189.0,189.0,240.0,10.0,184.0,2026-07-19 21:05:24+00:00,32.0,0.0,0.0,0.0,189.0,189.0,189.0,0.0,0.0,139.0
2026-07-19 21:05:08+00:00,10,10,184.0,50.0,baseline,16.0,189.0,189.0,189.0,189.0,10.0,184.0,2026-07-19 21:05:40+00:00,32.0,-5.0,-5.0,-0.16666666666666666,187.75,189.0,184.0,2.5,0.0,134.0
2026-07-19 21:05:24+00:00,10,10,184.0,50.0,baseline,16.0,184.0,189.0,189.0,189.0,10.0,184.0,2026-07-19 21:05:55+00:00,31.0,0.0,-5.0,-0.16666666666666666,186.5,189.0,184.0,2.886751345948129,0.0,134.0
2026-07-19 21:05:40+00:00,10,10,184.0,50.0,baseline,16.0,184.0,184.0,189.0,189.0,10.0,182.0,2026-07-19 21:06:11+00:00,31.0,0.0,0.0,0.0,185.25,189.0,184.0,2.5,0.0,134.0
2026-07-19 21:05:55+00:00,10,10,184.0,50.0,baseline,15.0,184.0,184.0,184.0,189.0,10.0,182.0,2026-07-19 21:06:27+00:00,32.0,0.0,0.0,0.0,184.0,184.0,184.0,0.0,0.0,134.0
2026-07-19 21:06:11+00:00,10,10,182.0,50.0,baseline,16.0,184.0,184.0,184.0,184.0,10.0,182.0,2026-07-19 21:06:43+00:00,32.0,-2.0,-2.0,-0.06666666666666667,183.5,184.0,182.0,1.0,0.0,132.0
2026-07-19 21:06:27+00:00,10,10,182.0,50.0,baseline,16.0,182.0,184.0,184.0,184.0,10.0,183.0,2026-07-19 21:06:59+00:00,32.0,0.0,-2.0,-0.06666666666666667,183.0,184.0,182.0,1.1547005383792515,0.0,132.0
2026-07-19 21:06:43+00:00,10,10,182.0,50.0,baseline,16.0,182.0,182.0,184.0,184.0,10.0,183.0,2026-07-19 21:07:15+00:00,32.0,0.0,0.0,0.0,182.5,184.0,182.0,1.0,0.0,132.0
2026-07-19 21:06:59+00:00,10,10,183.0,50.0,baseline,16.0,182.0,182.0,182.0,184.0,10.0,183.0,2026-07-19 21:07:30+00:00,31.0,1.0,1.0,0.03333333333333333,182.25,183.0,182.0,0.5,0.0,133.0
2026-07-19 21:07:15+00:00,10,10,183.0,50.0,baseline,16.0,183.0,182.0,182.0,182.0,10.0,183.0,2026-07-19 21:07:46+00:00,31.0,0.0,1.0,0.03333333333333333,182.5,183.0,182.0,0.5773502691896257,0.0,133.0
2026-07-19 21:07:30+00:00,10,10,183.0,50.0,baseline,15.0,183.0,183.0,182.0,182.0,10.0,183.0,2026-07-19 21:08:01+00:00,31.0,0.0,0.0,0.0,182.75,183.0,182.0,0.5,0.0,133.0
2026-07-19 21:07:46+00:00,10,10,183.0,50.0,baseline,16.0,183.0,183.0,183.0,182.0,10.0,183.0,2026-07-19 21:08:17+00:00,31.0,0.0,0.0,0.0,183.0,183.0,183.0,0.0,0.0,133.0
2026-07-19 21:08:01+00:00,10,10,183.0,50.0,baseline,15.0,183.0,183.0,183.0,183.0,10.0,183.0,2026-07-19 21:08:33+00:00,32.0,0.0,0.0,0.0,183.0,183.0,183.0,0.0,0.0,133.0
2026-07-19 21:08:17+00:00,10,10,183.0,50.0,baseline,16.0,183.0,183.0,183.0,183.0,10.0,183.0,2026-07-19 21:08:48+00:00,31.0,0.0,0.0,0.0,183.0,183.0,183.0,0.0,0.0,133.0
2026-07-19 21:08:33+00:00,10,10,183.0,50.0,baseline,16.0,183.0,183.0,183.0,183.0,10.0,183.0,2026-07-19 21:09:04+00:00,31.0,0.0,0.0,0.0,183.0,183.0,183.0,0.0,0.0,133.0
2026-07-19 21:08:48+00:00,10,10,183.0,50.0,baseline,15.0,183.0,183.0,183.0,183.0,10.0,183.0,2026-07-19 21:09:20+00:00,32.0,0.0,0.0,0.0,183.0,183.0,183.0,0.0,0.0,133.0
2026-07-19 21:09:04+00:00,10,10,183.0,50.0,baseline,16.0,183.0,183.0,183.0,183.0,10.0,183.0,2026-07-19 21:09:35+00:00,31.0,0.0,0.0,0.0,183.0,183.0,183.0,0.0,0.0,133.0
2026-07-19 21:09:20+00:00,10,10,183.0,50.0,baseline,16.0,183.0,183.0,183.0,183.0,10.0,183.0,2026-07-19 21:09:51+00:00,31.0,0.0,0.0,0.0,183.0,183.0,183.0,0.0,0.0,133.0
2026-07-19 21:09:35+00:00,10,10,183.0,50.0,baseline,15.0,183.0,183.0,183.0,183.0,10.0,181.0,2026-07-19 21:10:06+00:00,31.0,0.0,0.0,0.0,183.0,183.0,183.0,0.0,0.0,133.0
2026-07-19 21:09:51+00:00,10,10,183.0,50.0,baseline,16.0,183.0,183.0,183.0,183.0,10.0,181.0,2026-07-19 21:10:22+00:00,31.0,0.0,0.0,0.0,183.0,183.0,183.0,0.0,0.0,133.0
2026-07-19 21:10:06+00:00,10,10,181.0,50.0,baseline,15.0,183.0,183.0,183.0,183.0,10.0,181.0,2026-07-19 21:10:38+00:00,32.0,-2.0,-2.0,-0.06666666666666667,182.5,183.0,181.0,1.0,0.0,131.0
2026-07-19 21:10:22+00:00,10,10,181.0,50.0,baseline,16.0,181.0,183.0,183.0,183.0,10.0,181.0,2026-07-19 21:10:53+00:00,31.0,0.0,-2.0,-0.06666666666666667,182.0,183.0,181.0,1.1547005383792515,0.0,131.0
2026-07-19 21:10:38+00:00,10,10,181.0,50.0,baseline,16.0,181.0,181.0,183.0,183.0,10.0,91.0,2026-07-19 21:11:09+00:00,31.0,0.0,0.0,0.0,181.5,183.0,181.0,1.0,0.0,131.0
2026-07-19 21:10:53+00:00,10,10,181.0,50.0,baseline,15.0,181.0,181.0,181.0,183.0,10.0,91.0,2026-07-19 21:11:25+00:00,32.0,0.0,0.0,0.0,181.0,181.0,181.0,0.0,0.0,131.0
2026-07-19 21:11:09+00:00,10,10,91.0,50.0,baseline,16.0,181.0,181.0,181.0,181.0,10.0,91.0,2026-07-19 21:11:40+00:00,31.0,-90.0,-90.0,-3.0,158.5,181.0,91.0,45.0,0.0,41.0
2026-07-19 21:11:25+00:00,10,10,91.0,50.0,baseline,16.0,91.0,181.0,181.0,181.0,10.0,91.0,2026-07-19 21:11:56+00:00,31.0,0.0,-90.0,-3.0,136.0,181.0,91.0,51.96152422706632,0.0,41.0
2026-07-19 21:11:40+00:00,10,10,91.0,50.0,baseline,15.0,91.0,91.0,181.0,181.0,10.0,17.0,2026-07-19 21:12:12+00:00,32.0,0.0,0.0,0.0,113.5,181.0,91.0,45.0,0.0,41.0
2026-07-19 21:11:56+00:00,10,10,91.0,50.0,baseline,16.0,91.0,91.0,91.0,181.0,10.0,17.0,2026-07-19 21:12:27+00:00,31.0,0.0,0.0,0.0,91.0,91.0,91.0,0.0,0.0,41.0
2026-07-19 21:12:12+00:00,10,10,17.0,50.0,baseline,16.0,91.0,91.0,91.0,91.0,10.0,17.0,2026-07-19 21:12:43+00:00,31.0,-74.0,-74.0,-2.466666666666667,72.5,91.0,17.0,37.0,0.0,-33.0
2026-07-19 21:12:27+00:00,10,10,17.0,50.0,baseline,15.0,17.0,91.0,91.0,91.0,10.0,17.0,2026-07-19 21:12:58+00:00,31.0,0.0,-74.0,-2.466666666666667,54.0,91.0,17.0,42.72391992003231,0.0,-33.0
2026-07-19 21:12:43+00:00,10,10,17.0,50.0,baseline,16.0,17.0,17.0,91.0,91.0,10.0,0.0,2026-07-19 21:13:14+00:00,31.0,0.0,0.0,0.0,35.5,91.0,17.0,37.0,0.0,-33.0
2026-07-19 21:12:58+00:00,10,10,17.0,50.0,baseline,15.0,17.0,17.0,17.0,91.0,10.0,0.0,2026-07-19 21:13:30+00:00,32.0,0.0,0.0,0.0,17.0,17.0,17.0,0.0,0.0,-33.0
2026-07-19 21:13:14+00:00,10,10,0.0,50.0,baseline,16.0,17.0,17.0,17.0,17.0,10.0,0.0,2026-07-19 21:13:45+00:00,31.0,-17.0,-17.0,-0.5666666666666667,12.75,17.0,0.0,8.5,0.0,-50.0
2026-07-19 21:13:30+00:00,10,10,0.0,50.0,baseline,16.0,0.0,17.0,17.0,17.0,10.0,0.0,2026-07-19 21:14:01+00:00,31.0,0.0,-17.0,-0.5666666666666667,8.5,17.0,0.0,9.814954576223638,0.0,-50.0
2026-07-19 21:13:45+00:00,10,10,0.0,50.0,baseline,15.0,0.0,0.0,17.0,17.0,10.0,0.0,2026-07-19 21:14:17+00:00,32.0,0.0,0.0,0.0,4.25,17.0,0.0,8.5,0.0,-50.0
2026-07-19 21:14:01+00:00,10,10,0.0,50.0,baseline,16.0,0.0,0.0,0.0,17.0,10.0,0.0,2026-07-19 21:14:33+00:00,32.0,0.0,0.0,0.0,0.0,0.0,0.0,0.0,0.0,-50.0
2026-07-19 21:14:17+00:00,10,10,0.0,50.0,baseline,16.0,0.0,0.0,0.0,0.0,10.0,0.0,2026-07-19 21:14:48+00:00,31.0,0.0,0.0,0.0,0.0,0.0,0.0,0.0,0.0,-50.0
2026-07-19 21:14:33+00:00,10,10,0.0,50.0,baseline,16.0,0.0,0.0,0.0,0.0,10.0,0.0,2026-07-19 21:15:04+00:00,31.0,0.0,0.0,0.0,0.0,0.0,0.0,0.0,0.0,-50.0
2026-07-19 21:14:48+00:00,10,10,0.0,50.0,baseline,15.0,0.0,0.0,0.0,0.0,10.0,0.0,2026-07-19 21:15:20+00:00,32.0,0.0,0.0,0.0,0.0,0.0,0.0,0.0,0.0,-50.0
2026-07-19 21:15:04+00:00,10,10,0.0,50.0,baseline,16.0,0.0,0.0,0.0,0.0,10.0,0.0,2026-07-19 21:15:36+00:00,32.0,0.0,0.0,0.0,0.0,0.0,0.0,0.0,0.0,-50.0
2026-07-19 21:15:20+00:00,10,10,0.0,50.0,baseline,16.0,0.0,0.0,0.0,0.0,10.0,0.0,2026-07-19 21:15:51+00:00,31.0,0.0,0.0,0.0,0.0,0.0,0.0,0.0,0.0,-50.0
2026-07-19 21:15:36+00:00,10,10,0.0,50.0,baseline,16.0,0.0,0.0,0.0,0.0,10.0,0.0,2026-07-19 21:16:07+00:00,31.0,0.0,0.0,0.0,0.0,0.0,0.0,0.0,0.0,-50.0
2026-07-19 21:15:51+00:00,10,10,0.0,50.0,baseline,15.0,0.0,0.0,0.0,0.0,10.0,0.0,2026-07-19 21:16:23+00:00,32.0,0.0,0.0,0.0,0.0,0.0,0.0,0.0,0.0,-50.0
2026-07-19 21:16:07+00:00,10,10,0.0,50.0,baseline,16.0,0.0,0.0,0.0,0.0,10.0,0.0,2026-07-19 21:16:39+00:00,32.0,0.0,0.0,0.0,0.0,0.0,0.0,0.0,0.0,-50.0
2026-07-19 21:16:23+00:00,10,10,0.0,50.0,baseline,16.0,0.0,0.0,0.0,0.0,10.0,0.0,2026-07-19 21:16:55+00:00,32.0,0.0,0.0,0.0,0.0,0.0,0.0,0.0,0.0,-50.0
2026-07-19 21:16:39+00:00,10,10,0.0,50.0,baseline,16.0,0.0,0.0,0.0,0.0,10.0,0.0,2026-07-19 21:17:10+00:00,31.0,0.0,0.0,0.0,0.0,0.0,0.0,0.0,0.0,-50.0
2026-07-19 21:16:55+00:00,10,10,0.0,50.0,baseline,16.0,0.0,0.0,0.0,0.0,10.0,0.0,2026-07-19 21:17:26+00:00,31.0,0.0,0.0,0.0,0.0,0.0,0.0,0.0,0.0,-50.0
2026-07-19 21:17:10+00:00,10,10,0.0,50.0,baseline,15.0,0.0,0.0,0.0,0.0,10.0,0.0,2026-07-19 21:17:41+00:00,31.0,0.0,0.0,0.0,0.0,0.0,0.0,0.0,0.0,-50.0
2026-07-19 21:17:26+00:00,10,10,0.0,50.0,baseline,16.0,0.0,0.0,0.0,0.0,10.0,0.0,2026-07-19 21:17:57+00:00,31.0,0.0,0.0,0.0,0.0,0.0,0.0,0.0,0.0,-50.0
2026-07-19 21:17:41+00:00,10,10,0.0,50.0,baseline,15.0,0.0,0.0,0.0,0.0,10.0,0.0,2026-07-19 21:18:12+00:00,31.0,0.0,0.0,0.0,0.0,0.0,0.0,0.0,0.0,-50.0
2026-07-19 21:17:57+00:00,10,10,0.0,50.0,baseline,16.0,0.0,0.0,0.0,0.0,10.0,0.0,2026-07-19 21:18:28+00:00,31.0,0.0,0.0,0.0,0.0,0.0,0.0,0.0,0.0,-50.0
2026-07-19 21:18:12+00:00,10,10,0.0,50.0,baseline,15.0,0.0,0.0,0.0,0.0,10.0,0.0,2026-07-19 21:18:44+00:00,32.0,0.0,0.0,0.0,0.0,0.0,0.0,0.0,0.0,-50.0
2026-07-19 21:18:28+00:00,10,10,0.0,50.0,baseline,16.0,0.0,0.0,0.0,0.0,10.0,0.0,2026-07-19 21:18:59+00:00,31.0,0.0,0.0,0.0,0.0,0.0,0.0,0.0,0.0,-50.0
2026-07-19 21:18:44+00:00,10,10,0.0,50.0,baseline,16.0,0.0,0.0,0.0,0.0,10.0,0.0,2026-07-19 21:19:15+00:00,31.0,0.0,0.0,0.0,0.0,0.0,0.0,0.0,0.0,-50.0
2026-07-19 21:18:59+00:00,10,1,0.0,50.0,baseline,15.0,0.0,0.0,0.0,0.0,10.0,0.0,2026-07-19 21:19:30+00:00,31.0,0.0,0.0,0.0,0.0,0.0,0.0,0.0,0.0,-50.0
2026-07-19 21:19:15+00:00,1,1,0.0,50.0,baseline,16.0,0.0,0.0,0.0,0.0,10.0,0.0,2026-07-19 21:19:46+00:00,31.0,0.0,0.0,0.0,0.0,0.0,0.0,0.0,-9.0,-50.0
2026-07-19 21:19:30+00:00,1,1,0.0,50.0,baseline,15.0,0.0,0.0,0.0,0.0,1.0,0.0,2026-07-19 21:20:02+00:00,32.0,0.0,0.0,0.0,0.0,0.0,0.0,0.0,0.0,-50.0
2026-07-19 21:19:46+00:00,1,1,0.0,50.0,baseline,16.0,0.0,0.0,0.0,0.0,1.0,0.0,2026-07-19 21:20:17+00:00,31.0,0.0,0.0,0.0,0.0,0.0,0.0,0.0,0.0,-50.0
2026-07-19 21:20:02+00:00,1,1,0.0,50.0,baseline,16.0,0.0,0.0,0.0,0.0,1.0,0.0,2026-07-19 21:20:33+00:00,31.0,0.0,0.0,0.0,0.0,0.0,0.0,0.0,0.0,-50.0
2026-07-19 21:20:17+00:00,1,1,0.0,50.0,baseline,15.0,0.0,0.0,0.0,0.0,1.0,0.0,2026-07-19 21:20:49+00:00,32.0,0.0,0.0,0.0,0.0,0.0,0.0,0.0,0.0,-50.0
2026-07-19 21:20:33+00:00,1,1,0.0,50.0,baseline,16.0,0.0,0.0,0.0,0.0,1.0,0.0,2026-07-19 21:21:04+00:00,31.0,0.0,0.0,0.0,0.0,0.0,0.0,0.0,0.0,-50.0
2026-07-19 21:20:49+00:00,1,1,0.0,50.0,baseline,16.0,0.0,0.0,0.0,0.0,1.0,0.0,2026-07-19 21:21:20+00:00,31.0,0.0,0.0,0.0,0.0,0.0,0.0,0.0,0.0,-50.0
2026-07-19 21:21:04+00:00,1,1,0.0,50.0,baseline,15.0,0.0,0.0,0.0,0.0,1.0,0.0,2026-07-19 21:21:35+00:00,31.0,0.0,0.0,0.0,0.0,0.0,0.0,0.0,0.0,-50.0
2026-07-19 21:21:20+00:00,1,1,0.0,50.0,baseline,16.0,0.0,0.0,0.0,0.0,1.0,0.0,2026-07-19 21:21:51+00:00,31.0,0.0,0.0,0.0,0.0,0.0,0.0,0.0,0.0,-50.0
2026-07-19 21:21:35+00:00,1,1,0.0,50.0,baseline,15.0,0.0,0.0,0.0,0.0,1.0,0.0,2026-07-19 21:22:07+00:00,32.0,0.0,0.0,0.0,0.0,0.0,0.0,0.0,0.0,-50.0
2026-07-19 21:21:51+00:00,1,1,0.0,50.0,baseline,16.0,0.0,0.0,0.0,0.0,1.0,0.0,2026-07-19 21:22:22+00:00,31.0,0.0,0.0,0.0,0.0,0.0,0.0,0.0,0.0,-50.0
2026-07-19 21:22:07+00:00,1,1,0.0,50.0,baseline,16.0,0.0,0.0,0.0,0.0,1.0,0.0,2026-07-19 21:22:38+00:00,31.0,0.0,0.0,0.0,0.0,0.0,0.0,0.0,0.0,-50.0
2026-07-19 21:22:22+00:00,1,1,0.0,50.0,baseline,15.0,0.0,0.0,0.0,0.0,1.0,0.0,2026-07-19 21:22:53+00:00,31.0,0.0,0.0,0.0,0.0,0.0,0.0,0.0,0.0,-50.0
2026-07-19 21:22:38+00:00,1,1,0.0,50.0,baseline,16.0,0.0,0.0,0.0,0.0,1.0,0.0,2026-07-19 21:23:09+00:00,31.0,0.0,0.0,0.0,0.0,0.0,0.0,0.0,0.0,-50.0
2026-07-19 21:22:53+00:00,1,1,0.0,50.0,baseline,15.0,0.0,0.0,0.0,0.0,1.0,0.0,2026-07-19 21:23:25+00:00,32.0,0.0,0.0,0.0,0.0,0.0,0.0,0.0,0.0,-50.0
2026-07-19 21:23:09+00:00,1,1,0.0,50.0,baseline,16.0,0.0,0.0,0.0,0.0,1.0,0.0,2026-07-19 21:23:40+00:00,31.0,0.0,0.0,0.0,0.0,0.0,0.0,0.0,0.0,-50.0
2026-07-19 22:34:58+00:00,1,1,0.0,50.0,gradual_ramp,6.0,0.0,0.0,0.0,0.0,1.0,0.0,2026-07-19 22:35:27+00:00,29.0,0.0,0.0,0.0,0.0,0.0,0.0,0.0,0.0,-50.0
2026-07-19 22:35:03+00:00,1,1,0.0,50.0,gradual_ramp,5.0,0.0,0.0,0.0,0.0,1.0,0.0,2026-07-19 22:35:32+00:00,29.0,0.0,0.0,0.0,0.0,0.0,0.0,0.0,0.0,-50.0
2026-07-19 22:35:09+00:00,1,1,0.0,50.0,gradual_ramp,6.0,0.0,0.0,0.0,0.0,1.0,0.0,2026-07-19 22:35:38+00:00,29.0,0.0,0.0,0.0,0.0,0.0,0.0,0.0,0.0,-50.0
2026-07-19 22:35:15+00:00,1,1,0.0,50.0,gradual_ramp,6.0,0.0,0.0,0.0,0.0,1.0,0.0,2026-07-19 22:35:44+00:00,29.0,0.0,0.0,0.0,0.0,0.0,0.0,0.0,0.0,-50.0
2026-07-19 22:35:21+00:00,1,1,0.0,50.0,gradual_ramp,6.0,0.0,0.0,0.0,0.0,1.0,0.0,2026-07-19 22:35:49+00:00,28.0,0.0,0.0,0.0,0.0,0.0,0.0,0.0,0.0,-50.0
2026-07-19 22:35:27+00:00,1,1,0.0,50.0,gradual_ramp,6.0,0.0,0.0,0.0,0.0,1.0,0.0,2026-07-19 22:35:55+00:00,28.0,0.0,0.0,0.0,0.0,0.0,0.0,0.0,0.0,-50.0
2026-07-19 22:35:32+00:00,1,1,0.0,50.0,gradual_ramp,5.0,0.0,0.0,0.0,0.0,1.0,0.0,2026-07-19 22:36:01+00:00,29.0,0.0,0.0,0.0,0.0,0.0,0.0,0.0,0.0,-50.0
2026-07-19 22:35:38+00:00,1,1,0.0,50.0,gradual_ramp,6.0,0.0,0.0,0.0,0.0,1.0,42.0,2026-07-19 22:36:06+00:00,28.0,0.0,0.0,0.0,0.0,0.0,0.0,0.0,0.0,-50.0
2026-07-19 22:35:44+00:00,1,1,0.0,50.0,gradual_ramp,6.0,0.0,0.0,0.0,0.0,1.0,42.0,2026-07-19 22:36:12+00:00,28.0,0.0,0.0,0.0,0.0,0.0,0.0,0.0,0.0,-50.0
2026-07-19 22:35:49+00:00,1,1,0.0,50.0,gradual_ramp,5.0,0.0,0.0,0.0,0.0,1.0,42.0,2026-07-19 22:36:18+00:00,29.0,0.0,0.0,0.0,0.0,0.0,0.0,0.0,0.0,-50.0
2026-07-19 22:35:55+00:00,1,1,0.0,50.0,gradual_ramp,6.0,0.0,0.0,0.0,0.0,1.0,42.0,2026-07-19 22:36:24+00:00,29.0,0.0,0.0,0.0,0.0,0.0,0.0,0.0,0.0,-50.0
2026-07-19 22:36:01+00:00,1,1,0.0,50.0,gradual_ramp,6.0,0.0,0.0,0.0,0.0,1.0,42.0,2026-07-19 22:36:29+00:00,28.0,0.0,0.0,0.0,0.0,0.0,0.0,0.0,0.0,-50.0
2026-07-19 22:36:06+00:00,1,1,42.0,50.0,gradual_ramp,5.0,0.0,0.0,0.0,0.0,1.0,42.0,2026-07-19 22:36:35+00:00,29.0,42.0,42.0,1.4,10.5,42.0,0.0,21.0,0.0,-8.0
2026-07-19 22:36:12+00:00,1,1,42.0,50.0,gradual_ramp,6.0,0.0,0.0,0.0,0.0,1.0,42.0,2026-07-19 22:36:41+00:00,29.0,42.0,42.0,1.4,10.5,42.0,0.0,21.0,0.0,-8.0
2026-07-19 22:36:18+00:00,1,1,42.0,50.0,gradual_ramp,6.0,0.0,0.0,0.0,0.0,1.0,42.0,2026-07-19 22:36:46+00:00,28.0,42.0,42.0,1.4,10.5,42.0,0.0,21.0,0.0,-8.0
2026-07-19 22:36:24+00:00,1,1,42.0,50.0,gradual_ramp,6.0,42.0,0.0,0.0,0.0,1.0,42.0,2026-07-19 22:36:52+00:00,28.0,0.0,42.0,1.4,21.0,42.0,0.0,24.24871130596428,0.0,-8.0
2026-07-19 22:36:29+00:00,1,1,42.0,50.0,gradual_ramp,5.0,42.0,0.0,0.0,0.0,1.0,42.0,2026-07-19 22:36:57+00:00,28.0,0.0,42.0,1.4,21.0,42.0,0.0,24.24871130596428,0.0,-8.0
2026-07-19 22:36:35+00:00,1,1,42.0,50.0,gradual_ramp,6.0,42.0,42.0,0.0,0.0,1.0,246.0,2026-07-19 22:37:03+00:00,28.0,0.0,0.0,0.0,31.5,42.0,0.0,21.0,0.0,-8.0
2026-07-19 22:36:41+00:00,1,1,42.0,50.0,gradual_ramp,6.0,42.0,42.0,0.0,0.0,1.0,246.0,2026-07-19 22:37:09+00:00,28.0,0.0,0.0,0.0,31.5,42.0,0.0,21.0,0.0,-8.0
2026-07-19 22:36:46+00:00,1,1,42.0,50.0,gradual_ramp,5.0,42.0,42.0,0.0,0.0,1.0,246.0,2026-07-19 22:37:15+00:00,29.0,0.0,0.0,0.0,31.5,42.0,0.0,21.0,0.0,-8.0
2026-07-19 22:36:52+00:00,1,1,42.0,50.0,gradual_ramp,6.0,42.0,42.0,42.0,0.0,1.0,246.0,2026-07-19 22:37:21+00:00,29.0,0.0,0.0,0.0,42.0,42.0,42.0,0.0,0.0,-8.0
2026-07-19 22:36:57+00:00,1,1,42.0,50.0,gradual_ramp,5.0,42.0,42.0,42.0,0.0,1.0,246.0,2026-07-19 22:37:26+00:00,29.0,0.0,0.0,0.0,42.0,42.0,42.0,0.0,0.0,-8.0
2026-07-19 22:37:03+00:00,1,4,246.0,50.0,gradual_ramp,6.0,42.0,42.0,42.0,0.0,1.0,246.0,2026-07-19 22:37:32+00:00,29.0,204.0,204.0,6.8,93.0,246.0,42.0,102.0,0.0,196.0
2026-07-19 22:37:09+00:00,1,4,246.0,50.0,gradual_ramp,6.0,42.0,42.0,42.0,42.0,1.0,246.0,2026-07-19 22:37:38+00:00,29.0,204.0,204.0,6.8,93.0,246.0,42.0,102.0,0.0,196.0
2026-07-19 22:37:15+00:00,1,4,246.0,50.0,gradual_ramp,6.0,42.0,42.0,42.0,42.0,1.0,246.0,2026-07-19 22:37:44+00:00,29.0,204.0,204.0,6.8,93.0,246.0,42.0,102.0,0.0,196.0
2026-07-19 22:37:21+00:00,4,5,246.0,50.0,gradual_ramp,6.0,246.0,42.0,42.0,42.0,1.0,246.0,2026-07-19 22:37:49+00:00,28.0,0.0,204.0,6.8,144.0,246.0,42.0,117.77945491468365,3.0,196.0
2026-07-19 22:37:26+00:00,4,5,246.0,50.0,gradual_ramp,5.0,246.0,42.0,42.0,42.0,1.0,246.0,2026-07-19 22:37:55+00:00,29.0,0.0,204.0,6.8,144.0,246.0,42.0,117.77945491468365,3.0,196.0
2026-07-19 22:37:32+00:00,4,5,246.0,50.0,gradual_ramp,6.0,246.0,246.0,42.0,42.0,1.0,246.0,2026-07-19 22:38:01+00:00,29.0,0.0,0.0,0.0,195.0,246.0,42.0,102.0,3.0,196.0
2026-07-19 22:37:38+00:00,5,5,246.0,50.0,gradual_ramp,6.0,246.0,246.0,42.0,42.0,4.0,250.0,2026-07-19 22:38:07+00:00,29.0,0.0,0.0,0.0,195.0,246.0,42.0,102.0,1.0,196.0
2026-07-19 22:37:44+00:00,5,5,246.0,50.0,gradual_ramp,6.0,246.0,246.0,42.0,42.0,4.0,250.0,2026-07-19 22:38:12+00:00,28.0,0.0,0.0,0.0,195.0,246.0,42.0,102.0,1.0,196.0
2026-07-19 22:37:49+00:00,5,5,246.0,50.0,gradual_ramp,5.0,246.0,246.0,246.0,42.0,4.0,250.0,2026-07-19 22:38:18+00:00,29.0,0.0,0.0,0.0,246.0,246.0,246.0,0.0,1.0,196.0
2026-07-19 22:37:55+00:00,5,5,246.0,50.0,gradual_ramp,6.0,246.0,246.0,246.0,42.0,5.0,250.0,2026-07-19 22:38:24+00:00,29.0,0.0,0.0,0.0,246.0,246.0,246.0,0.0,0.0,196.0
2026-07-19 22:38:01+00:00,5,5,246.0,50.0,gradual_ramp,6.0,246.0,246.0,246.0,246.0,5.0,250.0,2026-07-19 22:38:30+00:00,29.0,0.0,0.0,0.0,246.0,246.0,246.0,0.0,0.0,196.0
2026-07-19 22:38:07+00:00,5,5,250.0,50.0,gradual_ramp,6.0,246.0,246.0,246.0,246.0,5.0,250.0,2026-07-19 22:38:35+00:00,28.0,4.0,4.0,0.13333333333333333,247.0,250.0,246.0,2.0,0.0,200.0
2026-07-19 22:38:12+00:00,5,5,250.0,50.0,gradual_ramp,5.0,246.0,246.0,246.0,246.0,5.0,250.0,2026-07-19 22:38:42+00:00,30.0,4.0,4.0,0.13333333333333333,247.0,250.0,246.0,2.0,0.0,200.0
2026-07-19 22:38:18+00:00,5,5,250.0,50.0,gradual_ramp,6.0,246.0,246.0,246.0,246.0,5.0,250.0,2026-07-19 22:38:47+00:00,29.0,4.0,4.0,0.13333333333333333,247.0,250.0,246.0,2.0,0.0,200.0
2026-07-19 22:38:24+00:00,5,5,250.0,50.0,gradual_ramp,6.0,250.0,246.0,246.0,246.0,5.0,250.0,2026-07-19 22:38:53+00:00,29.0,0.0,4.0,0.13333333333333333,248.0,250.0,246.0,2.309401076758503,0.0,200.0
2026-07-19 22:38:30+00:00,5,5,250.0,50.0,gradual_ramp,6.0,250.0,246.0,246.0,246.0,5.0,250.0,2026-07-19 22:38:59+00:00,29.0,0.0,4.0,0.13333333333333333,248.0,250.0,246.0,2.309401076758503,0.0,200.0
2026-07-19 22:38:35+00:00,5,5,250.0,50.0,gradual_ramp,5.0,250.0,250.0,246.0,246.0,5.0,186.0,2026-07-19 22:39:05+00:00,30.0,0.0,0.0,0.0,249.0,250.0,246.0,2.0,0.0,200.0
2026-07-19 22:38:42+00:00,5,5,250.0,50.0,gradual_ramp,7.0,250.0,250.0,246.0,246.0,5.0,186.0,2026-07-19 22:39:11+00:00,29.0,0.0,0.0,0.0,249.0,250.0,246.0,2.0,0.0,200.0
2026-07-19 22:38:47+00:00,5,5,250.0,50.0,gradual_ramp,5.0,250.0,250.0,246.0,246.0,5.0,186.0,2026-07-19 22:39:19+00:00,32.0,0.0,0.0,0.0,249.0,250.0,246.0,2.0,0.0,200.0
2026-07-19 22:38:53+00:00,5,5,250.0,50.0,gradual_ramp,6.0,250.0,250.0,250.0,246.0,5.0,186.0,2026-07-19 22:39:25+00:00,32.0,0.0,0.0,0.0,250.0,250.0,250.0,0.0,0.0,200.0
2026-07-19 22:38:59+00:00,5,5,250.0,50.0,gradual_ramp,6.0,250.0,250.0,250.0,246.0,5.0,186.0,2026-07-19 22:39:31+00:00,32.0,0.0,0.0,0.0,250.0,250.0,250.0,0.0,0.0,200.0
2026-07-19 22:39:05+00:00,5,10,186.0,50.0,gradual_ramp,6.0,250.0,250.0,250.0,250.0,5.0,186.0,2026-07-19 22:39:37+00:00,32.0,-64.0,-64.0,-2.1333333333333333,234.0,250.0,186.0,32.0,0.0,136.0
2026-07-19 22:39:11+00:00,5,10,186.0,50.0,gradual_ramp,6.0,250.0,250.0,250.0,250.0,5.0,186.0,2026-07-19 22:39:43+00:00,32.0,-64.0,-64.0,-2.1333333333333333,234.0,250.0,186.0,32.0,0.0,136.0
2026-07-19 22:39:19+00:00,10,10,186.0,50.0,gradual_ramp,8.0,186.0,250.0,250.0,250.0,5.0,186.0,2026-07-19 22:39:48+00:00,29.0,0.0,-64.0,-2.1333333333333333,218.0,250.0,186.0,36.95041722813605,5.0,136.0
2026-07-19 22:39:25+00:00,10,10,186.0,50.0,gradual_ramp,6.0,186.0,250.0,250.0,250.0,5.0,186.0,2026-07-19 22:39:54+00:00,29.0,0.0,-64.0,-2.1333333333333333,218.0,250.0,186.0,36.95041722813605,5.0,136.0
2026-07-19 22:39:31+00:00,10,10,186.0,50.0,gradual_ramp,6.0,186.0,250.0,250.0,250.0,10.0,186.0,2026-07-19 22:40:00+00:00,29.0,0.0,-64.0,-2.1333333333333333,218.0,250.0,186.0,36.95041722813605,0.0,136.0
2026-07-19 22:39:37+00:00,10,10,186.0,50.0,gradual_ramp,6.0,186.0,186.0,250.0,250.0,10.0,228.0,2026-07-19 22:40:06+00:00,29.0,0.0,0.0,0.0,202.0,250.0,186.0,32.0,0.0,136.0
2026-07-19 22:39:43+00:00,10,10,186.0,50.0,gradual_ramp,6.0,186.0,186.0,250.0,250.0,10.0,228.0,2026-07-19 22:40:11+00:00,28.0,0.0,0.0,0.0,202.0,250.0,186.0,32.0,0.0,136.0
2026-07-19 22:39:48+00:00,10,10,186.0,50.0,gradual_ramp,5.0,186.0,186.0,186.0,250.0,10.0,228.0,2026-07-19 22:40:17+00:00,29.0,0.0,0.0,0.0,186.0,186.0,186.0,0.0,0.0,136.0
2026-07-19 22:39:54+00:00,10,10,186.0,50.0,gradual_ramp,6.0,186.0,186.0,186.0,250.0,10.0,228.0,2026-07-19 22:40:23+00:00,29.0,0.0,0.0,0.0,186.0,186.0,186.0,0.0,0.0,136.0
2026-07-19 22:40:00+00:00,10,10,186.0,50.0,gradual_ramp,6.0,186.0,186.0,186.0,250.0,10.0,228.0,2026-07-19 22:40:28+00:00,28.0,0.0,0.0,0.0,186.0,186.0,186.0,0.0,0.0,136.0
2026-07-19 22:40:06+00:00,10,10,228.0,50.0,gradual_ramp,6.0,186.0,186.0,186.0,186.0,10.0,228.0,2026-07-19 22:40:34+00:00,28.0,42.0,42.0,1.4,196.5,228.0,186.0,21.0,0.0,178.0
2026-07-19 22:40:11+00:00,10,10,228.0,50.0,gradual_ramp,5.0,186.0,186.0,186.0,186.0,10.0,228.0,2026-07-19 22:40:39+00:00,28.0,42.0,42.0,1.4,196.5,228.0,186.0,21.0,0.0,178.0
2026-07-19 22:40:17+00:00,10,10,228.0,50.0,gradual_ramp,6.0,186.0,186.0,186.0,186.0,10.0,228.0,2026-07-19 22:40:45+00:00,28.0,42.0,42.0,1.4,196.5,228.0,186.0,21.0,0.0,178.0
2026-07-19 22:40:23+00:00,10,10,228.0,50.0,gradual_ramp,6.0,228.0,186.0,186.0,186.0,10.0,228.0,2026-07-19 22:40:50+00:00,27.0,0.0,42.0,1.4,207.0,228.0,186.0,24.24871130596428,0.0,178.0
2026-07-19 22:40:28+00:00,10,10,228.0,50.0,gradual_ramp,5.0,228.0,186.0,186.0,186.0,10.0,228.0,2026-07-19 22:40:56+00:00,28.0,0.0,42.0,1.4,207.0,228.0,186.0,24.24871130596428,0.0,178.0
2026-07-19 22:40:34+00:00,10,10,228.0,50.0,gradual_ramp,6.0,228.0,228.0,186.0,186.0,10.0,228.0,2026-07-19 22:41:02+00:00,28.0,0.0,0.0,0.0,217.5,228.0,186.0,21.0,0.0,178.0
2026-07-19 22:40:39+00:00,10,10,228.0,50.0,gradual_ramp,5.0,228.0,228.0,186.0,186.0,10.0,180.0,2026-07-19 22:41:07+00:00,28.0,0.0,0.0,0.0,217.5,228.0,186.0,21.0,0.0,178.0
2026-07-19 22:40:45+00:00,10,10,228.0,50.0,gradual_ramp,6.0,228.0,228.0,186.0,186.0,10.0,180.0,2026-07-19 22:41:13+00:00,28.0,0.0,0.0,0.0,217.5,228.0,186.0,21.0,0.0,178.0
2026-07-19 22:40:50+00:00,10,10,228.0,50.0,gradual_ramp,5.0,228.0,228.0,228.0,186.0,10.0,180.0,2026-07-19 22:41:19+00:00,29.0,0.0,0.0,0.0,228.0,228.0,228.0,0.0,0.0,178.0
2026-07-19 22:40:56+00:00,10,10,228.0,50.0,gradual_ramp,6.0,228.0,228.0,228.0,186.0,10.0,180.0,2026-07-19 22:41:24+00:00,28.0,0.0,0.0,0.0,228.0,228.0,228.0,0.0,0.0,178.0
2026-07-19 22:41:02+00:00,10,10,228.0,50.0,gradual_ramp,6.0,228.0,228.0,228.0,186.0,10.0,180.0,2026-07-19 22:41:30+00:00,28.0,0.0,0.0,0.0,228.0,228.0,228.0,0.0,0.0,178.0
2026-07-19 22:41:07+00:00,10,10,180.0,50.0,gradual_ramp,5.0,228.0,228.0,228.0,228.0,10.0,180.0,2026-07-19 22:41:36+00:00,29.0,-48.0,-48.0,-1.6,216.0,228.0,180.0,24.0,0.0,130.0
2026-07-19 22:41:13+00:00,10,10,180.0,50.0,gradual_ramp,6.0,228.0,228.0,228.0,228.0,10.0,180.0,2026-07-19 22:41:41+00:00,28.0,-48.0,-48.0,-1.6,216.0,228.0,180.0,24.0,0.0,130.0
2026-07-19 22:41:19+00:00,10,10,180.0,50.0,gradual_ramp,6.0,228.0,228.0,228.0,228.0,10.0,180.0,2026-07-19 22:41:47+00:00,28.0,-48.0,-48.0,-1.6,216.0,228.0,180.0,24.0,0.0,130.0
2026-07-19 22:41:24+00:00,10,10,180.0,50.0,gradual_ramp,5.0,180.0,228.0,228.0,228.0,10.0,180.0,2026-07-19 22:41:52+00:00,28.0,0.0,-48.0,-1.6,204.0,228.0,180.0,27.712812921102035,0.0,130.0
2026-07-19 22:41:30+00:00,10,10,180.0,50.0,gradual_ramp,6.0,180.0,228.0,228.0,228.0,10.0,180.0,2026-07-19 22:41:58+00:00,28.0,0.0,-48.0,-1.6,204.0,228.0,180.0,27.712812921102035,0.0,130.0
2026-07-19 22:41:36+00:00,10,10,180.0,50.0,gradual_ramp,6.0,180.0,180.0,228.0,228.0,10.0,180.0,2026-07-19 22:42:04+00:00,28.0,0.0,0.0,0.0,192.0,228.0,180.0,24.0,0.0,130.0
2026-07-19 22:41:41+00:00,10,10,180.0,50.0,gradual_ramp,5.0,180.0,180.0,228.0,228.0,10.0,183.0,2026-07-19 22:42:09+00:00,28.0,0.0,0.0,0.0,192.0,228.0,180.0,24.0,0.0,130.0
2026-07-19 22:41:47+00:00,10,10,180.0,50.0,gradual_ramp,6.0,180.0,180.0,228.0,228.0,10.0,183.0,2026-07-19 22:42:15+00:00,28.0,0.0,0.0,0.0,192.0,228.0,180.0,24.0,0.0,130.0
2026-07-19 22:41:52+00:00,10,10,180.0,50.0,gradual_ramp,5.0,180.0,180.0,180.0,228.0,10.0,183.0,2026-07-19 22:42:20+00:00,28.0,0.0,0.0,0.0,180.0,180.0,180.0,0.0,0.0,130.0
2026-07-19 22:41:58+00:00,10,10,180.0,50.0,gradual_ramp,6.0,180.0,180.0,180.0,228.0,10.0,183.0,2026-07-19 22:42:26+00:00,28.0,0.0,0.0,0.0,180.0,180.0,180.0,0.0,0.0,130.0
2026-07-19 22:42:04+00:00,10,10,180.0,50.0,gradual_ramp,6.0,180.0,180.0,180.0,228.0,10.0,183.0,2026-07-19 22:42:32+00:00,28.0,0.0,0.0,0.0,180.0,180.0,180.0,0.0,0.0,130.0
2026-07-19 22:42:09+00:00,10,10,183.0,50.0,gradual_ramp,5.0,180.0,180.0,180.0,180.0,10.0,183.0,2026-07-19 22:42:37+00:00,28.0,3.0,3.0,0.1,180.75,183.0,180.0,1.5,0.0,133.0
2026-07-19 22:42:15+00:00,10,10,183.0,50.0,gradual_ramp,6.0,180.0,180.0,180.0,180.0,10.0,183.0,2026-07-19 22:42:43+00:00,28.0,3.0,3.0,0.1,180.75,183.0,180.0,1.5,0.0,133.0
2026-07-19 22:42:20+00:00,10,10,183.0,50.0,gradual_ramp,5.0,180.0,180.0,180.0,180.0,10.0,183.0,2026-07-19 22:42:48+00:00,28.0,3.0,3.0,0.1,180.75,183.0,180.0,1.5,0.0,133.0
2026-07-19 22:42:26+00:00,10,10,183.0,50.0,gradual_ramp,6.0,183.0,180.0,180.0,180.0,10.0,183.0,2026-07-19 22:42:54+00:00,28.0,0.0,3.0,0.1,181.5,183.0,180.0,1.7320508075688772,0.0,133.0
2026-07-19 22:42:32+00:00,10,10,183.0,50.0,gradual_ramp,6.0,183.0,180.0,180.0,180.0,10.0,183.0,2026-07-19 22:43:00+00:00,28.0,0.0,3.0,0.1,181.5,183.0,180.0,1.7320508075688772,0.0,133.0
2026-07-19 22:42:37+00:00,10,10,183.0,50.0,gradual_ramp,5.0,183.0,183.0,180.0,180.0,10.0,178.0,2026-07-19 22:43:05+00:00,28.0,0.0,0.0,0.0,182.25,183.0,180.0,1.5,0.0,133.0
2026-07-19 22:42:43+00:00,10,10,183.0,50.0,gradual_ramp,6.0,183.0,183.0,180.0,180.0,10.0,178.0,2026-07-19 22:43:11+00:00,28.0,0.0,0.0,0.0,182.25,183.0,180.0,1.5,0.0,133.0
2026-07-19 22:42:48+00:00,10,10,183.0,50.0,gradual_ramp,5.0,183.0,183.0,180.0,180.0,10.0,178.0,2026-07-19 22:43:16+00:00,28.0,0.0,0.0,0.0,182.25,183.0,180.0,1.5,0.0,133.0
2026-07-19 22:42:54+00:00,10,10,183.0,50.0,gradual_ramp,6.0,183.0,183.0,183.0,180.0,10.0,178.0,2026-07-19 22:43:22+00:00,28.0,0.0,0.0,0.0,183.0,183.0,183.0,0.0,0.0,133.0
2026-07-19 22:43:00+00:00,10,10,183.0,50.0,gradual_ramp,6.0,183.0,183.0,183.0,180.0,10.0,178.0,2026-07-19 22:43:28+00:00,28.0,0.0,0.0,0.0,183.0,183.0,183.0,0.0,0.0,133.0
2026-07-19 22:43:05+00:00,10,10,178.0,50.0,gradual_ramp,5.0,183.0,183.0,183.0,180.0,10.0,178.0,2026-07-19 22:43:33+00:00,28.0,-5.0,-5.0,-0.16666666666666666,181.75,183.0,178.0,2.5,0.0,128.0
2026-07-19 22:43:11+00:00,10,10,178.0,50.0,gradual_ramp,6.0,183.0,183.0,183.0,183.0,10.0,178.0,2026-07-19 22:43:39+00:00,28.0,-5.0,-5.0,-0.16666666666666666,181.75,183.0,178.0,2.5,0.0,128.0
2026-07-19 22:43:16+00:00,10,10,178.0,50.0,gradual_ramp,5.0,183.0,183.0,183.0,183.0,10.0,178.0,2026-07-19 22:43:44+00:00,28.0,-5.0,-5.0,-0.16666666666666666,181.75,183.0,178.0,2.5,0.0,128.0
2026-07-19 22:43:22+00:00,10,10,178.0,50.0,gradual_ramp,6.0,178.0,183.0,183.0,183.0,10.0,178.0,2026-07-19 22:43:50+00:00,28.0,0.0,-5.0,-0.16666666666666666,180.5,183.0,178.0,2.886751345948129,0.0,128.0
2026-07-19 22:43:28+00:00,10,10,178.0,50.0,gradual_ramp,6.0,178.0,183.0,183.0,183.0,10.0,178.0,2026-07-19 22:43:55+00:00,27.0,0.0,-5.0,-0.16666666666666666,180.5,183.0,178.0,2.886751345948129,0.0,128.0
2026-07-19 22:43:33+00:00,10,10,178.0,50.0,gradual_ramp,5.0,178.0,178.0,183.0,183.0,10.0,178.0,2026-07-19 22:44:01+00:00,28.0,0.0,0.0,0.0,179.25,183.0,178.0,2.5,0.0,128.0
2026-07-19 22:43:39+00:00,10,10,178.0,50.0,gradual_ramp,6.0,178.0,178.0,183.0,183.0,10.0,148.0,2026-07-19 22:44:07+00:00,28.0,0.0,0.0,0.0,179.25,183.0,178.0,2.5,0.0,128.0
2026-07-19 22:43:44+00:00,10,10,178.0,50.0,gradual_ramp,5.0,178.0,178.0,183.0,183.0,10.0,148.0,2026-07-19 22:44:12+00:00,28.0,0.0,0.0,0.0,179.25,183.0,178.0,2.5,0.0,128.0
2026-07-19 22:43:50+00:00,10,10,178.0,50.0,gradual_ramp,6.0,178.0,178.0,178.0,183.0,10.0,148.0,2026-07-19 22:44:18+00:00,28.0,0.0,0.0,0.0,178.0,178.0,178.0,0.0,0.0,128.0
2026-07-19 22:43:55+00:00,10,10,178.0,50.0,gradual_ramp,5.0,178.0,178.0,178.0,183.0,10.0,148.0,2026-07-19 22:44:24+00:00,29.0,0.0,0.0,0.0,178.0,178.0,178.0,0.0,0.0,128.0
2026-07-19 22:44:01+00:00,10,10,178.0,50.0,gradual_ramp,6.0,178.0,178.0,178.0,183.0,10.0,148.0,2026-07-19 22:44:29+00:00,28.0,0.0,0.0,0.0,178.0,178.0,178.0,0.0,0.0,128.0
2026-07-19 22:44:07+00:00,10,10,148.0,50.0,gradual_ramp,6.0,178.0,178.0,178.0,178.0,10.0,148.0,2026-07-19 22:44:35+00:00,28.0,-30.0,-30.0,-1.0,170.5,178.0,148.0,15.0,0.0,98.0
2026-07-19 22:44:12+00:00,10,10,148.0,50.0,gradual_ramp,5.0,178.0,178.0,178.0,178.0,10.0,148.0,2026-07-19 22:44:40+00:00,28.0,-30.0,-30.0,-1.0,170.5,178.0,148.0,15.0,0.0,98.0
2026-07-19 22:44:18+00:00,10,10,148.0,50.0,gradual_ramp,6.0,178.0,178.0,178.0,178.0,10.0,148.0,2026-07-19 22:44:46+00:00,28.0,-30.0,-30.0,-1.0,170.5,178.0,148.0,15.0,0.0,98.0
2026-07-19 22:44:24+00:00,10,10,148.0,50.0,gradual_ramp,6.0,148.0,178.0,178.0,178.0,10.0,148.0,2026-07-19 22:44:52+00:00,28.0,0.0,-30.0,-1.0,163.0,178.0,148.0,17.320508075688775,0.0,98.0
2026-07-19 22:44:29+00:00,10,10,148.0,50.0,gradual_ramp,5.0,148.0,178.0,178.0,178.0,10.0,148.0,2026-07-19 22:44:57+00:00,28.0,0.0,-30.0,-1.0,163.0,178.0,148.0,17.320508075688775,0.0,98.0
2026-07-19 22:44:35+00:00,10,10,148.0,50.0,gradual_ramp,6.0,148.0,148.0,178.0,178.0,10.0,148.0,2026-07-19 22:45:03+00:00,28.0,0.0,0.0,0.0,155.5,178.0,148.0,15.0,0.0,98.0
2026-07-19 22:44:40+00:00,10,10,148.0,50.0,gradual_ramp,5.0,148.0,148.0,178.0,178.0,10.0,183.0,2026-07-19 22:45:08+00:00,28.0,0.0,0.0,0.0,155.5,178.0,148.0,15.0,0.0,98.0
2026-07-19 22:44:46+00:00,10,10,148.0,50.0,gradual_ramp,6.0,148.0,148.0,178.0,178.0,10.0,183.0,2026-07-19 22:45:14+00:00,28.0,0.0,0.0,0.0,155.5,178.0,148.0,15.0,0.0,98.0
2026-07-19 22:44:52+00:00,10,10,148.0,50.0,gradual_ramp,6.0,148.0,148.0,148.0,178.0,10.0,183.0,2026-07-19 22:45:20+00:00,28.0,0.0,0.0,0.0,148.0,148.0,148.0,0.0,0.0,98.0
2026-07-19 22:44:57+00:00,10,10,148.0,50.0,gradual_ramp,5.0,148.0,148.0,148.0,178.0,10.0,183.0,2026-07-19 22:45:25+00:00,28.0,0.0,0.0,0.0,148.0,148.0,148.0,0.0,0.0,98.0
2026-07-19 22:45:03+00:00,10,10,148.0,50.0,gradual_ramp,6.0,148.0,148.0,148.0,178.0,10.0,183.0,2026-07-19 22:45:31+00:00,28.0,0.0,0.0,0.0,148.0,148.0,148.0,0.0,0.0,98.0
2026-07-19 22:45:08+00:00,10,10,183.0,50.0,gradual_ramp,5.0,148.0,148.0,148.0,148.0,10.0,183.0,2026-07-19 22:45:37+00:00,29.0,35.0,35.0,1.1666666666666667,156.75,183.0,148.0,17.5,0.0,133.0
2026-07-19 22:45:14+00:00,10,10,183.0,50.0,gradual_ramp,6.0,148.0,148.0,148.0,148.0,10.0,183.0,2026-07-19 22:45:42+00:00,28.0,35.0,35.0,1.1666666666666667,156.75,183.0,148.0,17.5,0.0,133.0
2026-07-19 22:45:20+00:00,10,10,183.0,50.0,gradual_ramp,6.0,148.0,148.0,148.0,148.0,10.0,183.0,2026-07-19 22:45:48+00:00,28.0,35.0,35.0,1.1666666666666667,156.75,183.0,148.0,17.5,0.0,133.0
2026-07-19 22:45:25+00:00,10,10,183.0,50.0,gradual_ramp,5.0,183.0,148.0,148.0,148.0,10.0,183.0,2026-07-19 22:45:54+00:00,29.0,0.0,35.0,1.1666666666666667,165.5,183.0,148.0,20.207259421636902,0.0,133.0
2026-07-19 22:45:31+00:00,10,10,183.0,50.0,gradual_ramp,6.0,183.0,148.0,148.0,148.0,10.0,183.0,2026-07-19 22:45:59+00:00,28.0,0.0,35.0,1.1666666666666667,165.5,183.0,148.0,20.207259421636902,0.0,133.0
2026-07-19 22:45:37+00:00,10,10,183.0,50.0,gradual_ramp,6.0,183.0,183.0,148.0,148.0,10.0,183.0,2026-07-19 22:46:05+00:00,28.0,0.0,0.0,0.0,174.25,183.0,148.0,17.5,0.0,133.0
2026-07-19 22:45:42+00:00,10,10,183.0,50.0,gradual_ramp,5.0,183.0,183.0,148.0,148.0,10.0,169.0,2026-07-19 22:46:10+00:00,28.0,0.0,0.0,0.0,174.25,183.0,148.0,17.5,0.0,133.0
2026-07-19 22:45:48+00:00,10,10,183.0,50.0,gradual_ramp,6.0,183.0,183.0,148.0,148.0,10.0,169.0,2026-07-19 22:46:16+00:00,28.0,0.0,0.0,0.0,174.25,183.0,148.0,17.5,0.0,133.0
2026-07-19 22:45:54+00:00,10,10,183.0,50.0,gradual_ramp,6.0,183.0,183.0,183.0,148.0,10.0,169.0,2026-07-19 22:46:21+00:00,27.0,0.0,0.0,0.0,183.0,183.0,183.0,0.0,0.0,133.0
2026-07-19 22:45:59+00:00,10,10,183.0,50.0,gradual_ramp,5.0,183.0,183.0,183.0,148.0,10.0,169.0,2026-07-19 22:46:27+00:00,28.0,0.0,0.0,0.0,183.0,183.0,183.0,0.0,0.0,133.0
2026-07-19 22:46:05+00:00,10,10,183.0,50.0,gradual_ramp,6.0,183.0,183.0,183.0,148.0,10.0,169.0,2026-07-19 22:46:33+00:00,28.0,0.0,0.0,0.0,183.0,183.0,183.0,0.0,0.0,133.0
2026-07-19 22:46:10+00:00,10,10,169.0,50.0,gradual_ramp,5.0,183.0,183.0,183.0,183.0,10.0,169.0,2026-07-19 22:46:38+00:00,28.0,-14.0,-14.0,-0.4666666666666667,179.5,183.0,169.0,7.0,0.0,119.0
2026-07-19 22:46:16+00:00,10,10,169.0,50.0,gradual_ramp,6.0,183.0,183.0,183.0,183.0,10.0,169.0,2026-07-19 22:46:44+00:00,28.0,-14.0,-14.0,-0.4666666666666667,179.5,183.0,169.0,7.0,0.0,119.0
2026-07-19 22:46:21+00:00,10,10,169.0,50.0,gradual_ramp,5.0,183.0,183.0,183.0,183.0,10.0,169.0,2026-07-19 22:46:49+00:00,28.0,-14.0,-14.0,-0.4666666666666667,179.5,183.0,169.0,7.0,0.0,119.0
2026-07-19 22:46:27+00:00,10,10,169.0,50.0,gradual_ramp,6.0,169.0,183.0,183.0,183.0,10.0,169.0,2026-07-19 22:46:55+00:00,28.0,0.0,-14.0,-0.4666666666666667,176.0,183.0,169.0,8.082903768654761,0.0,119.0
2026-07-19 22:46:33+00:00,10,10,169.0,50.0,gradual_ramp,6.0,169.0,183.0,183.0,183.0,10.0,169.0,2026-07-19 22:47:00+00:00,27.0,0.0,-14.0,-0.4666666666666667,176.0,183.0,169.0,8.082903768654761,0.0,119.0
2026-07-19 22:46:38+00:00,10,10,169.0,50.0,gradual_ramp,5.0,169.0,169.0,183.0,183.0,10.0,108.0,2026-07-19 22:47:06+00:00,28.0,0.0,0.0,0.0,172.5,183.0,169.0,7.0,0.0,119.0
2026-07-19 22:46:44+00:00,10,10,169.0,50.0,gradual_ramp,6.0,169.0,169.0,183.0,183.0,10.0,108.0,2026-07-19 22:47:11+00:00,27.0,0.0,0.0,0.0,172.5,183.0,169.0,7.0,0.0,119.0
2026-07-19 22:46:49+00:00,10,10,169.0,50.0,gradual_ramp,5.0,169.0,169.0,183.0,183.0,10.0,108.0,2026-07-19 22:47:17+00:00,28.0,0.0,0.0,0.0,172.5,183.0,169.0,7.0,0.0,119.0
2026-07-19 22:46:55+00:00,10,10,169.0,50.0,gradual_ramp,6.0,169.0,169.0,169.0,183.0,10.0,108.0,2026-07-19 22:47:23+00:00,28.0,0.0,0.0,0.0,169.0,169.0,169.0,0.0,0.0,119.0
2026-07-19 22:47:00+00:00,10,10,169.0,50.0,gradual_ramp,5.0,169.0,169.0,169.0,183.0,10.0,108.0,2026-07-19 22:47:28+00:00,28.0,0.0,0.0,0.0,169.0,169.0,169.0,0.0,0.0,119.0
2026-07-19 22:47:06+00:00,10,10,108.0,50.0,gradual_ramp,6.0,169.0,169.0,169.0,183.0,10.0,108.0,2026-07-19 22:47:34+00:00,28.0,-61.0,-61.0,-2.033333333333333,153.75,169.0,108.0,30.5,0.0,58.0
2026-07-19 22:47:11+00:00,10,10,108.0,50.0,gradual_ramp,5.0,169.0,169.0,169.0,169.0,10.0,108.0,2026-07-19 22:47:39+00:00,28.0,-61.0,-61.0,-2.033333333333333,153.75,169.0,108.0,30.5,0.0,58.0
2026-07-19 22:47:17+00:00,10,10,108.0,50.0,gradual_ramp,6.0,169.0,169.0,169.0,169.0,10.0,108.0,2026-07-19 22:47:45+00:00,28.0,-61.0,-61.0,-2.033333333333333,153.75,169.0,108.0,30.5,0.0,58.0
2026-07-19 22:47:23+00:00,10,10,108.0,50.0,gradual_ramp,6.0,108.0,169.0,169.0,169.0,10.0,108.0,2026-07-19 22:47:50+00:00,27.0,0.0,-61.0,-2.033333333333333,138.5,169.0,108.0,35.21836642056717,0.0,58.0
2026-07-19 22:47:28+00:00,10,10,108.0,50.0,gradual_ramp,5.0,108.0,169.0,169.0,169.0,10.0,108.0,2026-07-19 22:47:56+00:00,28.0,0.0,-61.0,-2.033333333333333,138.5,169.0,108.0,35.21836642056717,0.0,58.0
2026-07-19 22:47:34+00:00,10,10,108.0,50.0,gradual_ramp,6.0,108.0,108.0,169.0,169.0,10.0,108.0,2026-07-19 22:48:02+00:00,28.0,0.0,0.0,0.0,123.25,169.0,108.0,30.5,0.0,58.0
2026-07-19 22:47:39+00:00,10,10,108.0,50.0,gradual_ramp,5.0,108.0,108.0,169.0,169.0,10.0,26.0,2026-07-19 22:48:07+00:00,28.0,0.0,0.0,0.0,123.25,169.0,108.0,30.5,0.0,58.0
2026-07-19 22:47:45+00:00,10,10,108.0,50.0,gradual_ramp,6.0,108.0,108.0,169.0,169.0,10.0,26.0,2026-07-19 22:48:12+00:00,27.0,0.0,0.0,0.0,123.25,169.0,108.0,30.5,0.0,58.0
2026-07-19 22:47:50+00:00,10,10,108.0,50.0,gradual_ramp,5.0,108.0,108.0,108.0,169.0,10.0,26.0,2026-07-19 22:48:18+00:00,28.0,0.0,0.0,0.0,108.0,108.0,108.0,0.0,0.0,58.0
2026-07-19 22:47:56+00:00,10,10,108.0,50.0,gradual_ramp,6.0,108.0,108.0,108.0,169.0,10.0,26.0,2026-07-19 22:48:23+00:00,27.0,0.0,0.0,0.0,108.0,108.0,108.0,0.0,0.0,58.0
2026-07-19 22:48:02+00:00,10,10,108.0,50.0,gradual_ramp,6.0,108.0,108.0,108.0,169.0,10.0,26.0,2026-07-19 22:48:34+00:00,32.0,0.0,0.0,0.0,108.0,108.0,108.0,0.0,0.0,58.0
2026-07-19 22:48:07+00:00,10,10,26.0,50.0,gradual_ramp,5.0,108.0,108.0,108.0,108.0,10.0,26.0,2026-07-19 22:48:34+00:00,27.0,-82.0,-82.0,-2.7333333333333334,87.5,108.0,26.0,41.0,0.0,-24.0
2026-07-19 22:48:12+00:00,10,10,26.0,50.0,gradual_ramp,5.0,108.0,108.0,108.0,108.0,10.0,26.0,2026-07-19 22:48:40+00:00,28.0,-82.0,-82.0,-2.7333333333333334,87.5,108.0,26.0,41.0,0.0,-24.0
2026-07-19 22:48:18+00:00,10,10,26.0,50.0,gradual_ramp,6.0,108.0,108.0,108.0,108.0,10.0,26.0,2026-07-19 22:48:45+00:00,27.0,-82.0,-82.0,-2.7333333333333334,87.5,108.0,26.0,41.0,0.0,-24.0
2026-07-19 22:48:23+00:00,10,10,26.0,50.0,gradual_ramp,5.0,26.0,108.0,108.0,108.0,10.0,26.0,2026-07-19 22:48:51+00:00,28.0,0.0,-82.0,-2.7333333333333334,67.0,108.0,26.0,47.34272207354931,0.0,-24.0
2026-07-19 22:48:29+00:00,10,10,26.0,50.0,gradual_ramp,6.0,26.0,108.0,108.0,108.0,10.0,0.0,2026-07-19 22:48:56+00:00,27.0,0.0,-82.0,-2.7333333333333334,67.0,108.0,26.0,47.34272207354931,0.0,-24.0
2026-07-19 22:48:34+00:00,10,10,26.0,50.0,gradual_ramp,5.0,26.0,108.0,108.0,108.0,10.0,0.0,2026-07-19 22:49:02+00:00,28.0,0.0,-82.0,-2.7333333333333334,67.0,108.0,26.0,47.34272207354931,0.0,-24.0
2026-07-19 22:48:40+00:00,10,10,26.0,50.0,gradual_ramp,6.0,26.0,26.0,108.0,108.0,10.0,0.0,2026-07-19 22:49:07+00:00,27.0,0.0,0.0,0.0,46.5,108.0,26.0,41.0,0.0,-24.0
2026-07-19 22:48:45+00:00,10,10,26.0,50.0,gradual_ramp,5.0,26.0,26.0,108.0,108.0,10.0,0.0,2026-07-19 22:49:14+00:00,29.0,0.0,0.0,0.0,46.5,108.0,26.0,41.0,0.0,-24.0
2026-07-19 22:48:51+00:00,10,10,26.0,50.0,gradual_ramp,6.0,26.0,26.0,26.0,108.0,10.0,0.0,2026-07-19 22:49:20+00:00,29.0,0.0,0.0,0.0,26.0,26.0,26.0,0.0,0.0,-24.0
2026-07-19 22:48:56+00:00,10,10,0.0,50.0,gradual_ramp,5.0,26.0,26.0,26.0,108.0,10.0,0.0,2026-07-19 22:49:25+00:00,29.0,-26.0,-26.0,-0.8666666666666667,19.5,26.0,0.0,13.0,0.0,-50.0
2026-07-19 22:49:02+00:00,10,10,0.0,50.0,gradual_ramp,6.0,26.0,26.0,26.0,108.0,10.0,0.0,2026-07-19 22:49:31+00:00,29.0,-26.0,-26.0,-0.8666666666666667,19.5,26.0,0.0,13.0,0.0,-50.0
2026-07-19 22:49:07+00:00,10,10,0.0,50.0,gradual_ramp,5.0,26.0,26.0,26.0,26.0,10.0,0.0,2026-07-19 22:49:36+00:00,29.0,-26.0,-26.0,-0.8666666666666667,19.5,26.0,0.0,13.0,0.0,-50.0
2026-07-19 22:49:14+00:00,10,10,0.0,50.0,gradual_ramp,7.0,0.0,26.0,26.0,26.0,10.0,0.0,2026-07-19 22:49:42+00:00,28.0,0.0,-26.0,-0.8666666666666667,13.0,26.0,0.0,15.01110699893027,0.0,-50.0
2026-07-19 22:49:20+00:00,10,10,0.0,50.0,gradual_ramp,6.0,0.0,26.0,26.0,26.0,10.0,0.0,2026-07-19 22:49:47+00:00,27.0,0.0,-26.0,-0.8666666666666667,13.0,26.0,0.0,15.01110699893027,0.0,-50.0
2026-07-19 22:49:25+00:00,10,10,0.0,50.0,gradual_ramp,5.0,0.0,0.0,26.0,26.0,10.0,0.0,2026-07-19 22:49:53+00:00,28.0,0.0,0.0,0.0,6.5,26.0,0.0,13.0,0.0,-50.0
2026-07-19 22:49:31+00:00,10,10,0.0,50.0,gradual_ramp,6.0,0.0,0.0,26.0,26.0,10.0,0.0,2026-07-19 22:49:58+00:00,27.0,0.0,0.0,0.0,6.5,26.0,0.0,13.0,0.0,-50.0
2026-07-19 22:49:36+00:00,10,10,0.0,50.0,gradual_ramp,5.0,0.0,0.0,26.0,26.0,10.0,0.0,2026-07-19 22:50:04+00:00,28.0,0.0,0.0,0.0,6.5,26.0,0.0,13.0,0.0,-50.0
2026-07-19 22:49:42+00:00,10,10,0.0,50.0,gradual_ramp,6.0,0.0,0.0,0.0,26.0,10.0,0.0,2026-07-19 22:50:09+00:00,27.0,0.0,0.0,0.0,0.0,0.0,0.0,0.0,0.0,-50.0
2026-07-19 22:49:47+00:00,10,10,0.0,50.0,gradual_ramp,5.0,0.0,0.0,0.0,26.0,10.0,0.0,2026-07-19 22:50:15+00:00,28.0,0.0,0.0,0.0,0.0,0.0,0.0,0.0,0.0,-50.0
2026-07-19 22:49:53+00:00,10,10,0.0,50.0,gradual_ramp,6.0,0.0,0.0,0.0,26.0,10.0,0.0,2026-07-19 22:50:20+00:00,27.0,0.0,0.0,0.0,0.0,0.0,0.0,0.0,0.0,-50.0
2026-07-19 22:49:58+00:00,10,10,0.0,50.0,gradual_ramp,5.0,0.0,0.0,0.0,0.0,10.0,0.0,2026-07-19 22:50:26+00:00,28.0,0.0,0.0,0.0,0.0,0.0,0.0,0.0,0.0,-50.0
2026-07-19 22:50:04+00:00,10,10,0.0,50.0,gradual_ramp,6.0,0.0,0.0,0.0,0.0,10.0,0.0,2026-07-19 22:50:31+00:00,27.0,0.0,0.0,0.0,0.0,0.0,0.0,0.0,0.0,-50.0
2026-07-19 22:50:09+00:00,10,10,0.0,50.0,gradual_ramp,5.0,0.0,0.0,0.0,0.0,10.0,0.0,2026-07-19 22:50:37+00:00,28.0,0.0,0.0,0.0,0.0,0.0,0.0,0.0,0.0,-50.0
2026-07-19 22:50:15+00:00,10,10,0.0,50.0,gradual_ramp,6.0,0.0,0.0,0.0,0.0,10.0,0.0,2026-07-19 22:50:42+00:00,27.0,0.0,0.0,0.0,0.0,0.0,0.0,0.0,0.0,-50.0
2026-07-19 22:50:20+00:00,10,10,0.0,50.0,gradual_ramp,5.0,0.0,0.0,0.0,0.0,10.0,0.0,2026-07-19 22:50:48+00:00,28.0,0.0,0.0,0.0,0.0,0.0,0.0,0.0,0.0,-50.0
2026-07-19 22:50:26+00:00,10,10,0.0,50.0,gradual_ramp,6.0,0.0,0.0,0.0,0.0,10.0,0.0,2026-07-19 22:50:53+00:00,27.0,0.0,0.0,0.0,0.0,0.0,0.0,0.0,0.0,-50.0
2026-07-19 22:50:31+00:00,10,10,0.0,50.0,gradual_ramp,5.0,0.0,0.0,0.0,0.0,10.0,0.0,2026-07-19 22:50:59+00:00,28.0,0.0,0.0,0.0,0.0,0.0,0.0,0.0,0.0,-50.0
2026-07-19 22:50:37+00:00,10,10,0.0,50.0,gradual_ramp,6.0,0.0,0.0,0.0,0.0,10.0,0.0,2026-07-19 22:51:09+00:00,32.0,0.0,0.0,0.0,0.0,0.0,0.0,0.0,0.0,-50.0
2026-07-19 22:50:42+00:00,10,10,0.0,50.0,gradual_ramp,5.0,0.0,0.0,0.0,0.0,10.0,0.0,2026-07-19 22:51:09+00:00,27.0,0.0,0.0,0.0,0.0,0.0,0.0,0.0,0.0,-50.0
2026-07-19 22:50:48+00:00,10,10,0.0,50.0,gradual_ramp,6.0,0.0,0.0,0.0,0.0,10.0,0.0,2026-07-19 22:51:20+00:00,32.0,0.0,0.0,0.0,0.0,0.0,0.0,0.0,0.0,-50.0
2026-07-19 22:50:53+00:00,10,10,0.0,50.0,gradual_ramp,5.0,0.0,0.0,0.0,0.0,10.0,0.0,2026-07-19 22:51:20+00:00,27.0,0.0,0.0,0.0,0.0,0.0,0.0,0.0,0.0,-50.0
2026-07-19 22:50:59+00:00,10,10,0.0,50.0,gradual_ramp,6.0,0.0,0.0,0.0,0.0,10.0,0.0,2026-07-19 22:51:31+00:00,32.0,0.0,0.0,0.0,0.0,0.0,0.0,0.0,0.0,-50.0
2026-07-19 22:51:04+00:00,10,10,0.0,50.0,gradual_ramp,5.0,0.0,0.0,0.0,0.0,10.0,0.0,2026-07-19 22:51:31+00:00,27.0,0.0,0.0,0.0,0.0,0.0,0.0,0.0,0.0,-50.0
2026-07-19 22:51:09+00:00,10,10,0.0,50.0,gradual_ramp,5.0,0.0,0.0,0.0,0.0,10.0,0.0,2026-07-19 22:51:37+00:00,28.0,0.0,0.0,0.0,0.0,0.0,0.0,0.0,0.0,-50.0
2026-07-19 22:51:15+00:00,10,10,0.0,50.0,gradual_ramp,6.0,0.0,0.0,0.0,0.0,10.0,0.0,2026-07-19 22:51:44+00:00,29.0,0.0,0.0,0.0,0.0,0.0,0.0,0.0,0.0,-50.0
2026-07-19 22:51:20+00:00,10,10,0.0,50.0,gradual_ramp,5.0,0.0,0.0,0.0,0.0,10.0,0.0,2026-07-19 22:51:55+00:00,35.0,0.0,0.0,0.0,0.0,0.0,0.0,0.0,0.0,-50.0
2026-07-19 22:51:26+00:00,10,10,0.0,50.0,gradual_ramp,6.0,0.0,0.0,0.0,0.0,10.0,0.0,2026-07-19 22:51:55+00:00,29.0,0.0,0.0,0.0,0.0,0.0,0.0,0.0,0.0,-50.0
2026-07-19 22:51:31+00:00,10,10,0.0,50.0,gradual_ramp,5.0,0.0,0.0,0.0,0.0,10.0,0.0,2026-07-19 22:52:01+00:00,30.0,0.0,0.0,0.0,0.0,0.0,0.0,0.0,0.0,-50.0
2026-07-19 22:51:37+00:00,10,10,0.0,50.0,gradual_ramp,6.0,0.0,0.0,0.0,0.0,10.0,0.0,2026-07-19 22:52:07+00:00,30.0,0.0,0.0,0.0,0.0,0.0,0.0,0.0,0.0,-50.0
2026-07-19 22:51:44+00:00,10,10,0.0,50.0,gradual_ramp,7.0,0.0,0.0,0.0,0.0,10.0,0.0,2026-07-19 22:52:13+00:00,29.0,0.0,0.0,0.0,0.0,0.0,0.0,0.0,0.0,-50.0
2026-07-19 22:51:55+00:00,10,10,0.0,50.0,gradual_ramp,11.0,0.0,0.0,0.0,0.0,10.0,0.0,2026-07-19 22:52:24+00:00,29.0,0.0,0.0,0.0,0.0,0.0,0.0,0.0,0.0,-50.0
2026-07-19 22:52:01+00:00,10,10,0.0,50.0,gradual_ramp,6.0,0.0,0.0,0.0,0.0,10.0,0.0,2026-07-19 22:52:30+00:00,29.0,0.0,0.0,0.0,0.0,0.0,0.0,0.0,0.0,-50.0
2026-07-19 22:52:07+00:00,10,10,0.0,50.0,gradual_ramp,6.0,0.0,0.0,0.0,0.0,10.0,0.0,2026-07-19 22:52:36+00:00,29.0,0.0,0.0,0.0,0.0,0.0,0.0,0.0,0.0,-50.0
2026-07-19 22:52:13+00:00,10,10,0.0,50.0,gradual_ramp,6.0,0.0,0.0,0.0,0.0,10.0,0.0,2026-07-19 22:52:41+00:00,28.0,0.0,0.0,0.0,0.0,0.0,0.0,0.0,0.0,-50.0
2026-07-19 22:52:18+00:00,10,10,0.0,50.0,gradual_ramp,5.0,0.0,0.0,0.0,0.0,10.0,0.0,2026-07-19 22:52:47+00:00,29.0,0.0,0.0,0.0,0.0,0.0,0.0,0.0,0.0,-50.0
2026-07-19 22:52:24+00:00,10,10,0.0,50.0,gradual_ramp,6.0,0.0,0.0,0.0,0.0,10.0,0.0,2026-07-19 22:52:53+00:00,29.0,0.0,0.0,0.0,0.0,0.0,0.0,0.0,0.0,-50.0
2026-07-19 22:52:30+00:00,10,10,0.0,50.0,gradual_ramp,6.0,0.0,0.0,0.0,0.0,10.0,0.0,2026-07-19 22:52:58+00:00,28.0,0.0,0.0,0.0,0.0,0.0,0.0,0.0,0.0,-50.0
2026-07-19 22:52:36+00:00,10,10,0.0,50.0,gradual_ramp,6.0,0.0,0.0,0.0,0.0,10.0,0.0,2026-07-19 22:53:04+00:00,28.0,0.0,0.0,0.0,0.0,0.0,0.0,0.0,0.0,-50.0
2026-07-19 22:52:41+00:00,10,10,0.0,50.0,gradual_ramp,5.0,0.0,0.0,0.0,0.0,10.0,0.0,2026-07-19 22:53:09+00:00,28.0,0.0,0.0,0.0,0.0,0.0,0.0,0.0,0.0,-50.0
2026-07-19 22:52:47+00:00,10,10,0.0,50.0,gradual_ramp,6.0,0.0,0.0,0.0,0.0,10.0,0.0,2026-07-19 22:53:15+00:00,28.0,0.0,0.0,0.0,0.0,0.0,0.0,0.0,0.0,-50.0
2026-07-19 22:52:53+00:00,10,6,0.0,50.0,gradual_ramp,6.0,0.0,0.0,0.0,0.0,10.0,0.0,2026-07-19 22:53:21+00:00,28.0,0.0,0.0,0.0,0.0,0.0,0.0,0.0,0.0,-50.0
2026-07-19 22:52:58+00:00,10,6,0.0,50.0,gradual_ramp,5.0,0.0,0.0,0.0,0.0,10.0,0.0,2026-07-19 22:53:26+00:00,28.0,0.0,0.0,0.0,0.0,0.0,0.0,0.0,0.0,-50.0
2026-07-19 22:53:04+00:00,10,6,0.0,50.0,gradual_ramp,6.0,0.0,0.0,0.0,0.0,10.0,0.0,2026-07-19 22:53:32+00:00,28.0,0.0,0.0,0.0,0.0,0.0,0.0,0.0,0.0,-50.0
2026-07-19 22:53:09+00:00,6,6,0.0,50.0,gradual_ramp,5.0,0.0,0.0,0.0,0.0,10.0,0.0,2026-07-19 22:53:38+00:00,29.0,0.0,0.0,0.0,0.0,0.0,0.0,0.0,-4.0,-50.0
2026-07-19 22:53:15+00:00,6,6,0.0,50.0,gradual_ramp,6.0,0.0,0.0,0.0,0.0,10.0,0.0,2026-07-19 22:53:43+00:00,28.0,0.0,0.0,0.0,0.0,0.0,0.0,0.0,-4.0,-50.0
2026-07-19 22:53:21+00:00,6,6,0.0,50.0,gradual_ramp,6.0,0.0,0.0,0.0,0.0,10.0,0.0,2026-07-19 22:53:49+00:00,28.0,0.0,0.0,0.0,0.0,0.0,0.0,0.0,-4.0,-50.0
2026-07-19 22:53:26+00:00,6,6,0.0,50.0,gradual_ramp,5.0,0.0,0.0,0.0,0.0,6.0,0.0,2026-07-19 22:53:54+00:00,28.0,0.0,0.0,0.0,0.0,0.0,0.0,0.0,0.0,-50.0
2026-07-19 22:53:32+00:00,6,6,0.0,50.0,gradual_ramp,6.0,0.0,0.0,0.0,0.0,6.0,0.0,2026-07-19 22:54:00+00:00,28.0,0.0,0.0,0.0,0.0,0.0,0.0,0.0,0.0,-50.0
2026-07-19 22:53:38+00:00,6,1,0.0,50.0,gradual_ramp,6.0,0.0,0.0,0.0,0.0,6.0,0.0,2026-07-19 22:54:06+00:00,28.0,0.0,0.0,0.0,0.0,0.0,0.0,0.0,0.0,-50.0
2026-07-19 22:53:43+00:00,6,1,0.0,50.0,gradual_ramp,5.0,0.0,0.0,0.0,0.0,6.0,0.0,2026-07-19 22:54:11+00:00,28.0,0.0,0.0,0.0,0.0,0.0,0.0,0.0,0.0,-50.0
2026-07-19 22:53:49+00:00,6,1,0.0,50.0,gradual_ramp,6.0,0.0,0.0,0.0,0.0,6.0,0.0,2026-07-19 22:54:17+00:00,28.0,0.0,0.0,0.0,0.0,0.0,0.0,0.0,0.0,-50.0
2026-07-19 22:53:54+00:00,1,1,0.0,50.0,gradual_ramp,5.0,0.0,0.0,0.0,0.0,6.0,0.0,2026-07-19 22:54:23+00:00,29.0,0.0,0.0,0.0,0.0,0.0,0.0,0.0,-5.0,-50.0
2026-07-19 22:54:00+00:00,1,1,0.0,50.0,gradual_ramp,6.0,0.0,0.0,0.0,0.0,6.0,0.0,2026-07-19 22:54:28+00:00,28.0,0.0,0.0,0.0,0.0,0.0,0.0,0.0,-5.0,-50.0
2026-07-19 22:54:06+00:00,1,1,0.0,50.0,gradual_ramp,6.0,0.0,0.0,0.0,0.0,6.0,0.0,2026-07-19 22:54:34+00:00,28.0,0.0,0.0,0.0,0.0,0.0,0.0,0.0,-5.0,-50.0
2026-07-19 22:54:11+00:00,1,1,0.0,50.0,gradual_ramp,5.0,0.0,0.0,0.0,0.0,1.0,0.0,2026-07-19 22:54:40+00:00,29.0,0.0,0.0,0.0,0.0,0.0,0.0,0.0,0.0,-50.0
2026-07-19 22:54:17+00:00,1,1,0.0,50.0,gradual_ramp,6.0,0.0,0.0,0.0,0.0,1.0,0.0,2026-07-19 22:54:45+00:00,28.0,0.0,0.0,0.0,0.0,0.0,0.0,0.0,0.0,-50.0
2026-07-19 22:54:23+00:00,1,1,0.0,50.0,gradual_ramp,6.0,0.0,0.0,0.0,0.0,1.0,0.0,2026-07-19 22:54:51+00:00,28.0,0.0,0.0,0.0,0.0,0.0,0.0,0.0,0.0,-50.0
2026-07-19 22:54:28+00:00,1,1,0.0,50.0,gradual_ramp,5.0,0.0,0.0,0.0,0.0,1.0,0.0,2026-07-19 22:54:57+00:00,29.0,0.0,0.0,0.0,0.0,0.0,0.0,0.0,0.0,-50.0
2026-07-19 22:54:34+00:00,1,1,0.0,50.0,gradual_ramp,6.0,0.0,0.0,0.0,0.0,1.0,0.0,2026-07-19 22:55:03+00:00,29.0,0.0,0.0,0.0,0.0,0.0,0.0,0.0,0.0,-50.0
2026-07-19 22:54:40+00:00,1,1,0.0,50.0,gradual_ramp,6.0,0.0,0.0,0.0,0.0,1.0,0.0,2026-07-19 22:55:10+00:00,30.0,0.0,0.0,0.0,0.0,0.0,0.0,0.0,0.0,-50.0
2026-07-19 22:54:45+00:00,1,1,0.0,50.0,gradual_ramp,5.0,0.0,0.0,0.0,0.0,1.0,0.0,2026-07-19 22:55:15+00:00,30.0,0.0,0.0,0.0,0.0,0.0,0.0,0.0,0.0,-50.0
2026-07-19 22:54:51+00:00,1,1,0.0,50.0,gradual_ramp,6.0,0.0,0.0,0.0,0.0,1.0,0.0,2026-07-19 22:55:21+00:00,30.0,0.0,0.0,0.0,0.0,0.0,0.0,0.0,0.0,-50.0
2026-07-19 22:54:57+00:00,1,1,0.0,50.0,gradual_ramp,6.0,0.0,0.0,0.0,0.0,1.0,0.0,2026-07-19 22:55:27+00:00,30.0,0.0,0.0,0.0,0.0,0.0,0.0,0.0,0.0,-50.0
2026-07-19 22:55:03+00:00,1,1,0.0,50.0,gradual_ramp,6.0,0.0,0.0,0.0,0.0,1.0,0.0,2026-07-19 22:55:33+00:00,30.0,0.0,0.0,0.0,0.0,0.0,0.0,0.0,0.0,-50.0
2026-07-19 22:55:10+00:00,1,1,0.0,50.0,gradual_ramp,7.0,0.0,0.0,0.0,0.0,1.0,0.0,2026-07-19 22:55:39+00:00,29.0,0.0,0.0,0.0,0.0,0.0,0.0,0.0,0.0,-50.0
2026-07-19 22:55:15+00:00,1,1,0.0,50.0,gradual_ramp,5.0,0.0,0.0,0.0,0.0,1.0,0.0,2026-07-19 22:55:44+00:00,29.0,0.0,0.0,0.0,0.0,0.0,0.0,0.0,0.0,-50.0
2026-07-19 22:55:21+00:00,1,1,0.0,50.0,gradual_ramp,6.0,0.0,0.0,0.0,0.0,1.0,0.0,2026-07-19 22:55:50+00:00,29.0,0.0,0.0,0.0,0.0,0.0,0.0,0.0,0.0,-50.0
2026-07-19 22:55:27+00:00,1,1,0.0,50.0,gradual_ramp,6.0,0.0,0.0,0.0,0.0,1.0,0.0,2026-07-19 22:55:56+00:00,29.0,0.0,0.0,0.0,0.0,0.0,0.0,0.0,0.0,-50.0
2026-07-19 22:55:33+00:00,1,1,0.0,50.0,gradual_ramp,6.0,0.0,0.0,0.0,0.0,1.0,0.0,2026-07-19 22:56:01+00:00,28.0,0.0,0.0,0.0,0.0,0.0,0.0,0.0,0.0,-50.0
2026-07-19 22:55:39+00:00,1,1,0.0,50.0,gradual_ramp,6.0,0.0,0.0,0.0,0.0,1.0,0.0,2026-07-19 22:56:07+00:00,28.0,0.0,0.0,0.0,0.0,0.0,0.0,0.0,0.0,-50.0
2026-07-19 22:55:44+00:00,1,1,0.0,50.0,gradual_ramp,5.0,0.0,0.0,0.0,0.0,1.0,0.0,2026-07-19 22:56:13+00:00,29.0,0.0,0.0,0.0,0.0,0.0,0.0,0.0,0.0,-50.0
2026-07-19 22:55:50+00:00,1,1,0.0,50.0,gradual_ramp,6.0,0.0,0.0,0.0,0.0,1.0,0.0,2026-07-19 22:56:19+00:00,29.0,0.0,0.0,0.0,0.0,0.0,0.0,0.0,0.0,-50.0
2026-07-19 22:55:56+00:00,1,1,0.0,50.0,gradual_ramp,6.0,0.0,0.0,0.0,0.0,1.0,0.0,2026-07-19 22:56:24+00:00,28.0,0.0,0.0,0.0,0.0,0.0,0.0,0.0,0.0,-50.0
2026-07-19 22:56:01+00:00,1,1,0.0,50.0,gradual_ramp,5.0,0.0,0.0,0.0,0.0,1.0,0.0,2026-07-19 22:56:30+00:00,29.0,0.0,0.0,0.0,0.0,0.0,0.0,0.0,0.0,-50.0
2026-07-19 22:56:07+00:00,1,1,0.0,50.0,gradual_ramp,6.0,0.0,0.0,0.0,0.0,1.0,0.0,2026-07-19 22:56:36+00:00,29.0,0.0,0.0,0.0,0.0,0.0,0.0,0.0,0.0,-50.0
2026-07-19 22:56:13+00:00,1,1,0.0,50.0,gradual_ramp,6.0,0.0,0.0,0.0,0.0,1.0,0.0,2026-07-19 22:56:41+00:00,28.0,0.0,0.0,0.0,0.0,0.0,0.0,0.0,0.0,-50.0
2026-07-19 22:56:19+00:00,1,1,0.0,50.0,gradual_ramp,6.0,0.0,0.0,0.0,0.0,1.0,0.0,2026-07-19 22:56:47+00:00,28.0,0.0,0.0,0.0,0.0,0.0,0.0,0.0,0.0,-50.0
2026-07-19 22:56:24+00:00,1,1,0.0,50.0,gradual_ramp,5.0,0.0,0.0,0.0,0.0,1.0,0.0,2026-07-19 22:56:53+00:00,29.0,0.0,0.0,0.0,0.0,0.0,0.0,0.0,0.0,-50.0
2026-07-19 22:56:30+00:00,1,1,0.0,50.0,gradual_ramp,6.0,0.0,0.0,0.0,0.0,1.0,0.0,2026-07-19 22:56:58+00:00,28.0,0.0,0.0,0.0,0.0,0.0,0.0,0.0,0.0,-50.0
2026-07-19 22:56:36+00:00,1,1,0.0,50.0,gradual_ramp,6.0,0.0,0.0,0.0,0.0,1.0,0.0,2026-07-19 22:57:04+00:00,28.0,0.0,0.0,0.0,0.0,0.0,0.0,0.0,0.0,-50.0
2026-07-19 22:56:41+00:00,1,1,0.0,50.0,gradual_ramp,5.0,0.0,0.0,0.0,0.0,1.0,0.0,2026-07-19 22:57:10+00:00,29.0,0.0,0.0,0.0,0.0,0.0,0.0,0.0,0.0,-50.0
2026-07-19 22:56:47+00:00,1,1,0.0,50.0,gradual_ramp,6.0,0.0,0.0,0.0,0.0,1.0,0.0,2026-07-19 22:57:15+00:00,28.0,0.0,0.0,0.0,0.0,0.0,0.0,0.0,0.0,-50.0
2026-07-19 22:56:53+00:00,1,1,0.0,50.0,gradual_ramp,6.0,0.0,0.0,0.0,0.0,1.0,0.0,2026-07-19 22:57:21+00:00,28.0,0.0,0.0,0.0,0.0,0.0,0.0,0.0,0.0,-50.0
2026-07-19 22:56:58+00:00,1,1,0.0,50.0,gradual_ramp,5.0,0.0,0.0,0.0,0.0,1.0,0.0,2026-07-19 22:57:27+00:00,29.0,0.0,0.0,0.0,0.0,0.0,0.0,0.0,0.0,-50.0
2026-07-19 22:57:04+00:00,1,1,0.0,50.0,gradual_ramp,6.0,0.0,0.0,0.0,0.0,1.0,0.0,2026-07-19 22:57:32+00:00,28.0,0.0,0.0,0.0,0.0,0.0,0.0,0.0,0.0,-50.0
2026-07-19 22:57:10+00:00,1,1,0.0,50.0,gradual_ramp,6.0,0.0,0.0,0.0,0.0,1.0,0.0,2026-07-19 22:57:38+00:00,28.0,0.0,0.0,0.0,0.0,0.0,0.0,0.0,0.0,-50.0
2026-07-19 22:57:15+00:00,1,1,0.0,50.0,gradual_ramp,5.0,0.0,0.0,0.0,0.0,1.0,0.0,2026-07-19 22:57:44+00:00,29.0,0.0,0.0,0.0,0.0,0.0,0.0,0.0,0.0,-50.0
2026-07-19 22:57:21+00:00,1,1,0.0,50.0,gradual_ramp,6.0,0.0,0.0,0.0,0.0,1.0,0.0,2026-07-19 22:57:49+00:00,28.0,0.0,0.0,0.0,0.0,0.0,0.0,0.0,0.0,-50.0
2026-07-19 22:57:27+00:00,1,1,0.0,50.0,gradual_ramp,6.0,0.0,0.0,0.0,0.0,1.0,0.0,2026-07-19 22:57:55+00:00,28.0,0.0,0.0,0.0,0.0,0.0,0.0,0.0,0.0,-50.0
2026-07-19 22:57:32+00:00,1,1,0.0,50.0,gradual_ramp,5.0,0.0,0.0,0.0,0.0,1.0,0.0,2026-07-19 22:58:00+00:00,28.0,0.0,0.0,0.0,0.0,0.0,0.0,0.0,0.0,-50.0
2026-07-19 22:57:38+00:00,1,1,0.0,50.0,gradual_ramp,6.0,0.0,0.0,0.0,0.0,1.0,0.0,2026-07-19 22:58:06+00:00,28.0,0.0,0.0,0.0,0.0,0.0,0.0,0.0,0.0,-50.0
2026-07-19 22:57:44+00:00,1,1,0.0,50.0,gradual_ramp,6.0,0.0,0.0,0.0,0.0,1.0,0.0,2026-07-19 22:58:12+00:00,28.0,0.0,0.0,0.0,0.0,0.0,0.0,0.0,0.0,-50.0
2026-07-19 22:57:49+00:00,1,1,0.0,50.0,gradual_ramp,5.0,0.0,0.0,0.0,0.0,1.0,0.0,2026-07-19 22:58:17+00:00,28.0,0.0,0.0,0.0,0.0,0.0,0.0,0.0,0.0,-50.0
2026-07-19 22:57:55+00:00,1,1,0.0,50.0,gradual_ramp,6.0,0.0,0.0,0.0,0.0,1.0,0.0,2026-07-19 22:58:23+00:00,28.0,0.0,0.0,0.0,0.0,0.0,0.0,0.0,0.0,-50.0
2026-07-19 22:58:00+00:00,1,1,0.0,50.0,gradual_ramp,5.0,0.0,0.0,0.0,0.0,1.0,0.0,2026-07-19 22:58:28+00:00,28.0,0.0,0.0,0.0,0.0,0.0,0.0,0.0,0.0,-50.0
2026-07-19 22:58:06+00:00,1,1,0.0,50.0,gradual_ramp,6.0,0.0,0.0,0.0,0.0,1.0,0.0,2026-07-19 22:58:34+00:00,28.0,0.0,0.0,0.0,0.0,0.0,0.0,0.0,0.0,-50.0
2026-07-19 22:58:12+00:00,1,1,0.0,50.0,gradual_ramp,6.0,0.0,0.0,0.0,0.0,1.0,0.0,2026-07-19 22:58:40+00:00,28.0,0.0,0.0,0.0,0.0,0.0,0.0,0.0,0.0,-50.0
2026-07-19 22:58:17+00:00,1,1,0.0,50.0,gradual_ramp,5.0,0.0,0.0,0.0,0.0,1.0,0.0,2026-07-19 22:58:45+00:00,28.0,0.0,0.0,0.0,0.0,0.0,0.0,0.0,0.0,-50.0
2026-07-19 22:58:23+00:00,1,1,0.0,50.0,gradual_ramp,6.0,0.0,0.0,0.0,0.0,1.0,0.0,2026-07-19 22:58:51+00:00,28.0,0.0,0.0,0.0,0.0,0.0,0.0,0.0,0.0,-50.0
2026-07-19 22:58:28+00:00,1,1,0.0,50.0,gradual_ramp,5.0,0.0,0.0,0.0,0.0,1.0,0.0,2026-07-19 22:58:56+00:00,28.0,0.0,0.0,0.0,0.0,0.0,0.0,0.0,0.0,-50.0
2026-07-19 22:58:34+00:00,1,1,0.0,50.0,gradual_ramp,6.0,0.0,0.0,0.0,0.0,1.0,0.0,2026-07-19 22:59:02+00:00,28.0,0.0,0.0,0.0,0.0,0.0,0.0,0.0,0.0,-50.0
2026-07-19 22:58:40+00:00,1,1,0.0,50.0,gradual_ramp,6.0,0.0,0.0,0.0,0.0,1.0,0.0,2026-07-19 22:59:08+00:00,28.0,0.0,0.0,0.0,0.0,0.0,0.0,0.0,0.0,-50.0
2026-07-19 22:58:45+00:00,1,1,0.0,50.0,gradual_ramp,5.0,0.0,0.0,0.0,0.0,1.0,0.0,2026-07-19 22:59:15+00:00,30.0,0.0,0.0,0.0,0.0,0.0,0.0,0.0,0.0,-50.0
2026-07-19 22:58:51+00:00,1,1,0.0,50.0,gradual_ramp,6.0,0.0,0.0,0.0,0.0,1.0,0.0,2026-07-19 22:59:21+00:00,30.0,0.0,0.0,0.0,0.0,0.0,0.0,0.0,0.0,-50.0
2026-07-19 22:58:56+00:00,1,1,0.0,50.0,gradual_ramp,5.0,0.0,0.0,0.0,0.0,1.0,0.0,2026-07-19 22:59:27+00:00,31.0,0.0,0.0,0.0,0.0,0.0,0.0,0.0,0.0,-50.0
2026-07-19 22:59:02+00:00,1,1,0.0,50.0,gradual_ramp,6.0,0.0,0.0,0.0,0.0,1.0,0.0,2026-07-19 22:59:33+00:00,31.0,0.0,0.0,0.0,0.0,0.0,0.0,0.0,0.0,-50.0
2026-07-19 22:59:08+00:00,1,1,0.0,50.0,gradual_ramp,6.0,0.0,0.0,0.0,0.0,1.0,0.0,2026-07-19 22:59:39+00:00,31.0,0.0,0.0,0.0,0.0,0.0,0.0,0.0,0.0,-50.0
2026-07-19 22:59:15+00:00,1,1,0.0,50.0,gradual_ramp,7.0,0.0,0.0,0.0,0.0,1.0,0.0,2026-07-19 22:59:45+00:00,30.0,0.0,0.0,0.0,0.0,0.0,0.0,0.0,0.0,-50.0
2026-07-19 22:59:21+00:00,1,1,0.0,50.0,gradual_ramp,6.0,0.0,0.0,0.0,0.0,1.0,0.0,2026-07-19 22:59:52+00:00,31.0,0.0,0.0,0.0,0.0,0.0,0.0,0.0,0.0,-50.0
2026-07-19 22:59:27+00:00,1,1,0.0,50.0,gradual_ramp,6.0,0.0,0.0,0.0,0.0,1.0,0.0,2026-07-19 22:59:57+00:00,30.0,0.0,0.0,0.0,0.0,0.0,0.0,0.0,0.0,-50.0
2026-07-19 22:59:33+00:00,1,1,0.0,50.0,gradual_ramp,6.0,0.0,0.0,0.0,0.0,1.0,0.0,2026-07-19 23:00:04+00:00,31.0,0.0,0.0,0.0,0.0,0.0,0.0,0.0,0.0,-50.0
2026-07-19 22:59:39+00:00,1,1,0.0,50.0,gradual_ramp,6.0,0.0,0.0,0.0,0.0,1.0,0.0,2026-07-19 23:00:10+00:00,31.0,0.0,0.0,0.0,0.0,0.0,0.0,0.0,0.0,-50.0
2026-07-19 22:59:45+00:00,1,1,0.0,50.0,gradual_ramp,6.0,0.0,0.0,0.0,0.0,1.0,0.0,2026-07-19 23:00:16+00:00,31.0,0.0,0.0,0.0,0.0,0.0,0.0,0.0,0.0,-50.0
2026-07-19 22:59:52+00:00,1,1,0.0,50.0,gradual_ramp,7.0,0.0,0.0,0.0,0.0,1.0,0.0,2026-07-19 23:00:22+00:00,30.0,0.0,0.0,0.0,0.0,0.0,0.0,0.0,0.0,-50.0
2026-07-19 22:59:57+00:00,1,1,0.0,50.0,gradual_ramp,5.0,0.0,0.0,0.0,0.0,1.0,0.0,2026-07-19 23:00:28+00:00,31.0,0.0,0.0,0.0,0.0,0.0,0.0,0.0,0.0,-50.0
2026-07-19 23:00:04+00:00,1,1,0.0,50.0,gradual_ramp,7.0,0.0,0.0,0.0,0.0,1.0,0.0,2026-07-19 23:00:34+00:00,30.0,0.0,0.0,0.0,0.0,0.0,0.0,0.0,0.0,-50.0
2026-07-19 23:00:10+00:00,1,1,0.0,50.0,gradual_ramp,6.0,0.0,0.0,0.0,0.0,1.0,0.0,2026-07-19 23:00:40+00:00,30.0,0.0,0.0,0.0,0.0,0.0,0.0,0.0,0.0,-50.0
2026-07-19 23:00:16+00:00,1,1,0.0,50.0,gradual_ramp,6.0,0.0,0.0,0.0,0.0,1.0,0.0,2026-07-19 23:00:46+00:00,30.0,0.0,0.0,0.0,0.0,0.0,0.0,0.0,0.0,-50.0
2026-07-19 23:00:22+00:00,1,1,0.0,50.0,gradual_ramp,6.0,0.0,0.0,0.0,0.0,1.0,0.0,2026-07-19 23:00:52+00:00,30.0,0.0,0.0,0.0,0.0,0.0,0.0,0.0,0.0,-50.0
2026-07-19 23:00:28+00:00,1,1,0.0,50.0,gradual_ramp,6.0,0.0,0.0,0.0,0.0,1.0,0.0,2026-07-19 23:00:58+00:00,30.0,0.0,0.0,0.0,0.0,0.0,0.0,0.0,0.0,-50.0
2026-07-19 23:00:34+00:00,1,1,0.0,50.0,gradual_ramp,6.0,0.0,0.0,0.0,0.0,1.0,0.0,2026-07-19 23:01:04+00:00,30.0,0.0,0.0,0.0,0.0,0.0,0.0,0.0,0.0,-50.0
2026-07-19 23:00:40+00:00,1,1,0.0,50.0,gradual_ramp,6.0,0.0,0.0,0.0,0.0,1.0,0.0,2026-07-19 23:01:10+00:00,30.0,0.0,0.0,0.0,0.0,0.0,0.0,0.0,0.0,-50.0
2026-07-19 23:00:46+00:00,1,1,0.0,50.0,gradual_ramp,6.0,0.0,0.0,0.0,0.0,1.0,0.0,2026-07-19 23:01:16+00:00,30.0,0.0,0.0,0.0,0.0,0.0,0.0,0.0,0.0,-50.0
2026-07-19 23:00:52+00:00,1,1,0.0,50.0,gradual_ramp,6.0,0.0,0.0,0.0,0.0,1.0,0.0,2026-07-19 23:01:23+00:00,31.0,0.0,0.0,0.0,0.0,0.0,0.0,0.0,0.0,-50.0
2026-07-19 23:00:58+00:00,1,1,0.0,50.0,gradual_ramp,6.0,0.0,0.0,0.0,0.0,1.0,0.0,2026-07-19 23:01:29+00:00,31.0,0.0,0.0,0.0,0.0,0.0,0.0,0.0,0.0,-50.0
2026-07-19 23:01:04+00:00,1,1,0.0,50.0,gradual_ramp,6.0,0.0,0.0,0.0,0.0,1.0,0.0,2026-07-19 23:01:35+00:00,31.0,0.0,0.0,0.0,0.0,0.0,0.0,0.0,0.0,-50.0
2026-07-19 23:01:10+00:00,1,1,0.0,50.0,gradual_ramp,6.0,0.0,0.0,0.0,0.0,1.0,0.0,2026-07-19 23:01:40+00:00,30.0,0.0,0.0,0.0,0.0,0.0,0.0,0.0,0.0,-50.0
2026-07-19 23:01:16+00:00,1,1,0.0,50.0,gradual_ramp,6.0,0.0,0.0,0.0,0.0,1.0,0.0,2026-07-19 23:01:46+00:00,30.0,0.0,0.0,0.0,0.0,0.0,0.0,0.0,0.0,-50.0
2026-07-19 23:01:23+00:00,1,1,0.0,50.0,gradual_ramp,7.0,0.0,0.0,0.0,0.0,1.0,0.0,2026-07-19 23:01:52+00:00,29.0,0.0,0.0,0.0,0.0,0.0,0.0,0.0,0.0,-50.0
2026-07-19 23:01:29+00:00,1,1,0.0,50.0,gradual_ramp,6.0,0.0,0.0,0.0,0.0,1.0,0.0,2026-07-19 23:01:58+00:00,29.0,0.0,0.0,0.0,0.0,0.0,0.0,0.0,0.0,-50.0
2026-07-19 23:01:35+00:00,1,1,0.0,50.0,gradual_ramp,6.0,0.0,0.0,0.0,0.0,1.0,0.0,2026-07-19 23:02:04+00:00,29.0,0.0,0.0,0.0,0.0,0.0,0.0,0.0,0.0,-50.0
2026-07-19 23:01:40+00:00,1,1,0.0,50.0,gradual_ramp,5.0,0.0,0.0,0.0,0.0,1.0,0.0,2026-07-19 23:02:09+00:00,29.0,0.0,0.0,0.0,0.0,0.0,0.0,0.0,0.0,-50.0
2026-07-19 23:01:46+00:00,1,1,0.0,50.0,gradual_ramp,6.0,0.0,0.0,0.0,0.0,1.0,0.0,2026-07-19 23:02:15+00:00,29.0,0.0,0.0,0.0,0.0,0.0,0.0,0.0,0.0,-50.0
2026-07-19 23:01:52+00:00,1,1,0.0,50.0,gradual_ramp,6.0,0.0,0.0,0.0,0.0,1.0,0.0,2026-07-19 23:02:21+00:00,29.0,0.0,0.0,0.0,0.0,0.0,0.0,0.0,0.0,-50.0
2026-07-19 23:01:58+00:00,1,1,0.0,50.0,gradual_ramp,6.0,0.0,0.0,0.0,0.0,1.0,0.0,2026-07-19 23:02:27+00:00,29.0,0.0,0.0,0.0,0.0,0.0,0.0,0.0,0.0,-50.0
2026-07-19 23:02:04+00:00,1,1,0.0,50.0,gradual_ramp,6.0,0.0,0.0,0.0,0.0,1.0,0.0,2026-07-19 23:02:33+00:00,29.0,0.0,0.0,0.0,0.0,0.0,0.0,0.0,0.0,-50.0
2026-07-19 23:02:09+00:00,1,1,0.0,50.0,gradual_ramp,5.0,0.0,0.0,0.0,0.0,1.0,0.0,2026-07-19 23:02:38+00:00,29.0,0.0,0.0,0.0,0.0,0.0,0.0,0.0,0.0,-50.0
2026-07-19 23:02:15+00:00,1,1,0.0,50.0,gradual_ramp,6.0,0.0,0.0,0.0,0.0,1.0,0.0,2026-07-19 23:02:45+00:00,30.0,0.0,0.0,0.0,0.0,0.0,0.0,0.0,0.0,-50.0
2026-07-19 23:02:21+00:00,1,1,0.0,50.0,gradual_ramp,6.0,0.0,0.0,0.0,0.0,1.0,0.0,2026-07-19 23:02:50+00:00,29.0,0.0,0.0,0.0,0.0,0.0,0.0,0.0,0.0,-50.0
2026-07-19 23:02:27+00:00,1,1,0.0,50.0,gradual_ramp,6.0,0.0,0.0,0.0,0.0,1.0,0.0,2026-07-19 23:02:56+00:00,29.0,0.0,0.0,0.0,0.0,0.0,0.0,0.0,0.0,-50.0
2026-07-19 23:02:33+00:00,1,1,0.0,50.0,gradual_ramp,6.0,0.0,0.0,0.0,0.0,1.0,0.0,2026-07-19 23:03:02+00:00,29.0,0.0,0.0,0.0,0.0,0.0,0.0,0.0,0.0,-50.0
2026-07-19 23:02:38+00:00,1,1,0.0,50.0,gradual_ramp,5.0,0.0,0.0,0.0,0.0,1.0,0.0,2026-07-19 23:03:08+00:00,30.0,0.0,0.0,0.0,0.0,0.0,0.0,0.0,0.0,-50.0
2026-07-19 23:02:45+00:00,1,1,0.0,50.0,gradual_ramp,7.0,0.0,0.0,0.0,0.0,1.0,0.0,2026-07-19 23:03:14+00:00,29.0,0.0,0.0,0.0,0.0,0.0,0.0,0.0,0.0,-50.0
2026-07-19 23:02:50+00:00,1,1,0.0,50.0,gradual_ramp,5.0,0.0,0.0,0.0,0.0,1.0,0.0,2026-07-19 23:03:19+00:00,29.0,0.0,0.0,0.0,0.0,0.0,0.0,0.0,0.0,-50.0
2026-07-19 23:02:56+00:00,1,1,0.0,50.0,gradual_ramp,6.0,0.0,0.0,0.0,0.0,1.0,0.0,2026-07-19 23:03:25+00:00,29.0,0.0,0.0,0.0,0.0,0.0,0.0,0.0,0.0,-50.0
2026-07-19 23:03:02+00:00,1,1,0.0,50.0,gradual_ramp,6.0,0.0,0.0,0.0,0.0,1.0,0.0,2026-07-19 23:03:32+00:00,30.0,0.0,0.0,0.0,0.0,0.0,0.0,0.0,0.0,-50.0
2026-07-19 23:03:08+00:00,1,1,0.0,50.0,gradual_ramp,6.0,0.0,0.0,0.0,0.0,1.0,0.0,2026-07-19 23:03:39+00:00,31.0,0.0,0.0,0.0,0.0,0.0,0.0,0.0,0.0,-50.0
2026-07-19 23:03:14+00:00,1,1,0.0,50.0,gradual_ramp,6.0,0.0,0.0,0.0,0.0,1.0,0.0,2026-07-19 23:03:45+00:00,31.0,0.0,0.0,0.0,0.0,0.0,0.0,0.0,0.0,-50.0
2026-07-19 23:03:19+00:00,1,1,0.0,50.0,gradual_ramp,5.0,0.0,0.0,0.0,0.0,1.0,0.0,2026-07-19 23:03:51+00:00,32.0,0.0,0.0,0.0,0.0,0.0,0.0,0.0,0.0,-50.0
2026-07-19 23:03:25+00:00,1,1,0.0,50.0,gradual_ramp,6.0,0.0,0.0,0.0,0.0,1.0,0.0,2026-07-19 23:03:57+00:00,32.0,0.0,0.0,0.0,0.0,0.0,0.0,0.0,0.0,-50.0
2026-07-19 23:03:32+00:00,1,1,0.0,50.0,gradual_ramp,7.0,0.0,0.0,0.0,0.0,1.0,0.0,2026-07-19 23:04:02+00:00,30.0,0.0,0.0,0.0,0.0,0.0,0.0,0.0,0.0,-50.0
2026-07-19 23:03:39+00:00,1,1,0.0,50.0,gradual_ramp,7.0,0.0,0.0,0.0,0.0,1.0,0.0,2026-07-19 23:04:08+00:00,29.0,0.0,0.0,0.0,0.0,0.0,0.0,0.0,0.0,-50.0
2026-07-19 23:03:45+00:00,1,1,0.0,50.0,gradual_ramp,6.0,0.0,0.0,0.0,0.0,1.0,0.0,2026-07-19 23:04:14+00:00,29.0,0.0,0.0,0.0,0.0,0.0,0.0,0.0,0.0,-50.0
2026-07-19 23:03:51+00:00,1,1,0.0,50.0,gradual_ramp,6.0,0.0,0.0,0.0,0.0,1.0,0.0,2026-07-19 23:04:20+00:00,29.0,0.0,0.0,0.0,0.0,0.0,0.0,0.0,0.0,-50.0
2026-07-19 23:03:57+00:00,1,1,0.0,50.0,gradual_ramp,6.0,0.0,0.0,0.0,0.0,1.0,0.0,2026-07-19 23:04:26+00:00,29.0,0.0,0.0,0.0,0.0,0.0,0.0,0.0,0.0,-50.0
2026-07-19 23:04:02+00:00,1,1,0.0,50.0,gradual_ramp,5.0,0.0,0.0,0.0,0.0,1.0,0.0,2026-07-19 23:04:32+00:00,30.0,0.0,0.0,0.0,0.0,0.0,0.0,0.0,0.0,-50.0
2026-07-19 23:04:08+00:00,1,1,0.0,50.0,gradual_ramp,6.0,0.0,0.0,0.0,0.0,1.0,0.0,2026-07-19 23:04:37+00:00,29.0,0.0,0.0,0.0,0.0,0.0,0.0,0.0,0.0,-50.0
2026-07-19 23:04:14+00:00,1,1,0.0,50.0,gradual_ramp,6.0,0.0,0.0,0.0,0.0,1.0,0.0,2026-07-19 23:04:43+00:00,29.0,0.0,0.0,0.0,0.0,0.0,0.0,0.0,0.0,-50.0
2026-07-19 23:04:20+00:00,1,1,0.0,50.0,gradual_ramp,6.0,0.0,0.0,0.0,0.0,1.0,0.0,2026-07-19 23:04:52+00:00,32.0,0.0,0.0,0.0,0.0,0.0,0.0,0.0,0.0,-50.0
2026-07-19 23:04:26+00:00,1,1,0.0,50.0,gradual_ramp,6.0,0.0,0.0,0.0,0.0,1.0,0.0,2026-07-19 23:04:57+00:00,31.0,0.0,0.0,0.0,0.0,0.0,0.0,0.0,0.0,-50.0
2026-07-19 23:04:32+00:00,1,1,0.0,50.0,gradual_ramp,6.0,0.0,0.0,0.0,0.0,1.0,0.0,2026-07-19 23:05:03+00:00,31.0,0.0,0.0,0.0,0.0,0.0,0.0,0.0,0.0,-50.0
2026-07-19 23:04:37+00:00,1,1,0.0,50.0,gradual_ramp,5.0,0.0,0.0,0.0,0.0,1.0,0.0,2026-07-19 23:05:08+00:00,31.0,0.0,0.0,0.0,0.0,0.0,0.0,0.0,0.0,-50.0
2026-07-19 23:04:43+00:00,1,1,0.0,50.0,gradual_ramp,6.0,0.0,0.0,0.0,0.0,1.0,0.0,2026-07-19 23:05:08+00:00,25.0,0.0,0.0,0.0,0.0,0.0,0.0,0.0,0.0,-50.0
2026-07-20 23:16:39+00:00,1,1,1.0,50.0,long_mixed_workload,16.0,0.0,0.0,0.0,0.0,1.0,1.0,2026-07-20 23:17:11+00:00,32.0,1.0,1.0,0.03333333333333333,0.25,1.0,0.0,0.5,0.0,-49.0
2026-07-20 23:16:55+00:00,1,1,1.0,50.0,long_mixed_workload,16.0,1.0,0.0,0.0,0.0,1.0,1.0,2026-07-20 23:17:26+00:00,31.0,0.0,1.0,0.03333333333333333,0.5,1.0,0.0,0.5773502691896257,0.0,-49.0
2026-07-20 23:17:11+00:00,1,1,1.0,50.0,long_mixed_workload,16.0,1.0,1.0,0.0,0.0,1.0,1.0,2026-07-20 23:17:42+00:00,31.0,0.0,0.0,0.0,0.75,1.0,0.0,0.5,0.0,-49.0
2026-07-20 23:17:26+00:00,1,1,1.0,50.0,long_mixed_workload,15.0,1.0,1.0,1.0,0.0,1.0,146.0,2026-07-20 23:17:58+00:00,32.0,0.0,0.0,0.0,1.0,1.0,1.0,0.0,0.0,-49.0
2026-07-20 23:17:42+00:00,1,1,1.0,50.0,long_mixed_workload,16.0,1.0,1.0,1.0,1.0,1.0,107.0,2026-07-20 23:18:13+00:00,31.0,0.0,0.0,0.0,1.0,1.0,1.0,0.0,0.0,-49.0
2026-07-20 23:17:58+00:00,1,3,146.0,50.0,long_mixed_workload,16.0,1.0,1.0,1.0,1.0,1.0,107.0,2026-07-20 23:18:29+00:00,31.0,145.0,145.0,4.833333333333333,37.25,146.0,1.0,72.5,0.0,96.0
2026-07-20 23:18:13+00:00,3,3,107.0,50.0,long_mixed_workload,15.0,146.0,1.0,1.0,1.0,1.0,123.0,2026-07-20 23:18:45+00:00,32.0,-39.0,106.0,3.533333333333333,63.75,146.0,1.0,74.1861397656822,2.0,57.0
2026-07-20 23:18:29+00:00,3,3,107.0,50.0,long_mixed_workload,16.0,107.0,146.0,1.0,1.0,3.0,123.0,2026-07-20 23:19:00+00:00,31.0,0.0,-39.0,-1.3,90.25,146.0,1.0,62.27559714687608,0.0,57.0
2026-07-20 23:18:45+00:00,3,5,123.0,50.0,long_mixed_workload,16.0,107.0,107.0,146.0,1.0,3.0,123.0,2026-07-20 23:19:16+00:00,31.0,16.0,16.0,0.5333333333333333,120.75,146.0,107.0,18.445866745696716,0.0,73.0
2026-07-20 23:19:00+00:00,5,5,123.0,50.0,long_mixed_workload,15.0,123.0,107.0,107.0,146.0,3.0,123.0,2026-07-20 23:19:32+00:00,32.0,0.0,16.0,0.5333333333333333,115.0,123.0,107.0,9.237604307034012,2.0,73.0
2026-07-20 23:19:16+00:00,5,5,123.0,50.0,long_mixed_workload,16.0,123.0,123.0,107.0,107.0,5.0,135.0,2026-07-20 23:19:47+00:00,31.0,0.0,0.0,0.0,119.0,123.0,107.0,8.0,0.0,73.0
2026-07-20 23:19:32+00:00,5,5,123.0,50.0,long_mixed_workload,16.0,123.0,123.0,123.0,107.0,5.0,135.0,2026-07-20 23:20:03+00:00,31.0,0.0,0.0,0.0,123.0,123.0,123.0,0.0,0.0,73.0
2026-07-20 23:19:47+00:00,5,9,135.0,50.0,long_mixed_workload,15.0,123.0,123.0,123.0,123.0,5.0,135.0,2026-07-20 23:20:18+00:00,31.0,12.0,12.0,0.4,126.0,135.0,123.0,6.0,0.0,85.0
2026-07-20 23:20:03+00:00,9,9,135.0,50.0,long_mixed_workload,16.0,135.0,123.0,123.0,123.0,5.0,135.0,2026-07-20 23:20:34+00:00,31.0,0.0,12.0,0.4,129.0,135.0,123.0,6.928203230275509,4.0,85.0
2026-07-20 23:20:18+00:00,9,9,135.0,50.0,long_mixed_workload,15.0,135.0,135.0,123.0,123.0,9.0,135.0,2026-07-20 23:20:49+00:00,31.0,0.0,0.0,0.0,132.0,135.0,123.0,6.0,0.0,85.0
2026-07-20 23:20:34+00:00,9,9,135.0,50.0,long_mixed_workload,16.0,135.0,135.0,135.0,123.0,9.0,96.0,2026-07-20 23:21:05+00:00,31.0,0.0,0.0,0.0,135.0,135.0,135.0,0.0,0.0,85.0
2026-07-20 23:20:49+00:00,9,9,135.0,50.0,long_mixed_workload,15.0,135.0,135.0,135.0,135.0,9.0,96.0,2026-07-20 23:21:21+00:00,32.0,0.0,0.0,0.0,135.0,135.0,135.0,0.0,0.0,85.0
2026-07-20 23:21:05+00:00,9,9,96.0,50.0,long_mixed_workload,16.0,135.0,135.0,135.0,135.0,9.0,92.0,2026-07-20 23:21:36+00:00,31.0,-39.0,-39.0,-1.3,125.25,135.0,96.0,19.5,0.0,46.0
2026-07-20 23:21:21+00:00,9,9,96.0,50.0,long_mixed_workload,16.0,96.0,135.0,135.0,135.0,9.0,92.0,2026-07-20 23:21:52+00:00,31.0,0.0,-39.0,-1.3,115.5,135.0,96.0,22.516660498395403,0.0,46.0
2026-07-20 23:21:36+00:00,9,9,92.0,50.0,long_mixed_workload,15.0,96.0,96.0,135.0,135.0,9.0,113.0,2026-07-20 23:22:08+00:00,32.0,-4.0,-4.0,-0.13333333333333333,104.75,135.0,92.0,20.254629100529094,0.0,42.0
2026-07-20 23:21:52+00:00,9,9,92.0,50.0,long_mixed_workload,16.0,92.0,96.0,96.0,135.0,9.0,113.0,2026-07-20 23:22:23+00:00,31.0,0.0,-4.0,-0.13333333333333333,94.0,96.0,92.0,2.309401076758503,0.0,42.0
2026-07-20 23:22:08+00:00,9,18,113.0,50.0,long_mixed_workload,16.0,92.0,92.0,96.0,96.0,9.0,115.0,2026-07-20 23:22:39+00:00,31.0,21.0,21.0,0.7,98.25,113.0,92.0,10.012492197250394,0.0,63.0
2026-07-20 23:22:23+00:00,18,20,113.0,50.0,long_mixed_workload,15.0,113.0,92.0,92.0,96.0,9.0,115.0,2026-07-20 23:22:54+00:00,31.0,0.0,21.0,0.7,102.5,113.0,92.0,12.12435565298214,9.0,63.0
2026-07-20 23:22:39+00:00,20,20,115.0,50.0,long_mixed_workload,16.0,113.0,113.0,92.0,92.0,18.0,153.0,2026-07-20 23:23:10+00:00,31.0,2.0,2.0,0.06666666666666667,108.25,115.0,92.0,10.874281585465774,2.0,65.0
2026-07-20 23:22:54+00:00,20,20,115.0,50.0,long_mixed_workload,15.0,115.0,113.0,113.0,92.0,20.0,153.0,2026-07-20 23:23:26+00:00,32.0,0.0,2.0,0.06666666666666667,114.0,115.0,113.0,1.1547005383792515,0.0,65.0
2026-07-20 23:23:10+00:00,20,20,153.0,50.0,long_mixed_workload,16.0,115.0,115.0,113.0,113.0,20.0,153.0,2026-07-20 23:23:41+00:00,31.0,38.0,38.0,1.2666666666666666,124.0,153.0,113.0,19.356308187943966,0.0,103.0
2026-07-20 23:23:26+00:00,20,20,153.0,50.0,long_mixed_workload,16.0,153.0,115.0,115.0,113.0,20.0,149.0,2026-07-20 23:23:57+00:00,31.0,0.0,38.0,1.2666666666666666,134.0,153.0,115.0,21.939310229205777,0.0,103.0
2026-07-20 23:23:41+00:00,20,20,153.0,50.0,long_mixed_workload,15.0,153.0,153.0,115.0,115.0,20.0,149.0,2026-07-20 23:24:12+00:00,31.0,0.0,0.0,0.0,143.5,153.0,115.0,19.0,0.0,103.0
2026-07-20 23:23:57+00:00,20,20,149.0,50.0,long_mixed_workload,16.0,153.0,153.0,153.0,115.0,20.0,149.0,2026-07-20 23:24:28+00:00,31.0,-4.0,-4.0,-0.13333333333333333,152.0,153.0,149.0,2.0,0.0,99.0
2026-07-20 23:24:12+00:00,20,20,149.0,50.0,long_mixed_workload,15.0,149.0,153.0,153.0,153.0,20.0,149.0,2026-07-20 23:24:44+00:00,32.0,0.0,-4.0,-0.13333333333333333,151.0,153.0,149.0,2.309401076758503,0.0,99.0
2026-07-20 23:24:28+00:00,20,20,149.0,50.0,long_mixed_workload,16.0,149.0,149.0,153.0,153.0,20.0,148.0,2026-07-20 23:25:00+00:00,32.0,0.0,0.0,0.0,150.0,153.0,149.0,2.0,0.0,99.0
2026-07-20 23:24:44+00:00,20,20,149.0,50.0,long_mixed_workload,16.0,149.0,149.0,149.0,153.0,20.0,149.0,2026-07-20 23:25:16+00:00,32.0,0.0,0.0,0.0,149.0,149.0,149.0,0.0,0.0,99.0
2026-07-20 23:25:00+00:00,20,20,148.0,50.0,long_mixed_workload,16.0,149.0,149.0,149.0,149.0,20.0,148.0,2026-07-20 23:25:31+00:00,31.0,-1.0,-1.0,-0.03333333333333333,148.75,149.0,148.0,0.5,0.0,98.0
2026-07-20 23:25:16+00:00,20,20,149.0,50.0,long_mixed_workload,16.0,148.0,149.0,149.0,149.0,20.0,149.0,2026-07-20 23:25:47+00:00,31.0,1.0,0.0,0.0,148.75,149.0,148.0,0.5,0.0,99.0
2026-07-20 23:25:31+00:00,20,20,148.0,50.0,long_mixed_workload,15.0,149.0,148.0,149.0,149.0,20.0,149.0,2026-07-20 23:26:03+00:00,32.0,-1.0,0.0,0.0,148.5,149.0,148.0,0.5773502691896257,0.0,98.0
2026-07-20 23:25:47+00:00,20,20,149.0,50.0,long_mixed_workload,16.0,148.0,149.0,148.0,149.0,20.0,152.0,2026-07-20 23:26:19+00:00,32.0,1.0,0.0,0.0,148.5,149.0,148.0,0.5773502691896257,0.0,99.0
2026-07-20 23:26:03+00:00,20,20,149.0,50.0,long_mixed_workload,16.0,149.0,148.0,149.0,148.0,20.0,149.0,2026-07-20 23:26:35+00:00,32.0,0.0,1.0,0.03333333333333333,148.75,149.0,148.0,0.5,0.0,99.0
2026-07-20 23:26:19+00:00,20,20,152.0,50.0,long_mixed_workload,16.0,149.0,149.0,148.0,149.0,20.0,154.0,2026-07-20 23:26:51+00:00,32.0,3.0,3.0,0.1,149.5,152.0,148.0,1.7320508075688772,0.0,102.0
2026-07-20 23:26:35+00:00,20,20,149.0,50.0,long_mixed_workload,16.0,152.0,149.0,149.0,148.0,20.0,154.0,2026-07-20 23:27:06+00:00,31.0,-3.0,0.0,0.0,149.75,152.0,149.0,1.5,0.0,99.0
2026-07-20 23:26:51+00:00,20,20,154.0,50.0,long_mixed_workload,16.0,149.0,152.0,149.0,149.0,20.0,154.0,2026-07-20 23:27:22+00:00,31.0,5.0,2.0,0.06666666666666667,151.0,154.0,149.0,2.449489742783178,0.0,104.0
2026-07-20 23:27:06+00:00,20,20,154.0,50.0,long_mixed_workload,15.0,154.0,149.0,152.0,149.0,20.0,151.0,2026-07-20 23:27:38+00:00,32.0,0.0,5.0,0.16666666666666666,152.25,154.0,149.0,2.362907813126304,0.0,104.0
2026-07-20 23:29:02+00:00,20,20,151.0,50.0,long_mixed_workload,16.0,152.0,154.0,154.0,151.0,20.0,152.0,2026-07-20 23:29:34+00:00,32.0,-1.0,-3.0,-0.1,152.75,154.0,151.0,1.5,0.0,101.0
2026-07-20 23:30:57+00:00,20,20,128.0,50.0,long_mixed_workload,15.0,146.0,146.0,146.0,146.0,20.0,129.0,2026-07-20 23:31:29+00:00,32.0,-18.0,-18.0,-0.6,141.5,146.0,128.0,9.0,0.0,78.0
2026-07-20 23:31:13+00:00,20,20,129.0,50.0,long_mixed_workload,16.0,128.0,146.0,146.0,146.0,20.0,153.0,2026-07-20 23:31:45+00:00,32.0,1.0,-17.0,-0.5666666666666667,137.25,146.0,128.0,10.111874208078342,0.0,79.0
2026-07-20 23:31:29+00:00,20,20,129.0,50.0,long_mixed_workload,16.0,129.0,128.0,146.0,146.0,20.0,153.0,2026-07-20 23:32:01+00:00,32.0,0.0,1.0,0.03333333333333333,133.0,146.0,128.0,8.679477710861024,0.0,79.0
2026-07-20 23:31:45+00:00,20,20,153.0,50.0,long_mixed_workload,16.0,129.0,129.0,128.0,146.0,20.0,153.0,2026-07-20 23:32:17+00:00,32.0,24.0,24.0,0.8,134.75,153.0,128.0,12.175795661885921,0.0,103.0
2026-07-20 23:32:01+00:00,20,20,153.0,50.0,long_mixed_workload,16.0,153.0,129.0,129.0,128.0,20.0,153.0,2026-07-20 23:32:32+00:00,31.0,0.0,24.0,0.8,141.0,153.0,129.0,13.856406460551018,0.0,103.0
2026-07-20 23:32:17+00:00,20,20,153.0,50.0,long_mixed_workload,16.0,153.0,153.0,129.0,129.0,20.0,153.0,2026-07-20 23:32:48+00:00,31.0,0.0,0.0,0.0,147.0,153.0,129.0,12.0,0.0,103.0
2026-07-20 23:32:32+00:00,20,20,153.0,50.0,long_mixed_workload,15.0,153.0,153.0,153.0,129.0,20.0,153.0,2026-07-20 23:33:04+00:00,32.0,0.0,0.0,0.0,153.0,153.0,153.0,0.0,0.0,103.0
2026-07-20 23:32:48+00:00,20,20,153.0,50.0,long_mixed_workload,16.0,153.0,153.0,153.0,153.0,20.0,153.0,2026-07-20 23:33:20+00:00,32.0,0.0,0.0,0.0,153.0,153.0,153.0,0.0,0.0,103.0
2026-07-20 23:33:04+00:00,20,20,153.0,50.0,long_mixed_workload,16.0,153.0,153.0,153.0,153.0,20.0,153.0,2026-07-20 23:33:35+00:00,31.0,0.0,0.0,0.0,153.0,153.0,153.0,0.0,0.0,103.0
2026-07-20 23:33:20+00:00,20,20,153.0,50.0,long_mixed_workload,16.0,153.0,153.0,153.0,153.0,20.0,152.0,2026-07-20 23:33:51+00:00,31.0,0.0,0.0,0.0,153.0,153.0,153.0,0.0,0.0,103.0
2026-07-20 23:33:35+00:00,20,20,153.0,50.0,long_mixed_workload,15.0,153.0,153.0,153.0,153.0,20.0,153.0,2026-07-20 23:34:07+00:00,32.0,0.0,0.0,0.0,153.0,153.0,153.0,0.0,0.0,103.0
2026-07-20 23:33:51+00:00,20,20,152.0,50.0,long_mixed_workload,16.0,153.0,153.0,153.0,153.0,20.0,152.0,2026-07-20 23:34:23+00:00,32.0,-1.0,-1.0,-0.03333333333333333,152.75,153.0,152.0,0.5,0.0,102.0
2026-07-20 23:34:07+00:00,20,20,153.0,50.0,long_mixed_workload,16.0,152.0,153.0,153.0,153.0,20.0,153.0,2026-07-20 23:34:38+00:00,31.0,1.0,0.0,0.0,152.75,153.0,152.0,0.5,0.0,103.0
2026-07-20 23:34:23+00:00,20,20,152.0,50.0,long_mixed_workload,16.0,153.0,152.0,153.0,153.0,20.0,152.0,2026-07-20 23:34:54+00:00,31.0,-1.0,0.0,0.0,152.5,153.0,152.0,0.5773502691896257,0.0,102.0
2026-07-20 23:34:38+00:00,20,20,153.0,50.0,long_mixed_workload,15.0,152.0,153.0,152.0,153.0,20.0,152.0,2026-07-20 23:35:10+00:00,32.0,1.0,0.0,0.0,152.5,153.0,152.0,0.5773502691896257,0.0,103.0
2026-07-20 23:34:54+00:00,20,20,152.0,50.0,long_mixed_workload,16.0,153.0,152.0,153.0,152.0,20.0,152.0,2026-07-20 23:35:26+00:00,32.0,-1.0,0.0,0.0,152.5,153.0,152.0,0.5773502691896257,0.0,102.0
2026-07-20 23:35:10+00:00,20,20,152.0,50.0,long_mixed_workload,16.0,152.0,153.0,152.0,153.0,20.0,152.0,2026-07-20 23:35:41+00:00,31.0,0.0,-1.0,-0.03333333333333333,152.25,153.0,152.0,0.5,0.0,102.0
2026-07-20 23:35:26+00:00,20,20,152.0,50.0,long_mixed_workload,16.0,152.0,152.0,153.0,152.0,20.0,150.0,2026-07-20 23:35:57+00:00,31.0,0.0,0.0,0.0,152.25,153.0,152.0,0.5,0.0,102.0
2026-07-20 23:35:41+00:00,20,20,152.0,50.0,long_mixed_workload,15.0,152.0,152.0,152.0,153.0,20.0,148.0,2026-07-20 23:36:13+00:00,32.0,0.0,0.0,0.0,152.0,152.0,152.0,0.0,0.0,102.0
2026-07-20 23:35:57+00:00,20,20,150.0,50.0,long_mixed_workload,16.0,152.0,152.0,152.0,152.0,20.0,148.0,2026-07-20 23:36:29+00:00,32.0,-2.0,-2.0,-0.06666666666666667,151.5,152.0,150.0,1.0,0.0,100.0
2026-07-20 23:36:13+00:00,20,20,148.0,50.0,long_mixed_workload,16.0,150.0,152.0,152.0,152.0,20.0,148.0,2026-07-20 23:36:45+00:00,32.0,-2.0,-4.0,-0.13333333333333333,150.5,152.0,148.0,1.9148542155126762,0.0,98.0
2026-07-20 23:36:29+00:00,20,20,148.0,50.0,long_mixed_workload,16.0,148.0,150.0,152.0,152.0,20.0,152.0,2026-07-20 23:37:00+00:00,31.0,0.0,-2.0,-0.06666666666666667,149.5,152.0,148.0,1.9148542155126762,0.0,98.0
2026-07-20 23:36:45+00:00,20,20,148.0,50.0,long_mixed_workload,16.0,148.0,148.0,150.0,152.0,20.0,152.0,2026-07-20 23:37:16+00:00,31.0,0.0,0.0,0.0,148.5,150.0,148.0,1.0,0.0,98.0
2026-07-20 23:37:00+00:00,20,20,152.0,50.0,long_mixed_workload,15.0,148.0,148.0,148.0,150.0,20.0,152.0,2026-07-20 23:37:32+00:00,32.0,4.0,4.0,0.13333333333333333,149.0,152.0,148.0,2.0,0.0,102.0
2026-07-20 23:37:16+00:00,20,20,152.0,50.0,long_mixed_workload,16.0,152.0,148.0,148.0,148.0,20.0,152.0,2026-07-20 23:37:48+00:00,32.0,0.0,4.0,0.13333333333333333,150.0,152.0,148.0,2.309401076758503,0.0,102.0
2026-07-20 23:37:32+00:00,20,20,152.0,50.0,long_mixed_workload,16.0,152.0,152.0,148.0,148.0,20.0,152.0,2026-07-20 23:38:04+00:00,32.0,0.0,0.0,0.0,151.0,152.0,148.0,2.0,0.0,102.0
2026-07-20 23:37:48+00:00,20,20,152.0,50.0,long_mixed_workload,16.0,152.0,152.0,152.0,148.0,20.0,152.0,2026-07-20 23:38:19+00:00,31.0,0.0,0.0,0.0,152.0,152.0,152.0,0.0,0.0,102.0
2026-07-20 23:38:04+00:00,20,20,152.0,50.0,long_mixed_workload,16.0,152.0,152.0,152.0,152.0,20.0,152.0,2026-07-20 23:38:35+00:00,31.0,0.0,0.0,0.0,152.0,152.0,152.0,0.0,0.0,102.0
2026-07-20 23:38:19+00:00,20,20,152.0,50.0,long_mixed_workload,15.0,152.0,152.0,152.0,152.0,20.0,153.0,2026-07-20 23:38:52+00:00,33.0,0.0,0.0,0.0,152.0,152.0,152.0,0.0,0.0,102.0
2026-07-20 23:38:35+00:00,20,20,152.0,50.0,long_mixed_workload,16.0,152.0,152.0,152.0,152.0,20.0,153.0,2026-07-20 23:39:08+00:00,33.0,0.0,0.0,0.0,152.0,152.0,152.0,0.0,0.0,102.0
2026-07-20 23:38:52+00:00,20,20,153.0,50.0,long_mixed_workload,17.0,152.0,152.0,152.0,152.0,20.0,153.0,2026-07-20 23:39:23+00:00,31.0,1.0,1.0,0.03333333333333333,152.25,153.0,152.0,0.5,0.0,103.0
2026-07-20 23:39:08+00:00,20,20,153.0,50.0,long_mixed_workload,16.0,153.0,152.0,152.0,152.0,20.0,153.0,2026-07-20 23:39:39+00:00,31.0,0.0,1.0,0.03333333333333333,152.5,153.0,152.0,0.5773502691896257,0.0,103.0
2026-07-20 23:39:23+00:00,20,20,153.0,50.0,long_mixed_workload,15.0,153.0,153.0,152.0,152.0,20.0,145.0,2026-07-20 23:39:55+00:00,32.0,0.0,0.0,0.0,152.75,153.0,152.0,0.5,0.0,103.0
2026-07-20 23:39:39+00:00,20,20,153.0,50.0,long_mixed_workload,16.0,153.0,153.0,153.0,152.0,20.0,145.0,2026-07-20 23:40:10+00:00,31.0,0.0,0.0,0.0,153.0,153.0,153.0,0.0,0.0,103.0
2026-07-20 23:39:55+00:00,20,20,145.0,50.0,long_mixed_workload,16.0,153.0,153.0,153.0,153.0,20.0,145.0,2026-07-20 23:40:26+00:00,31.0,-8.0,-8.0,-0.26666666666666666,151.0,153.0,145.0,4.0,0.0,95.0
2026-07-20 23:40:10+00:00,20,20,145.0,50.0,long_mixed_workload,15.0,145.0,153.0,153.0,153.0,20.0,145.0,2026-07-20 23:40:41+00:00,31.0,0.0,-8.0,-0.26666666666666666,149.0,153.0,145.0,4.618802153517006,0.0,95.0
2026-07-20 23:40:26+00:00,20,20,145.0,50.0,long_mixed_workload,16.0,145.0,145.0,153.0,153.0,20.0,125.0,2026-07-20 23:40:57+00:00,31.0,0.0,0.0,0.0,147.0,153.0,145.0,4.0,0.0,95.0
2026-07-20 23:40:41+00:00,20,20,145.0,50.0,long_mixed_workload,15.0,145.0,145.0,145.0,153.0,20.0,126.0,2026-07-20 23:41:12+00:00,31.0,0.0,0.0,0.0,145.0,145.0,145.0,0.0,0.0,95.0
2026-07-20 23:40:57+00:00,20,20,125.0,50.0,long_mixed_workload,16.0,145.0,145.0,145.0,145.0,20.0,125.0,2026-07-20 23:41:28+00:00,31.0,-20.0,-20.0,-0.6666666666666666,140.0,145.0,125.0,10.0,0.0,75.0
2026-07-20 23:41:12+00:00,20,20,126.0,50.0,long_mixed_workload,15.0,125.0,145.0,145.0,145.0,20.0,125.0,2026-07-20 23:41:44+00:00,32.0,1.0,-19.0,-0.6333333333333333,135.25,145.0,125.0,11.265729744080792,0.0,76.0
2026-07-20 23:41:28+00:00,20,20,125.0,50.0,long_mixed_workload,16.0,126.0,125.0,145.0,145.0,20.0,152.0,2026-07-20 23:41:59+00:00,31.0,-1.0,0.0,0.0,130.25,145.0,125.0,9.844626283748239,0.0,75.0
2026-07-20 23:41:44+00:00,20,20,125.0,50.0,long_mixed_workload,16.0,125.0,126.0,125.0,145.0,20.0,152.0,2026-07-20 23:42:15+00:00,31.0,0.0,-1.0,-0.03333333333333333,125.25,126.0,125.0,0.5,0.0,75.0
2026-07-20 23:41:59+00:00,20,20,152.0,50.0,long_mixed_workload,15.0,125.0,125.0,126.0,125.0,20.0,152.0,2026-07-20 23:42:31+00:00,32.0,27.0,27.0,0.9,132.0,152.0,125.0,13.341664064126334,0.0,102.0
2026-07-20 23:42:15+00:00,20,20,152.0,50.0,long_mixed_workload,16.0,152.0,125.0,125.0,126.0,20.0,152.0,2026-07-20 23:42:46+00:00,31.0,0.0,27.0,0.9,138.5,152.0,125.0,15.588457268119896,0.0,102.0
2026-07-20 23:42:31+00:00,20,20,152.0,50.0,long_mixed_workload,16.0,152.0,152.0,125.0,125.0,20.0,152.0,2026-07-20 23:43:02+00:00,31.0,0.0,0.0,0.0,145.25,152.0,125.0,13.5,0.0,102.0
2026-07-20 23:42:46+00:00,20,20,152.0,50.0,long_mixed_workload,15.0,152.0,152.0,152.0,125.0,20.0,152.0,2026-07-20 23:43:18+00:00,32.0,0.0,0.0,0.0,152.0,152.0,152.0,0.0,0.0,102.0
2026-07-20 23:43:02+00:00,20,20,152.0,50.0,long_mixed_workload,16.0,152.0,152.0,152.0,152.0,20.0,152.0,2026-07-20 23:43:33+00:00,31.0,0.0,0.0,0.0,152.0,152.0,152.0,0.0,0.0,102.0
2026-07-20 23:43:18+00:00,20,20,152.0,50.0,long_mixed_workload,16.0,152.0,152.0,152.0,152.0,20.0,153.0,2026-07-20 23:43:49+00:00,31.0,0.0,0.0,0.0,152.0,152.0,152.0,0.0,0.0,102.0
2026-07-20 23:43:33+00:00,20,20,152.0,50.0,long_mixed_workload,15.0,152.0,152.0,152.0,152.0,20.0,154.0,2026-07-20 23:44:04+00:00,31.0,0.0,0.0,0.0,152.0,152.0,152.0,0.0,0.0,102.0
2026-07-20 23:43:49+00:00,20,20,153.0,50.0,long_mixed_workload,16.0,152.0,152.0,152.0,152.0,20.0,153.0,2026-07-20 23:44:20+00:00,31.0,1.0,1.0,0.03333333333333333,152.25,153.0,152.0,0.5,0.0,103.0
2026-07-20 23:44:04+00:00,20,20,154.0,50.0,long_mixed_workload,15.0,153.0,152.0,152.0,152.0,20.0,153.0,2026-07-20 23:44:36+00:00,32.0,1.0,2.0,0.06666666666666667,152.75,154.0,152.0,0.9574271077563381,0.0,104.0
2026-07-20 23:44:20+00:00,20,20,153.0,50.0,long_mixed_workload,16.0,154.0,153.0,152.0,152.0,20.0,151.0,2026-07-20 23:44:52+00:00,32.0,-1.0,0.0,0.0,153.0,154.0,152.0,0.816496580927726,0.0,103.0
2026-07-20 23:44:36+00:00,20,20,153.0,50.0,long_mixed_workload,16.0,153.0,154.0,153.0,152.0,20.0,152.0,2026-07-20 23:45:07+00:00,31.0,0.0,-1.0,-0.03333333333333333,153.25,154.0,153.0,0.5,0.0,103.0
2026-07-20 23:44:52+00:00,20,20,151.0,50.0,long_mixed_workload,16.0,153.0,153.0,154.0,153.0,20.0,152.0,2026-07-20 23:45:23+00:00,31.0,-2.0,-2.0,-0.06666666666666667,152.75,154.0,151.0,1.2583057392117916,0.0,101.0
2026-07-20 23:45:07+00:00,20,20,152.0,50.0,long_mixed_workload,15.0,151.0,153.0,153.0,154.0,20.0,151.0,2026-07-20 23:45:39+00:00,32.0,1.0,-1.0,-0.03333333333333333,152.25,153.0,151.0,0.9574271077563381,0.0,102.0
2026-07-20 23:45:23+00:00,20,20,152.0,50.0,long_mixed_workload,16.0,152.0,151.0,153.0,153.0,20.0,152.0,2026-07-20 23:45:54+00:00,31.0,0.0,1.0,0.03333333333333333,152.0,153.0,151.0,0.816496580927726,0.0,102.0
2026-07-20 23:45:39+00:00,20,20,151.0,50.0,long_mixed_workload,16.0,152.0,152.0,151.0,153.0,20.0,152.0,2026-07-20 23:46:10+00:00,31.0,-1.0,-1.0,-0.03333333333333333,151.5,152.0,151.0,0.5773502691896257,0.0,101.0
2026-07-20 23:45:54+00:00,20,20,152.0,50.0,long_mixed_workload,15.0,151.0,152.0,152.0,151.0,20.0,151.0,2026-07-20 23:46:25+00:00,31.0,1.0,0.0,0.0,151.75,152.0,151.0,0.5,0.0,102.0
2026-07-20 23:46:10+00:00,20,20,152.0,50.0,long_mixed_workload,16.0,152.0,151.0,152.0,152.0,20.0,151.0,2026-07-20 23:46:41+00:00,31.0,0.0,1.0,0.03333333333333333,151.75,152.0,151.0,0.5,0.0,102.0
2026-07-20 23:46:25+00:00,20,20,151.0,50.0,long_mixed_workload,15.0,152.0,152.0,151.0,152.0,20.0,150.0,2026-07-20 23:46:57+00:00,32.0,-1.0,-1.0,-0.03333333333333333,151.5,152.0,151.0,0.5773502691896257,0.0,101.0
2026-07-20 23:46:41+00:00,20,20,151.0,50.0,long_mixed_workload,16.0,151.0,152.0,152.0,151.0,20.0,150.0,2026-07-20 23:47:13+00:00,32.0,0.0,-1.0,-0.03333333333333333,151.5,152.0,151.0,0.5773502691896257,0.0,101.0
2026-07-20 23:46:57+00:00,20,20,150.0,50.0,long_mixed_workload,16.0,151.0,151.0,152.0,152.0,20.0,153.0,2026-07-20 23:47:28+00:00,31.0,-1.0,-1.0,-0.03333333333333333,151.0,152.0,150.0,0.816496580927726,0.0,100.0
2026-07-20 23:47:13+00:00,20,20,150.0,50.0,long_mixed_workload,16.0,150.0,151.0,151.0,152.0,20.0,153.0,2026-07-20 23:47:44+00:00,31.0,0.0,-1.0,-0.03333333333333333,150.5,151.0,150.0,0.5773502691896257,0.0,100.0
2026-07-20 23:47:28+00:00,20,20,153.0,50.0,long_mixed_workload,15.0,150.0,150.0,151.0,151.0,20.0,152.0,2026-07-20 23:48:00+00:00,32.0,3.0,3.0,0.1,151.0,153.0,150.0,1.4142135623730951,0.0,103.0
2026-07-20 23:47:44+00:00,20,20,153.0,50.0,long_mixed_workload,16.0,153.0,150.0,150.0,151.0,20.0,152.0,2026-07-20 23:48:15+00:00,31.0,0.0,3.0,0.1,151.5,153.0,150.0,1.7320508075688772,0.0,103.0
2026-07-20 23:48:00+00:00,20,20,152.0,50.0,long_mixed_workload,16.0,153.0,153.0,150.0,150.0,20.0,151.0,2026-07-20 23:48:31+00:00,31.0,-1.0,-1.0,-0.03333333333333333,152.0,153.0,150.0,1.4142135623730951,0.0,102.0
2026-07-20 23:48:15+00:00,20,20,152.0,50.0,long_mixed_workload,15.0,152.0,153.0,153.0,150.0,20.0,152.0,2026-07-20 23:48:47+00:00,32.0,0.0,-1.0,-0.03333333333333333,152.5,153.0,152.0,0.5773502691896257,0.0,102.0
2026-07-20 23:48:31+00:00,20,20,151.0,50.0,long_mixed_workload,16.0,152.0,152.0,153.0,153.0,20.0,154.0,2026-07-20 23:49:02+00:00,31.0,-1.0,-1.0,-0.03333333333333333,152.0,153.0,151.0,0.816496580927726,0.0,101.0
2026-07-20 23:48:47+00:00,20,20,152.0,50.0,long_mixed_workload,16.0,151.0,152.0,152.0,153.0,20.0,155.0,2026-07-20 23:49:18+00:00,31.0,1.0,0.0,0.0,151.75,152.0,151.0,0.5,0.0,102.0
2026-07-20 23:49:02+00:00,20,20,154.0,50.0,long_mixed_workload,15.0,152.0,151.0,152.0,152.0,20.0,154.0,2026-07-20 23:49:34+00:00,32.0,2.0,3.0,0.1,152.25,154.0,151.0,1.2583057392117916,0.0,104.0
2026-07-20 23:49:18+00:00,20,20,155.0,50.0,long_mixed_workload,16.0,154.0,152.0,151.0,152.0,20.0,144.0,2026-07-20 23:49:49+00:00,31.0,1.0,3.0,0.1,153.0,155.0,151.0,1.8257418583505538,0.0,105.0
2026-07-20 23:49:34+00:00,20,20,154.0,50.0,long_mixed_workload,16.0,155.0,154.0,152.0,151.0,20.0,146.0,2026-07-20 23:50:05+00:00,31.0,-1.0,0.0,0.0,153.75,155.0,152.0,1.2583057392117916,0.0,104.0
2026-07-20 23:49:49+00:00,20,20,144.0,50.0,long_mixed_workload,15.0,154.0,155.0,154.0,152.0,20.0,146.0,2026-07-20 23:50:20+00:00,31.0,-10.0,-11.0,-0.36666666666666664,151.75,155.0,144.0,5.188127472091127,0.0,94.0
2026-07-20 23:50:05+00:00,20,20,146.0,50.0,long_mixed_workload,16.0,144.0,154.0,155.0,154.0,20.0,144.0,2026-07-20 23:50:36+00:00,31.0,2.0,-8.0,-0.26666666666666666,149.75,155.0,144.0,5.560275772537426,0.0,96.0
2026-07-20 23:50:20+00:00,20,20,146.0,50.0,long_mixed_workload,15.0,146.0,144.0,154.0,155.0,20.0,127.0,2026-07-20 23:50:52+00:00,32.0,0.0,2.0,0.06666666666666667,147.5,154.0,144.0,4.43471156521669,0.0,96.0
2026-07-20 23:50:36+00:00,20,20,144.0,50.0,long_mixed_workload,16.0,146.0,146.0,144.0,154.0,20.0,128.0,2026-07-20 23:51:07+00:00,31.0,-2.0,-2.0,-0.06666666666666667,145.0,146.0,144.0,1.1547005383792515,0.0,94.0
2026-07-20 23:50:52+00:00,20,20,127.0,50.0,long_mixed_workload,16.0,144.0,146.0,146.0,144.0,20.0,127.0,2026-07-20 23:51:23+00:00,31.0,-17.0,-19.0,-0.6333333333333333,140.75,146.0,127.0,9.215023964519391,0.0,77.0
2026-07-20 23:51:07+00:00,20,20,128.0,50.0,long_mixed_workload,15.0,127.0,144.0,146.0,146.0,20.0,128.0,2026-07-20 23:51:38+00:00,31.0,1.0,-16.0,-0.5333333333333333,136.25,146.0,127.0,10.1447851956888,0.0,78.0
2026-07-20 23:51:23+00:00,20,20,127.0,50.0,long_mixed_workload,16.0,128.0,127.0,144.0,146.0,20.0,153.0,2026-07-20 23:51:54+00:00,31.0,-1.0,0.0,0.0,131.5,144.0,127.0,8.34665601703261,0.0,77.0
2026-07-20 23:51:38+00:00,20,20,128.0,50.0,long_mixed_workload,15.0,127.0,128.0,127.0,144.0,20.0,153.0,2026-07-20 23:52:10+00:00,32.0,1.0,0.0,0.0,127.5,128.0,127.0,0.5773502691896257,0.0,78.0
2026-07-20 23:51:54+00:00,20,20,153.0,50.0,long_mixed_workload,16.0,128.0,127.0,128.0,127.0,20.0,153.0,2026-07-20 23:52:25+00:00,31.0,25.0,26.0,0.8666666666666667,134.0,153.0,127.0,12.675435561221029,0.0,103.0
2026-07-20 23:52:10+00:00,20,20,153.0,50.0,long_mixed_workload,16.0,153.0,128.0,127.0,128.0,20.0,153.0,2026-07-20 23:52:41+00:00,31.0,0.0,25.0,0.8333333333333334,140.25,153.0,127.0,14.72809107341025,0.0,103.0
2026-07-20 23:52:25+00:00,20,20,153.0,50.0,long_mixed_workload,15.0,153.0,153.0,128.0,127.0,20.0,152.0,2026-07-20 23:52:57+00:00,32.0,0.0,0.0,0.0,146.75,153.0,128.0,12.5,0.0,103.0
2026-07-20 23:52:41+00:00,20,20,153.0,50.0,long_mixed_workload,16.0,153.0,153.0,153.0,128.0,20.0,152.0,2026-07-20 23:53:12+00:00,31.0,0.0,0.0,0.0,153.0,153.0,153.0,0.0,0.0,103.0
2026-07-20 23:52:57+00:00,20,20,152.0,50.0,long_mixed_workload,16.0,153.0,153.0,153.0,153.0,20.0,152.0,2026-07-20 23:53:28+00:00,31.0,-1.0,-1.0,-0.03333333333333333,152.75,153.0,152.0,0.5,0.0,102.0
2026-07-20 23:53:12+00:00,20,20,152.0,50.0,long_mixed_workload,15.0,152.0,153.0,153.0,153.0,20.0,152.0,2026-07-20 23:53:43+00:00,31.0,0.0,-1.0,-0.03333333333333333,152.5,153.0,152.0,0.5773502691896257,0.0,102.0
2026-07-20 23:53:28+00:00,20,20,152.0,50.0,long_mixed_workload,16.0,152.0,152.0,153.0,153.0,20.0,154.0,2026-07-20 23:53:59+00:00,31.0,0.0,0.0,0.0,152.25,153.0,152.0,0.5,0.0,102.0
2026-07-20 23:53:43+00:00,20,20,152.0,50.0,long_mixed_workload,15.0,152.0,152.0,152.0,153.0,20.0,153.0,2026-07-20 23:54:15+00:00,32.0,0.0,0.0,0.0,152.0,152.0,152.0,0.0,0.0,102.0
2026-07-20 23:53:59+00:00,20,20,154.0,50.0,long_mixed_workload,16.0,152.0,152.0,152.0,152.0,20.0,154.0,2026-07-20 23:54:30+00:00,31.0,2.0,2.0,0.06666666666666667,152.5,154.0,152.0,1.0,0.0,104.0
2026-07-20 23:54:15+00:00,20,20,153.0,50.0,long_mixed_workload,16.0,154.0,152.0,152.0,152.0,20.0,153.0,2026-07-20 23:54:46+00:00,31.0,-1.0,1.0,0.03333333333333333,152.75,154.0,152.0,0.9574271077563381,0.0,103.0
2026-07-20 23:54:30+00:00,20,20,154.0,50.0,long_mixed_workload,15.0,153.0,154.0,152.0,152.0,20.0,152.0,2026-07-20 23:55:01+00:00,31.0,1.0,0.0,0.0,153.25,154.0,152.0,0.9574271077563381,0.0,104.0
2026-07-20 23:54:46+00:00,20,20,153.0,50.0,long_mixed_workload,16.0,154.0,153.0,154.0,152.0,20.0,152.0,2026-07-20 23:55:17+00:00,31.0,-1.0,0.0,0.0,153.5,154.0,153.0,0.5773502691896257,0.0,103.0
2026-07-20 23:55:01+00:00,20,20,152.0,50.0,long_mixed_workload,15.0,153.0,154.0,153.0,154.0,20.0,152.0,2026-07-20 23:55:33+00:00,32.0,-1.0,-2.0,-0.06666666666666667,153.0,154.0,152.0,0.816496580927726,0.0,102.0
2026-07-20 23:55:17+00:00,20,20,152.0,50.0,long_mixed_workload,16.0,152.0,153.0,154.0,153.0,20.0,152.0,2026-07-20 23:55:48+00:00,31.0,0.0,-1.0,-0.03333333333333333,152.75,154.0,152.0,0.9574271077563381,0.0,102.0
2026-07-20 23:55:33+00:00,20,20,152.0,50.0,long_mixed_workload,16.0,152.0,152.0,153.0,154.0,20.0,152.0,2026-07-20 23:56:04+00:00,31.0,0.0,0.0,0.0,152.25,153.0,152.0,0.5,0.0,102.0
2026-07-20 23:55:48+00:00,20,20,152.0,50.0,long_mixed_workload,15.0,152.0,152.0,152.0,153.0,20.0,152.0,2026-07-20 23:56:19+00:00,31.0,0.0,0.0,0.0,152.0,152.0,152.0,0.0,0.0,102.0
2026-07-20 23:56:04+00:00,20,20,152.0,50.0,long_mixed_workload,16.0,152.0,152.0,152.0,152.0,20.0,151.0,2026-07-20 23:56:35+00:00,31.0,0.0,0.0,0.0,152.0,152.0,152.0,0.0,0.0,102.0
2026-07-20 23:56:19+00:00,20,20,152.0,50.0,long_mixed_workload,15.0,152.0,152.0,152.0,152.0,20.0,153.0,2026-07-20 23:56:51+00:00,32.0,0.0,0.0,0.0,152.0,152.0,152.0,0.0,0.0,102.0
2026-07-20 23:56:35+00:00,20,20,151.0,50.0,long_mixed_workload,16.0,152.0,152.0,152.0,152.0,20.0,153.0,2026-07-20 23:57:06+00:00,31.0,-1.0,-1.0,-0.03333333333333333,151.75,152.0,151.0,0.5,0.0,101.0
2026-07-20 23:56:51+00:00,20,20,153.0,50.0,long_mixed_workload,16.0,151.0,152.0,152.0,152.0,20.0,153.0,2026-07-20 23:57:22+00:00,31.0,2.0,1.0,0.03333333333333333,152.0,153.0,151.0,0.816496580927726,0.0,103.0
2026-07-20 23:57:06+00:00,20,20,153.0,50.0,long_mixed_workload,15.0,153.0,151.0,152.0,152.0,20.0,153.0,2026-07-20 23:57:37+00:00,31.0,0.0,2.0,0.06666666666666667,152.25,153.0,151.0,0.9574271077563381,0.0,103.0
2026-07-20 23:57:22+00:00,20,20,153.0,50.0,long_mixed_workload,16.0,153.0,153.0,151.0,152.0,20.0,153.0,2026-07-20 23:57:54+00:00,32.0,0.0,0.0,0.0,152.5,153.0,151.0,1.0,0.0,103.0
2026-07-20 23:57:37+00:00,20,20,153.0,50.0,long_mixed_workload,15.0,153.0,153.0,153.0,151.0,20.0,153.0,2026-07-20 23:58:09+00:00,32.0,0.0,0.0,0.0,153.0,153.0,153.0,0.0,0.0,103.0
2026-07-20 23:57:54+00:00,20,20,153.0,50.0,long_mixed_workload,17.0,153.0,153.0,153.0,153.0,20.0,153.0,2026-07-20 23:58:25+00:00,31.0,0.0,0.0,0.0,153.0,153.0,153.0,0.0,0.0,103.0
2026-07-20 23:58:09+00:00,20,20,153.0,50.0,long_mixed_workload,15.0,153.0,153.0,153.0,153.0,20.0,153.0,2026-07-20 23:58:40+00:00,31.0,0.0,0.0,0.0,153.0,153.0,153.0,0.0,0.0,103.0
2026-07-20 23:58:25+00:00,20,20,153.0,50.0,long_mixed_workload,16.0,153.0,153.0,153.0,153.0,20.0,152.0,2026-07-20 23:58:56+00:00,31.0,0.0,0.0,0.0,153.0,153.0,153.0,0.0,0.0,103.0
2026-07-20 23:58:40+00:00,20,20,153.0,50.0,long_mixed_workload,15.0,153.0,153.0,153.0,153.0,20.0,153.0,2026-07-20 23:59:12+00:00,32.0,0.0,0.0,0.0,153.0,153.0,153.0,0.0,0.0,103.0
2026-07-20 23:58:56+00:00,20,20,152.0,50.0,long_mixed_workload,16.0,153.0,153.0,153.0,153.0,20.0,152.0,2026-07-20 23:59:27+00:00,31.0,-1.0,-1.0,-0.03333333333333333,152.75,153.0,152.0,0.5,0.0,102.0
2026-07-20 23:59:12+00:00,20,20,153.0,50.0,long_mixed_workload,16.0,152.0,153.0,153.0,153.0,20.0,152.0,2026-07-20 23:59:43+00:00,31.0,1.0,0.0,0.0,152.75,153.0,152.0,0.5,0.0,103.0
2026-07-20 23:59:27+00:00,20,20,152.0,50.0,long_mixed_workload,15.0,153.0,152.0,153.0,153.0,20.0,143.0,2026-07-20 23:59:59+00:00,32.0,-1.0,0.0,0.0,152.5,153.0,152.0,0.5773502691896257,0.0,102.0
2026-07-20 23:59:43+00:00,20,20,152.0,50.0,long_mixed_workload,16.0,152.0,153.0,152.0,153.0,20.0,147.0,2026-07-21 00:00:14+00:00,31.0,0.0,-1.0,-0.03333333333333333,152.25,153.0,152.0,0.5,0.0,102.0
2026-07-20 23:59:59+00:00,20,20,143.0,50.0,long_mixed_workload,16.0,152.0,152.0,153.0,152.0,20.0,143.0,2026-07-21 00:00:30+00:00,31.0,-9.0,-9.0,-0.3,150.0,153.0,143.0,4.69041575982343,0.0,93.0
2026-07-21 00:00:14+00:00,20,20,147.0,50.0,long_mixed_workload,15.0,143.0,152.0,152.0,153.0,20.0,143.0,2026-07-21 00:00:45+00:00,31.0,4.0,-5.0,-0.16666666666666666,148.5,152.0,143.0,4.358898943540674,0.0,97.0
2026-07-21 00:00:30+00:00,20,20,143.0,50.0,long_mixed_workload,16.0,147.0,143.0,152.0,152.0,20.0,128.0,2026-07-21 00:01:01+00:00,31.0,-4.0,0.0,0.0,146.25,152.0,143.0,4.272001872658765,0.0,93.0
2026-07-21 00:00:45+00:00,20,20,143.0,50.0,long_mixed_workload,15.0,143.0,147.0,143.0,152.0,20.0,128.0,2026-07-21 00:01:17+00:00,32.0,0.0,-4.0,-0.13333333333333333,144.0,147.0,143.0,2.0,0.0,93.0
2026-07-21 00:01:01+00:00,20,20,128.0,50.0,long_mixed_workload,16.0,143.0,143.0,147.0,143.0,20.0,124.0,2026-07-21 00:01:32+00:00,31.0,-15.0,-15.0,-0.5,140.25,147.0,128.0,8.381527307120106,0.0,78.0
2026-07-21 00:01:17+00:00,20,20,128.0,50.0,long_mixed_workload,16.0,128.0,143.0,143.0,147.0,20.0,128.0,2026-07-21 00:01:48+00:00,31.0,0.0,-15.0,-0.5,135.5,143.0,128.0,8.660254037844387,0.0,78.0
2026-07-21 00:01:32+00:00,20,20,124.0,50.0,long_mixed_workload,15.0,128.0,128.0,143.0,143.0,20.0,152.0,2026-07-21 00:02:04+00:00,32.0,-4.0,-4.0,-0.13333333333333333,130.75,143.0,124.0,8.381527307120106,0.0,74.0
2026-07-21 00:01:48+00:00,20,20,128.0,50.0,long_mixed_workload,16.0,124.0,128.0,128.0,143.0,20.0,152.0,2026-07-21 00:02:19+00:00,31.0,4.0,0.0,0.0,127.0,128.0,124.0,2.0,0.0,78.0
2026-07-21 00:02:04+00:00,20,20,152.0,50.0,long_mixed_workload,16.0,128.0,124.0,128.0,128.0,20.0,152.0,2026-07-21 00:02:35+00:00,31.0,24.0,28.0,0.9333333333333333,133.0,152.0,124.0,12.806248474865697,0.0,102.0
2026-07-21 00:02:19+00:00,20,20,152.0,50.0,long_mixed_workload,15.0,152.0,128.0,124.0,128.0,20.0,152.0,2026-07-21 00:02:51+00:00,32.0,0.0,24.0,0.8,139.0,152.0,124.0,15.0996688705415,0.0,102.0
2026-07-21 00:02:35+00:00,20,20,152.0,50.0,long_mixed_workload,16.0,152.0,152.0,128.0,124.0,20.0,151.0,2026-07-21 00:03:06+00:00,31.0,0.0,0.0,0.0,146.0,152.0,128.0,12.0,0.0,102.0
2026-07-21 00:02:51+00:00,20,20,152.0,50.0,long_mixed_workload,16.0,152.0,152.0,152.0,128.0,20.0,152.0,2026-07-21 00:03:22+00:00,31.0,0.0,0.0,0.0,152.0,152.0,152.0,0.0,0.0,102.0
2026-07-21 00:03:06+00:00,20,20,151.0,50.0,long_mixed_workload,15.0,152.0,152.0,152.0,152.0,20.0,152.0,2026-07-21 00:03:37+00:00,31.0,-1.0,-1.0,-0.03333333333333333,151.75,152.0,151.0,0.5,0.0,101.0
2026-07-21 00:03:22+00:00,20,20,152.0,50.0,long_mixed_workload,16.0,151.0,152.0,152.0,152.0,20.0,153.0,2026-07-21 00:03:53+00:00,31.0,1.0,0.0,0.0,151.75,152.0,151.0,0.5,0.0,102.0
2026-07-21 00:03:37+00:00,20,20,152.0,50.0,long_mixed_workload,15.0,152.0,151.0,152.0,152.0,20.0,153.0,2026-07-21 00:04:09+00:00,32.0,0.0,1.0,0.03333333333333333,151.75,152.0,151.0,0.5,0.0,102.0
2026-07-21 00:03:53+00:00,20,20,153.0,50.0,long_mixed_workload,16.0,152.0,152.0,151.0,152.0,20.0,153.0,2026-07-21 00:04:24+00:00,31.0,1.0,1.0,0.03333333333333333,152.0,153.0,151.0,0.816496580927726,0.0,103.0
2026-07-21 00:04:09+00:00,20,20,153.0,50.0,long_mixed_workload,16.0,153.0,152.0,152.0,151.0,20.0,153.0,2026-07-21 00:04:40+00:00,31.0,0.0,1.0,0.03333333333333333,152.5,153.0,152.0,0.5773502691896257,0.0,103.0
2026-07-21 00:04:24+00:00,20,20,153.0,50.0,long_mixed_workload,15.0,153.0,153.0,152.0,152.0,20.0,152.0,2026-07-21 00:04:56+00:00,32.0,0.0,0.0,0.0,152.75,153.0,152.0,0.5,0.0,103.0
2026-07-21 00:04:40+00:00,20,20,153.0,50.0,long_mixed_workload,16.0,153.0,153.0,153.0,152.0,20.0,152.0,2026-07-21 00:05:11+00:00,31.0,0.0,0.0,0.0,153.0,153.0,153.0,0.0,0.0,103.0
2026-07-21 00:04:56+00:00,20,20,152.0,50.0,long_mixed_workload,16.0,153.0,153.0,153.0,153.0,20.0,152.0,2026-07-21 00:05:27+00:00,31.0,-1.0,-1.0,-0.03333333333333333,152.75,153.0,152.0,0.5,0.0,102.0
2026-07-21 00:05:11+00:00,20,20,152.0,50.0,long_mixed_workload,15.0,152.0,153.0,153.0,153.0,20.0,151.0,2026-07-21 00:05:42+00:00,31.0,0.0,-1.0,-0.03333333333333333,152.5,153.0,152.0,0.5773502691896257,0.0,102.0
2026-07-21 00:05:27+00:00,20,20,152.0,50.0,long_mixed_workload,16.0,152.0,152.0,153.0,153.0,20.0,151.0,2026-07-21 00:05:58+00:00,31.0,0.0,0.0,0.0,152.25,153.0,152.0,0.5,0.0,102.0
2026-07-21 00:05:42+00:00,20,20,151.0,50.0,long_mixed_workload,15.0,152.0,152.0,152.0,153.0,20.0,151.0,2026-07-21 00:06:14+00:00,32.0,-1.0,-1.0,-0.03333333333333333,151.75,152.0,151.0,0.5,0.0,101.0
2026-07-21 00:05:58+00:00,20,20,151.0,50.0,long_mixed_workload,16.0,151.0,152.0,152.0,152.0,20.0,151.0,2026-07-21 00:06:29+00:00,31.0,0.0,-1.0,-0.03333333333333333,151.5,152.0,151.0,0.5773502691896257,0.0,101.0
2026-07-21 00:06:14+00:00,20,20,151.0,50.0,long_mixed_workload,16.0,151.0,151.0,152.0,152.0,20.0,152.0,2026-07-21 00:06:45+00:00,31.0,0.0,0.0,0.0,151.25,152.0,151.0,0.5,0.0,101.0
2026-07-21 00:06:29+00:00,20,20,151.0,50.0,long_mixed_workload,15.0,151.0,151.0,151.0,152.0,20.0,155.0,2026-07-21 00:07:01+00:00,32.0,0.0,0.0,0.0,151.0,151.0,151.0,0.0,0.0,101.0
2026-07-21 00:06:45+00:00,20,20,152.0,50.0,long_mixed_workload,16.0,151.0,151.0,151.0,151.0,20.0,155.0,2026-07-21 00:07:16+00:00,31.0,1.0,1.0,0.03333333333333333,151.25,152.0,151.0,0.5,0.0,102.0
2026-07-21 00:07:01+00:00,20,20,155.0,50.0,long_mixed_workload,16.0,152.0,151.0,151.0,151.0,20.0,155.0,2026-07-21 00:07:32+00:00,31.0,3.0,4.0,0.13333333333333333,152.25,155.0,151.0,1.8929694486000912,0.0,105.0
2026-07-21 00:07:16+00:00,20,20,155.0,50.0,long_mixed_workload,15.0,155.0,152.0,151.0,151.0,20.0,147.0,2026-07-21 00:07:48+00:00,32.0,0.0,3.0,0.1,153.25,155.0,151.0,2.0615528128088303,0.0,105.0
2026-07-21 00:07:32+00:00,20,20,155.0,50.0,long_mixed_workload,16.0,155.0,155.0,152.0,151.0,20.0,146.0,2026-07-21 00:08:03+00:00,31.0,0.0,0.0,0.0,154.25,155.0,152.0,1.5,0.0,105.0
2026-07-21 00:07:48+00:00,20,20,147.0,50.0,long_mixed_workload,16.0,155.0,155.0,155.0,152.0,20.0,147.0,2026-07-21 00:08:19+00:00,31.0,-8.0,-8.0,-0.26666666666666666,153.0,155.0,147.0,4.0,0.0,97.0
2026-07-21 00:08:03+00:00,20,20,146.0,50.0,long_mixed_workload,15.0,147.0,155.0,155.0,155.0,20.0,146.0,2026-07-21 00:08:35+00:00,32.0,-1.0,-9.0,-0.3,150.75,155.0,146.0,4.924428900898052,0.0,96.0
2026-07-21 00:08:19+00:00,20,20,147.0,50.0,long_mixed_workload,16.0,146.0,147.0,155.0,155.0,20.0,151.0,2026-07-21 00:08:50+00:00,31.0,1.0,0.0,0.0,148.75,155.0,146.0,4.193248541803041,0.0,97.0
2026-07-21 00:08:35+00:00,20,20,146.0,50.0,long_mixed_workload,16.0,147.0,146.0,147.0,155.0,20.0,152.0,2026-07-21 00:09:06+00:00,31.0,-1.0,0.0,0.0,146.5,147.0,146.0,0.5773502691896257,0.0,96.0
2026-07-21 00:08:50+00:00,20,20,151.0,50.0,long_mixed_workload,15.0,146.0,147.0,146.0,147.0,20.0,151.0,2026-07-21 00:09:22+00:00,32.0,5.0,4.0,0.13333333333333333,147.5,151.0,146.0,2.3804761428476167,0.0,101.0
2026-07-21 00:09:06+00:00,20,20,152.0,50.0,long_mixed_workload,16.0,151.0,146.0,147.0,146.0,20.0,151.0,2026-07-21 00:09:37+00:00,31.0,1.0,6.0,0.2,149.0,152.0,146.0,2.943920288775949,0.0,102.0
2026-07-21 00:09:22+00:00,20,20,151.0,50.0,long_mixed_workload,16.0,152.0,151.0,146.0,147.0,20.0,146.0,2026-07-21 00:09:53+00:00,31.0,-1.0,0.0,0.0,150.0,152.0,146.0,2.70801280154532,0.0,101.0
2026-07-21 00:09:37+00:00,20,20,151.0,50.0,long_mixed_workload,15.0,151.0,152.0,151.0,146.0,20.0,144.0,2026-07-21 00:10:09+00:00,32.0,0.0,-1.0,-0.03333333333333333,151.25,152.0,151.0,0.5,0.0,101.0
2026-07-21 00:09:53+00:00,20,20,146.0,50.0,long_mixed_workload,16.0,151.0,151.0,152.0,151.0,20.0,146.0,2026-07-21 00:10:24+00:00,31.0,-5.0,-5.0,-0.16666666666666666,150.0,152.0,146.0,2.70801280154532,0.0,96.0
2026-07-21 00:10:09+00:00,20,20,144.0,50.0,long_mixed_workload,16.0,146.0,151.0,151.0,152.0,20.0,144.0,2026-07-21 00:10:40+00:00,31.0,-2.0,-7.0,-0.23333333333333334,148.0,151.0,144.0,3.559026084010437,0.0,94.0
2026-07-21 00:10:24+00:00,20,20,146.0,50.0,long_mixed_workload,15.0,144.0,146.0,151.0,151.0,20.0,127.0,2026-07-21 00:10:55+00:00,31.0,2.0,0.0,0.0,146.75,151.0,144.0,2.9860788111948193,0.0,96.0
2026-07-21 00:10:40+00:00,20,20,144.0,50.0,long_mixed_workload,16.0,146.0,144.0,146.0,151.0,20.0,124.0,2026-07-21 00:11:11+00:00,31.0,-2.0,0.0,0.0,145.0,146.0,144.0,1.1547005383792515,0.0,94.0
2026-07-21 00:10:55+00:00,20,20,127.0,50.0,long_mixed_workload,15.0,144.0,146.0,144.0,146.0,20.0,124.0,2026-07-21 00:11:27+00:00,32.0,-17.0,-19.0,-0.6333333333333333,140.25,146.0,127.0,8.88350531415762,0.0,77.0
2026-07-21 00:11:11+00:00,20,20,124.0,50.0,long_mixed_workload,16.0,127.0,144.0,146.0,144.0,20.0,151.0,2026-07-21 00:11:42+00:00,31.0,-3.0,-20.0,-0.6666666666666666,135.25,146.0,124.0,11.354147553500733,0.0,74.0
2026-07-21 00:11:27+00:00,20,20,124.0,50.0,long_mixed_workload,16.0,124.0,127.0,144.0,146.0,20.0,150.0,2026-07-21 00:11:58+00:00,31.0,0.0,-3.0,-0.1,129.75,144.0,124.0,9.604686356149273,0.0,74.0
2026-07-21 00:11:42+00:00,20,20,151.0,50.0,long_mixed_workload,15.0,124.0,124.0,127.0,144.0,20.0,150.0,2026-07-21 00:12:14+00:00,32.0,27.0,27.0,0.9,131.5,151.0,124.0,13.076696830622021,0.0,101.0
2026-07-21 00:11:58+00:00,20,20,150.0,50.0,long_mixed_workload,16.0,151.0,124.0,124.0,127.0,20.0,150.0,2026-07-21 00:12:29+00:00,31.0,-1.0,26.0,0.8666666666666667,137.25,151.0,124.0,15.305227865013967,0.0,100.0
2026-07-21 00:12:14+00:00,20,20,150.0,50.0,long_mixed_workload,16.0,150.0,151.0,124.0,124.0,20.0,121.0,2026-07-21 00:12:45+00:00,31.0,0.0,-1.0,-0.03333333333333333,143.75,151.0,124.0,13.175102782647782,0.0,100.0
2026-07-21 00:12:29+00:00,20,20,150.0,50.0,long_mixed_workload,15.0,150.0,150.0,151.0,124.0,20.0,114.0,2026-07-21 00:13:00+00:00,31.0,0.0,0.0,0.0,150.25,151.0,150.0,0.5,0.0,100.0
2026-07-21 00:12:45+00:00,20,20,121.0,50.0,long_mixed_workload,16.0,150.0,150.0,150.0,151.0,20.0,114.0,2026-07-21 00:13:16+00:00,31.0,-29.0,-29.0,-0.9666666666666667,142.75,150.0,121.0,14.5,0.0,71.0
2026-07-21 00:13:00+00:00,20,20,114.0,50.0,long_mixed_workload,15.0,121.0,150.0,150.0,150.0,20.0,114.0,2026-07-21 00:13:32+00:00,32.0,-7.0,-36.0,-1.2,133.75,150.0,114.0,18.980252896102307,0.0,64.0
2026-07-21 00:13:16+00:00,20,20,114.0,50.0,long_mixed_workload,16.0,114.0,121.0,150.0,150.0,20.0,114.0,2026-07-21 00:13:47+00:00,31.0,0.0,-7.0,-0.23333333333333334,124.75,150.0,114.0,17.153716798408443,0.0,64.0
2026-07-21 00:13:32+00:00,20,20,114.0,50.0,long_mixed_workload,16.0,114.0,114.0,121.0,150.0,20.0,4.0,2026-07-21 00:14:03+00:00,31.0,0.0,0.0,0.0,115.75,121.0,114.0,3.5,0.0,64.0
2026-07-21 00:13:47+00:00,20,20,114.0,50.0,long_mixed_workload,15.0,114.0,114.0,114.0,121.0,20.0,6.0,2026-07-21 00:14:18+00:00,31.0,0.0,0.0,0.0,114.0,114.0,114.0,0.0,0.0,64.0
2026-07-21 00:14:03+00:00,20,20,4.0,50.0,long_mixed_workload,16.0,114.0,114.0,114.0,114.0,20.0,4.0,2026-07-21 00:14:34+00:00,31.0,-110.0,-110.0,-3.6666666666666665,86.5,114.0,4.0,55.0,0.0,-46.0
2026-07-21 00:14:18+00:00,20,20,6.0,50.0,long_mixed_workload,15.0,4.0,114.0,114.0,114.0,20.0,4.0,2026-07-21 00:14:50+00:00,32.0,2.0,-108.0,-3.6,59.5,114.0,4.0,62.93647591023825,0.0,-44.0
2026-07-21 00:14:34+00:00,20,20,4.0,50.0,long_mixed_workload,16.0,6.0,4.0,114.0,114.0,20.0,0.0,2026-07-21 00:15:05+00:00,31.0,-2.0,0.0,0.0,32.0,114.0,4.0,54.674796143500465,0.0,-46.0
2026-07-21 00:14:50+00:00,20,20,4.0,50.0,long_mixed_workload,16.0,4.0,6.0,4.0,114.0,20.0,0.0,2026-07-21 00:15:21+00:00,31.0,0.0,-2.0,-0.06666666666666667,4.5,6.0,4.0,1.0,0.0,-46.0
2026-07-21 00:15:05+00:00,20,20,0.0,50.0,long_mixed_workload,15.0,4.0,4.0,6.0,4.0,20.0,0.0,2026-07-21 00:15:37+00:00,32.0,-4.0,-4.0,-0.13333333333333333,3.5,6.0,0.0,2.516611478423583,0.0,-50.0
2026-07-21 00:15:21+00:00,20,20,0.0,50.0,long_mixed_workload,16.0,0.0,4.0,4.0,6.0,20.0,0.0,2026-07-21 00:15:52+00:00,31.0,0.0,-4.0,-0.13333333333333333,2.0,4.0,0.0,2.309401076758503,0.0,-50.0
2026-07-21 00:15:37+00:00,20,20,0.0,50.0,long_mixed_workload,16.0,0.0,0.0,4.0,4.0,20.0,0.0,2026-07-21 00:16:08+00:00,31.0,0.0,0.0,0.0,1.0,4.0,0.0,2.0,0.0,-50.0
2026-07-21 00:15:52+00:00,20,20,0.0,50.0,long_mixed_workload,15.0,0.0,0.0,0.0,4.0,20.0,0.0,2026-07-21 00:16:23+00:00,31.0,0.0,0.0,0.0,0.0,0.0,0.0,0.0,0.0,-50.0
2026-07-21 00:16:08+00:00,20,20,0.0,50.0,long_mixed_workload,16.0,0.0,0.0,0.0,0.0,20.0,0.0,2026-07-21 00:16:39+00:00,31.0,0.0,0.0,0.0,0.0,0.0,0.0,0.0,0.0,-50.0
2026-07-21 00:16:23+00:00,20,20,0.0,50.0,long_mixed_workload,15.0,0.0,0.0,0.0,0.0,20.0,0.0,2026-07-21 00:16:55+00:00,32.0,0.0,0.0,0.0,0.0,0.0,0.0,0.0,0.0,-50.0
2026-07-21 00:16:39+00:00,20,20,0.0,50.0,long_mixed_workload,16.0,0.0,0.0,0.0,0.0,20.0,0.0,2026-07-21 00:17:10+00:00,31.0,0.0,0.0,0.0,0.0,0.0,0.0,0.0,0.0,-50.0
2026-07-21 00:16:55+00:00,20,20,0.0,50.0,long_mixed_workload,16.0,0.0,0.0,0.0,0.0,20.0,0.0,2026-07-21 00:17:26+00:00,31.0,0.0,0.0,0.0,0.0,0.0,0.0,0.0,0.0,-50.0
2026-07-21 00:17:10+00:00,20,20,0.0,50.0,long_mixed_workload,15.0,0.0,0.0,0.0,0.0,20.0,0.0,2026-07-21 00:17:41+00:00,31.0,0.0,0.0,0.0,0.0,0.0,0.0,0.0,0.0,-50.0
2026-07-21 00:17:26+00:00,20,20,0.0,50.0,long_mixed_workload,16.0,0.0,0.0,0.0,0.0,20.0,0.0,2026-07-21 00:17:57+00:00,31.0,0.0,0.0,0.0,0.0,0.0,0.0,0.0,0.0,-50.0
2026-07-21 00:17:41+00:00,20,20,0.0,50.0,long_mixed_workload,15.0,0.0,0.0,0.0,0.0,20.0,0.0,2026-07-21 00:18:13+00:00,32.0,0.0,0.0,0.0,0.0,0.0,0.0,0.0,0.0,-50.0
2026-07-21 00:17:57+00:00,20,20,0.0,50.0,long_mixed_workload,16.0,0.0,0.0,0.0,0.0,20.0,0.0,2026-07-21 00:18:28+00:00,31.0,0.0,0.0,0.0,0.0,0.0,0.0,0.0,0.0,-50.0
2026-07-21 00:18:13+00:00,20,20,0.0,50.0,long_mixed_workload,16.0,0.0,0.0,0.0,0.0,20.0,0.0,2026-07-21 00:18:44+00:00,31.0,0.0,0.0,0.0,0.0,0.0,0.0,0.0,0.0,-50.0
2026-07-21 00:18:28+00:00,20,20,0.0,50.0,long_mixed_workload,15.0,0.0,0.0,0.0,0.0,20.0,0.0,2026-07-21 00:19:00+00:00,32.0,0.0,0.0,0.0,0.0,0.0,0.0,0.0,0.0,-50.0
2026-07-21 00:18:44+00:00,20,2,0.0,50.0,long_mixed_workload,16.0,0.0,0.0,0.0,0.0,20.0,0.0,2026-07-21 00:19:15+00:00,31.0,0.0,0.0,0.0,0.0,0.0,0.0,0.0,0.0,-50.0
2026-07-21 00:19:00+00:00,2,2,0.0,50.0,long_mixed_workload,16.0,0.0,0.0,0.0,0.0,20.0,0.0,2026-07-21 00:19:31+00:00,31.0,0.0,0.0,0.0,0.0,0.0,0.0,0.0,-18.0,-50.0
2026-07-21 00:19:15+00:00,2,1,0.0,50.0,long_mixed_workload,15.0,0.0,0.0,0.0,0.0,2.0,0.0,2026-07-21 00:19:47+00:00,32.0,0.0,0.0,0.0,0.0,0.0,0.0,0.0,0.0,-50.0
2026-07-21 00:19:31+00:00,1,1,0.0,50.0,long_mixed_workload,16.0,0.0,0.0,0.0,0.0,2.0,0.0,2026-07-21 00:20:03+00:00,32.0,0.0,0.0,0.0,0.0,0.0,0.0,0.0,-1.0,-50.0
2026-07-21 00:19:47+00:00,1,1,0.0,50.0,long_mixed_workload,16.0,0.0,0.0,0.0,0.0,1.0,0.0,2026-07-21 00:20:19+00:00,32.0,0.0,0.0,0.0,0.0,0.0,0.0,0.0,0.0,-50.0
2026-07-21 00:20:03+00:00,1,1,0.0,50.0,long_mixed_workload,16.0,0.0,0.0,0.0,0.0,1.0,0.0,2026-07-21 00:20:34+00:00,31.0,0.0,0.0,0.0,0.0,0.0,0.0,0.0,0.0,-50.0
2026-07-21 00:20:19+00:00,1,1,0.0,50.0,long_mixed_workload,16.0,0.0,0.0,0.0,0.0,1.0,0.0,2026-07-21 00:20:50+00:00,31.0,0.0,0.0,0.0,0.0,0.0,0.0,0.0,0.0,-50.0
2026-07-21 00:20:34+00:00,1,1,0.0,50.0,long_mixed_workload,15.0,0.0,0.0,0.0,0.0,1.0,0.0,2026-07-21 00:21:06+00:00,32.0,0.0,0.0,0.0,0.0,0.0,0.0,0.0,0.0,-50.0
2026-07-21 00:20:50+00:00,1,1,0.0,50.0,long_mixed_workload,16.0,0.0,0.0,0.0,0.0,1.0,0.0,2026-07-21 00:21:22+00:00,32.0,0.0,0.0,0.0,0.0,0.0,0.0,0.0,0.0,-50.0
2026-07-21 00:21:06+00:00,1,1,0.0,50.0,long_mixed_workload,16.0,0.0,0.0,0.0,0.0,1.0,0.0,2026-07-21 00:21:37+00:00,31.0,0.0,0.0,0.0,0.0,0.0,0.0,0.0,0.0,-50.0
2026-07-21 00:21:22+00:00,1,1,0.0,50.0,long_mixed_workload,16.0,0.0,0.0,0.0,0.0,1.0,0.0,2026-07-21 00:21:53+00:00,31.0,0.0,0.0,0.0,0.0,0.0,0.0,0.0,0.0,-50.0
2026-07-21 00:21:37+00:00,1,1,0.0,50.0,long_mixed_workload,15.0,0.0,0.0,0.0,0.0,1.0,0.0,2026-07-21 00:22:09+00:00,32.0,0.0,0.0,0.0,0.0,0.0,0.0,0.0,0.0,-50.0
2026-07-21 00:21:53+00:00,1,1,0.0,50.0,long_mixed_workload,16.0,0.0,0.0,0.0,0.0,1.0,0.0,2026-07-21 00:22:24+00:00,31.0,0.0,0.0,0.0,0.0,0.0,0.0,0.0,0.0,-50.0
2026-07-21 00:22:09+00:00,1,1,0.0,50.0,long_mixed_workload,16.0,0.0,0.0,0.0,0.0,1.0,0.0,2026-07-21 00:22:40+00:00,31.0,0.0,0.0,0.0,0.0,0.0,0.0,0.0,0.0,-50.0
2026-07-21 00:22:24+00:00,1,1,0.0,50.0,long_mixed_workload,15.0,0.0,0.0,0.0,0.0,1.0,0.0,2026-07-21 00:22:56+00:00,32.0,0.0,0.0,0.0,0.0,0.0,0.0,0.0,0.0,-50.0
2026-07-21 00:22:40+00:00,1,1,0.0,50.0,long_mixed_workload,16.0,0.0,0.0,0.0,0.0,1.0,0.0,2026-07-21 00:23:11+00:00,31.0,0.0,0.0,0.0,0.0,0.0,0.0,0.0,0.0,-50.0
2026-07-21 00:22:56+00:00,1,1,0.0,50.0,long_mixed_workload,16.0,0.0,0.0,0.0,0.0,1.0,0.0,2026-07-21 00:23:27+00:00,31.0,0.0,0.0,0.0,0.0,0.0,0.0,0.0,0.0,-50.0
2026-07-21 00:23:11+00:00,1,1,0.0,50.0,long_mixed_workload,15.0,0.0,0.0,0.0,0.0,1.0,0.0,2026-07-21 00:23:42+00:00,31.0,0.0,0.0,0.0,0.0,0.0,0.0,0.0,0.0,-50.0
2026-07-21 00:23:27+00:00,1,1,0.0,50.0,long_mixed_workload,16.0,0.0,0.0,0.0,0.0,1.0,0.0,2026-07-21 00:23:58+00:00,31.0,0.0,0.0,0.0,0.0,0.0,0.0,0.0,0.0,-50.0
2026-07-21 00:23:42+00:00,1,1,0.0,50.0,long_mixed_workload,15.0,0.0,0.0,0.0,0.0,1.0,0.0,2026-07-21 00:24:14+00:00,32.0,0.0,0.0,0.0,0.0,0.0,0.0,0.0,0.0,-50.0
2026-07-21 00:23:58+00:00,1,1,0.0,50.0,long_mixed_workload,16.0,0.0,0.0,0.0,0.0,1.0,0.0,2026-07-21 00:24:29+00:00,31.0,0.0,0.0,0.0,0.0,0.0,0.0,0.0,0.0,-50.0
2026-07-21 00:24:14+00:00,1,1,0.0,50.0,long_mixed_workload,16.0,0.0,0.0,0.0,0.0,1.0,0.0,2026-07-21 00:24:45+00:00,31.0,0.0,0.0,0.0,0.0,0.0,0.0,0.0,0.0,-50.0
2026-07-21 00:24:29+00:00,1,1,0.0,50.0,long_mixed_workload,15.0,0.0,0.0,0.0,0.0,1.0,0.0,2026-07-21 00:25:01+00:00,32.0,0.0,0.0,0.0,0.0,0.0,0.0,0.0,0.0,-50.0
2026-07-21 00:24:45+00:00,1,1,0.0,50.0,long_mixed_workload,16.0,0.0,0.0,0.0,0.0,1.0,0.0,2026-07-21 00:25:17+00:00,32.0,0.0,0.0,0.0,0.0,0.0,0.0,0.0,0.0,-50.0
2026-07-21 00:25:01+00:00,1,1,0.0,50.0,long_mixed_workload,16.0,0.0,0.0,0.0,0.0,1.0,0.0,2026-07-21 00:25:32+00:00,31.0,0.0,0.0,0.0,0.0,0.0,0.0,0.0,0.0,-50.0
2026-07-21 00:25:17+00:00,1,1,0.0,50.0,long_mixed_workload,16.0,0.0,0.0,0.0,0.0,1.0,0.0,2026-07-21 00:25:48+00:00,31.0,0.0,0.0,0.0,0.0,0.0,0.0,0.0,0.0,-50.0
2026-07-21 00:25:32+00:00,1,1,0.0,50.0,long_mixed_workload,15.0,0.0,0.0,0.0,0.0,1.0,0.0,2026-07-21 00:26:04+00:00,32.0,0.0,0.0,0.0,0.0,0.0,0.0,0.0,0.0,-50.0
2026-07-21 00:25:48+00:00,1,1,0.0,50.0,long_mixed_workload,16.0,0.0,0.0,0.0,0.0,1.0,0.0,2026-07-21 00:26:20+00:00,32.0,0.0,0.0,0.0,0.0,0.0,0.0,0.0,0.0,-50.0
2026-07-21 22:18:05+00:00,1,1,0.0,50.0,long_mixed_workload,16.0,0.0,0.0,0.0,0.0,1.0,0.0,2026-07-21 22:18:37+00:00,32.0,0.0,0.0,0.0,0.0,0.0,0.0,0.0,0.0,-50.0
2026-07-21 22:18:21+00:00,1,1,0.0,50.0,long_mixed_workload,16.0,0.0,0.0,0.0,0.0,1.0,0.0,2026-07-21 22:18:53+00:00,32.0,0.0,0.0,0.0,0.0,0.0,0.0,0.0,0.0,-50.0
2026-07-21 22:18:37+00:00,1,1,0.0,50.0,long_mixed_workload,16.0,0.0,0.0,0.0,0.0,1.0,0.0,2026-07-21 22:19:09+00:00,32.0,0.0,0.0,0.0,0.0,0.0,0.0,0.0,0.0,-50.0
2026-07-21 22:18:53+00:00,1,1,0.0,50.0,long_mixed_workload,16.0,0.0,0.0,0.0,0.0,1.0,0.0,2026-07-21 22:19:25+00:00,32.0,0.0,0.0,0.0,0.0,0.0,0.0,0.0,0.0,-50.0
2026-07-21 22:19:09+00:00,1,1,0.0,50.0,long_mixed_workload,16.0,0.0,0.0,0.0,0.0,1.0,0.0,2026-07-21 22:19:41+00:00,32.0,0.0,0.0,0.0,0.0,0.0,0.0,0.0,0.0,-50.0
2026-07-21 22:19:25+00:00,1,1,0.0,50.0,long_mixed_workload,16.0,0.0,0.0,0.0,0.0,1.0,0.0,2026-07-21 22:19:57+00:00,32.0,0.0,0.0,0.0,0.0,0.0,0.0,0.0,0.0,-50.0
2026-07-21 22:19:41+00:00,1,1,0.0,50.0,long_mixed_workload,16.0,0.0,0.0,0.0,0.0,1.0,0.0,2026-07-21 22:20:13+00:00,32.0,0.0,0.0,0.0,0.0,0.0,0.0,0.0,0.0,-50.0
2026-07-21 22:19:57+00:00,1,1,0.0,50.0,long_mixed_workload,16.0,0.0,0.0,0.0,0.0,1.0,0.0,2026-07-21 22:20:28+00:00,31.0,0.0,0.0,0.0,0.0,0.0,0.0,0.0,0.0,-50.0
2026-07-21 22:20:13+00:00,1,1,0.0,50.0,long_mixed_workload,16.0,0.0,0.0,0.0,0.0,1.0,0.0,2026-07-21 22:20:44+00:00,31.0,0.0,0.0,0.0,0.0,0.0,0.0,0.0,0.0,-50.0
2026-07-21 22:20:28+00:00,1,1,0.0,50.0,long_mixed_workload,15.0,0.0,0.0,0.0,0.0,1.0,0.0,2026-07-21 22:21:00+00:00,32.0,0.0,0.0,0.0,0.0,0.0,0.0,0.0,0.0,-50.0
2026-07-21 22:20:44+00:00,1,1,0.0,50.0,long_mixed_workload,16.0,0.0,0.0,0.0,0.0,1.0,0.0,2026-07-21 22:21:16+00:00,32.0,0.0,0.0,0.0,0.0,0.0,0.0,0.0,0.0,-50.0
2026-07-21 22:21:00+00:00,1,1,0.0,50.0,long_mixed_workload,16.0,0.0,0.0,0.0,0.0,1.0,0.0,2026-07-21 22:21:32+00:00,32.0,0.0,0.0,0.0,0.0,0.0,0.0,0.0,0.0,-50.0
2026-07-21 22:21:16+00:00,1,1,0.0,50.0,long_mixed_workload,16.0,0.0,0.0,0.0,0.0,1.0,0.0,2026-07-21 22:21:48+00:00,32.0,0.0,0.0,0.0,0.0,0.0,0.0,0.0,0.0,-50.0
2026-07-21 22:21:32+00:00,1,1,0.0,50.0,long_mixed_workload,16.0,0.0,0.0,0.0,0.0,1.0,0.0,2026-07-21 22:22:04+00:00,32.0,0.0,0.0,0.0,0.0,0.0,0.0,0.0,0.0,-50.0
2026-07-21 22:21:48+00:00,1,1,0.0,50.0,long_mixed_workload,16.0,0.0,0.0,0.0,0.0,1.0,0.0,2026-07-21 22:22:20+00:00,32.0,0.0,0.0,0.0,0.0,0.0,0.0,0.0,0.0,-50.0
2026-07-21 22:22:04+00:00,1,1,0.0,50.0,long_mixed_workload,16.0,0.0,0.0,0.0,0.0,1.0,0.0,2026-07-21 22:22:35+00:00,31.0,0.0,0.0,0.0,0.0,0.0,0.0,0.0,0.0,-50.0
2026-07-21 22:22:20+00:00,1,1,0.0,50.0,long_mixed_workload,16.0,0.0,0.0,0.0,0.0,1.0,0.0,2026-07-21 22:22:51+00:00,31.0,0.0,0.0,0.0,0.0,0.0,0.0,0.0,0.0,-50.0
2026-07-21 22:22:35+00:00,1,1,0.0,50.0,long_mixed_workload,15.0,0.0,0.0,0.0,0.0,1.0,0.0,2026-07-21 22:23:07+00:00,32.0,0.0,0.0,0.0,0.0,0.0,0.0,0.0,0.0,-50.0
2026-07-21 22:22:51+00:00,1,1,0.0,50.0,long_mixed_workload,16.0,0.0,0.0,0.0,0.0,1.0,0.0,2026-07-21 22:23:23+00:00,32.0,0.0,0.0,0.0,0.0,0.0,0.0,0.0,0.0,-50.0
2026-07-21 22:23:07+00:00,1,1,0.0,50.0,long_mixed_workload,16.0,0.0,0.0,0.0,0.0,1.0,0.0,2026-07-21 22:23:39+00:00,32.0,0.0,0.0,0.0,0.0,0.0,0.0,0.0,0.0,-50.0
2026-07-21 22:23:23+00:00,1,1,0.0,50.0,long_mixed_workload,16.0,0.0,0.0,0.0,0.0,1.0,0.0,2026-07-21 22:23:54+00:00,31.0,0.0,0.0,0.0,0.0,0.0,0.0,0.0,0.0,-50.0
2026-07-21 22:23:39+00:00,1,1,0.0,50.0,long_mixed_workload,16.0,0.0,0.0,0.0,0.0,1.0,0.0,2026-07-21 22:24:10+00:00,31.0,0.0,0.0,0.0,0.0,0.0,0.0,0.0,0.0,-50.0
2026-07-21 22:23:54+00:00,1,1,0.0,50.0,long_mixed_workload,15.0,0.0,0.0,0.0,0.0,1.0,0.0,2026-07-21 22:24:26+00:00,32.0,0.0,0.0,0.0,0.0,0.0,0.0,0.0,0.0,-50.0
2026-07-21 22:24:10+00:00,1,1,0.0,50.0,long_mixed_workload,16.0,0.0,0.0,0.0,0.0,1.0,0.0,2026-07-21 22:24:42+00:00,32.0,0.0,0.0,0.0,0.0,0.0,0.0,0.0,0.0,-50.0
2026-07-21 22:24:26+00:00,1,1,0.0,50.0,long_mixed_workload,16.0,0.0,0.0,0.0,0.0,1.0,0.0,2026-07-21 22:24:58+00:00,32.0,0.0,0.0,0.0,0.0,0.0,0.0,0.0,0.0,-50.0
2026-07-21 22:24:42+00:00,1,1,0.0,50.0,long_mixed_workload,16.0,0.0,0.0,0.0,0.0,1.0,0.0,2026-07-21 22:25:14+00:00,32.0,0.0,0.0,0.0,0.0,0.0,0.0,0.0,0.0,-50.0
2026-07-21 22:24:58+00:00,1,1,0.0,50.0,long_mixed_workload,16.0,0.0,0.0,0.0,0.0,1.0,0.0,2026-07-21 22:25:29+00:00,31.0,0.0,0.0,0.0,0.0,0.0,0.0,0.0,0.0,-50.0
2026-07-21 22:25:14+00:00,1,1,0.0,50.0,long_mixed_workload,16.0,0.0,0.0,0.0,0.0,1.0,0.0,2026-07-21 22:25:45+00:00,31.0,0.0,0.0,0.0,0.0,0.0,0.0,0.0,0.0,-50.0
2026-07-21 22:25:29+00:00,1,1,0.0,50.0,long_mixed_workload,15.0,0.0,0.0,0.0,0.0,1.0,0.0,2026-07-21 22:26:01+00:00,32.0,0.0,0.0,0.0,0.0,0.0,0.0,0.0,0.0,-50.0
2026-07-21 22:25:45+00:00,1,1,0.0,50.0,long_mixed_workload,16.0,0.0,0.0,0.0,0.0,1.0,0.0,2026-07-21 22:26:17+00:00,32.0,0.0,0.0,0.0,0.0,0.0,0.0,0.0,0.0,-50.0
2026-07-21 22:26:01+00:00,1,1,0.0,50.0,long_mixed_workload,16.0,0.0,0.0,0.0,0.0,1.0,0.0,2026-07-21 22:26:33+00:00,32.0,0.0,0.0,0.0,0.0,0.0,0.0,0.0,0.0,-50.0
2026-07-21 22:26:17+00:00,1,1,0.0,50.0,long_mixed_workload,16.0,0.0,0.0,0.0,0.0,1.0,0.0,2026-07-21 22:26:49+00:00,32.0,0.0,0.0,0.0,0.0,0.0,0.0,0.0,0.0,-50.0
2026-07-21 22:26:33+00:00,1,1,0.0,50.0,long_mixed_workload,16.0,0.0,0.0,0.0,0.0,1.0,0.0,2026-07-21 22:27:04+00:00,31.0,0.0,0.0,0.0,0.0,0.0,0.0,0.0,0.0,-50.0
2026-07-21 22:26:49+00:00,1,1,0.0,50.0,long_mixed_workload,16.0,0.0,0.0,0.0,0.0,1.0,0.0,2026-07-21 22:27:20+00:00,31.0,0.0,0.0,0.0,0.0,0.0,0.0,0.0,0.0,-50.0
2026-07-21 22:27:04+00:00,1,1,0.0,50.0,long_mixed_workload,15.0,0.0,0.0,0.0,0.0,1.0,0.0,2026-07-21 22:27:36+00:00,32.0,0.0,0.0,0.0,0.0,0.0,0.0,0.0,0.0,-50.0
2026-07-21 22:27:20+00:00,1,1,0.0,50.0,long_mixed_workload,16.0,0.0,0.0,0.0,0.0,1.0,0.0,2026-07-21 22:27:52+00:00,32.0,0.0,0.0,0.0,0.0,0.0,0.0,0.0,0.0,-50.0
2026-07-21 22:27:36+00:00,1,1,0.0,50.0,long_mixed_workload,16.0,0.0,0.0,0.0,0.0,1.0,0.0,2026-07-21 22:28:08+00:00,32.0,0.0,0.0,0.0,0.0,0.0,0.0,0.0,0.0,-50.0
2026-07-21 22:27:52+00:00,1,1,0.0,50.0,long_mixed_workload,16.0,0.0,0.0,0.0,0.0,1.0,0.0,2026-07-21 22:28:23+00:00,31.0,0.0,0.0,0.0,0.0,0.0,0.0,0.0,0.0,-50.0
2026-07-21 22:28:08+00:00,1,1,0.0,50.0,long_mixed_workload,16.0,0.0,0.0,0.0,0.0,1.0,0.0,2026-07-21 22:28:39+00:00,31.0,0.0,0.0,0.0,0.0,0.0,0.0,0.0,0.0,-50.0
2026-07-21 22:28:23+00:00,1,1,0.0,50.0,long_mixed_workload,15.0,0.0,0.0,0.0,0.0,1.0,1.0,2026-07-21 22:28:55+00:00,32.0,0.0,0.0,0.0,0.0,0.0,0.0,0.0,0.0,-50.0
2026-07-21 22:28:39+00:00,1,1,0.0,50.0,long_mixed_workload,16.0,0.0,0.0,0.0,0.0,1.0,1.0,2026-07-21 22:29:11+00:00,32.0,0.0,0.0,0.0,0.0,0.0,0.0,0.0,0.0,-50.0
2026-07-21 22:28:55+00:00,1,1,1.0,50.0,long_mixed_workload,16.0,0.0,0.0,0.0,0.0,1.0,1.0,2026-07-21 22:29:27+00:00,32.0,1.0,1.0,0.03333333333333333,0.25,1.0,0.0,0.5,0.0,-49.0
2026-07-21 22:29:11+00:00,1,1,1.0,50.0,long_mixed_workload,16.0,1.0,0.0,0.0,0.0,1.0,1.0,2026-07-21 22:29:43+00:00,32.0,0.0,1.0,0.03333333333333333,0.5,1.0,0.0,0.5773502691896257,0.0,-49.0
2026-07-21 22:29:27+00:00,1,1,1.0,50.0,long_mixed_workload,16.0,1.0,1.0,0.0,0.0,1.0,0.0,2026-07-21 22:29:59+00:00,32.0,0.0,0.0,0.0,0.75,1.0,0.0,0.5,0.0,-49.0
2026-07-21 22:29:43+00:00,1,1,1.0,50.0,long_mixed_workload,16.0,1.0,1.0,1.0,0.0,1.0,0.0,2026-07-21 22:30:15+00:00,32.0,0.0,0.0,0.0,1.0,1.0,1.0,0.0,0.0,-49.0
2026-07-21 22:29:59+00:00,1,1,0.0,50.0,long_mixed_workload,16.0,1.0,1.0,1.0,1.0,1.0,0.0,2026-07-21 22:30:31+00:00,32.0,-1.0,-1.0,-0.03333333333333333,0.75,1.0,0.0,0.5,0.0,-50.0
2026-07-21 22:30:15+00:00,1,1,0.0,50.0,long_mixed_workload,16.0,0.0,1.0,1.0,1.0,1.0,0.0,2026-07-21 22:30:46+00:00,31.0,0.0,-1.0,-0.03333333333333333,0.5,1.0,0.0,0.5773502691896257,0.0,-50.0
2026-07-21 22:30:31+00:00,1,1,0.0,50.0,long_mixed_workload,16.0,0.0,0.0,1.0,1.0,1.0,1.0,2026-07-21 22:31:02+00:00,31.0,0.0,0.0,0.0,0.25,1.0,0.0,0.5,0.0,-50.0
2026-07-20 00:02:14+00:00,5,5,250.0,50.0,oscillating_load,16.0,210.0,210.0,210.0,210.0,5.0,250.0,2026-07-20 00:02:46+00:00,32.0,40.0,40.0,1.3333333333333333,220.0,250.0,210.0,20.0,0.0,200.0
2026-07-20 00:02:30+00:00,5,5,250.0,50.0,oscillating_load,16.0,250.0,210.0,210.0,210.0,5.0,250.0,2026-07-20 00:03:02+00:00,32.0,0.0,40.0,1.3333333333333333,230.0,250.0,210.0,23.094010767585033,0.0,200.0
2026-07-20 00:02:46+00:00,5,5,250.0,50.0,oscillating_load,16.0,250.0,250.0,210.0,210.0,5.0,175.0,2026-07-20 00:03:17+00:00,31.0,0.0,0.0,0.0,240.0,250.0,210.0,20.0,0.0,200.0
2026-07-20 00:03:02+00:00,5,5,250.0,50.0,oscillating_load,16.0,250.0,250.0,250.0,210.0,5.0,175.0,2026-07-20 00:03:33+00:00,31.0,0.0,0.0,0.0,250.0,250.0,250.0,0.0,0.0,200.0
2026-07-20 00:03:17+00:00,5,10,175.0,50.0,oscillating_load,15.0,250.0,250.0,250.0,250.0,5.0,175.0,2026-07-20 00:03:49+00:00,32.0,-75.0,-75.0,-2.5,231.25,250.0,175.0,37.5,0.0,125.0
2026-07-20 00:03:33+00:00,10,10,175.0,50.0,oscillating_load,16.0,175.0,250.0,250.0,250.0,5.0,191.0,2026-07-20 00:04:05+00:00,32.0,0.0,-75.0,-2.5,212.5,250.0,175.0,43.30127018922193,5.0,125.0
2026-07-20 00:03:49+00:00,10,10,175.0,50.0,oscillating_load,16.0,175.0,175.0,250.0,250.0,10.0,191.0,2026-07-20 00:04:21+00:00,32.0,0.0,0.0,0.0,193.75,250.0,175.0,37.5,0.0,125.0
2026-07-20 00:04:05+00:00,10,10,191.0,50.0,oscillating_load,16.0,175.0,175.0,175.0,250.0,10.0,191.0,2026-07-20 00:04:37+00:00,32.0,16.0,16.0,0.5333333333333333,179.0,191.0,175.0,8.0,0.0,141.0
2026-07-20 00:04:21+00:00,10,10,191.0,50.0,oscillating_load,16.0,191.0,175.0,175.0,175.0,10.0,191.0,2026-07-20 00:04:52+00:00,31.0,0.0,16.0,0.5333333333333333,183.0,191.0,175.0,9.237604307034012,0.0,141.0
2026-07-20 00:04:37+00:00,10,10,191.0,50.0,oscillating_load,16.0,191.0,191.0,175.0,175.0,10.0,179.0,2026-07-20 00:05:08+00:00,31.0,0.0,0.0,0.0,187.0,191.0,175.0,8.0,0.0,141.0
2026-07-20 00:04:52+00:00,10,10,191.0,50.0,oscillating_load,15.0,191.0,191.0,191.0,175.0,10.0,179.0,2026-07-20 00:05:24+00:00,32.0,0.0,0.0,0.0,191.0,191.0,191.0,0.0,0.0,141.0
2026-07-20 00:05:08+00:00,10,10,179.0,50.0,oscillating_load,16.0,191.0,191.0,191.0,191.0,10.0,179.0,2026-07-20 00:05:40+00:00,32.0,-12.0,-12.0,-0.4,188.0,191.0,179.0,6.0,0.0,129.0
2026-07-20 00:05:24+00:00,10,10,179.0,50.0,oscillating_load,16.0,179.0,191.0,191.0,191.0,10.0,179.0,2026-07-20 00:05:56+00:00,32.0,0.0,-12.0,-0.4,185.0,191.0,179.0,6.928203230275509,0.0,129.0
2026-07-20 00:05:40+00:00,10,10,179.0,50.0,oscillating_load,16.0,179.0,179.0,191.0,191.0,10.0,181.0,2026-07-20 00:06:12+00:00,32.0,0.0,0.0,0.0,182.0,191.0,179.0,6.0,0.0,129.0
2026-07-20 00:05:56+00:00,10,10,179.0,50.0,oscillating_load,16.0,179.0,179.0,179.0,191.0,10.0,181.0,2026-07-20 00:06:27+00:00,31.0,0.0,0.0,0.0,179.0,179.0,179.0,0.0,0.0,129.0
2026-07-20 00:06:12+00:00,10,10,181.0,50.0,oscillating_load,16.0,179.0,179.0,179.0,179.0,10.0,182.0,2026-07-20 00:06:44+00:00,32.0,2.0,2.0,0.06666666666666667,179.5,181.0,179.0,1.0,0.0,131.0
2026-07-20 00:06:27+00:00,10,10,181.0,50.0,oscillating_load,15.0,181.0,179.0,179.0,179.0,10.0,182.0,2026-07-20 00:07:00+00:00,33.0,0.0,2.0,0.06666666666666667,180.0,181.0,179.0,1.1547005383792515,0.0,131.0
2026-07-20 00:06:44+00:00,10,10,182.0,50.0,oscillating_load,17.0,181.0,181.0,179.0,179.0,10.0,183.0,2026-07-20 00:07:15+00:00,31.0,1.0,1.0,0.03333333333333333,180.75,182.0,179.0,1.2583057392117916,0.0,132.0
2026-07-20 00:07:00+00:00,10,10,182.0,50.0,oscillating_load,16.0,182.0,181.0,181.0,179.0,10.0,183.0,2026-07-20 00:07:31+00:00,31.0,0.0,1.0,0.03333333333333333,181.5,182.0,181.0,0.5773502691896257,0.0,132.0
2026-07-20 00:07:15+00:00,10,10,183.0,50.0,oscillating_load,15.0,182.0,182.0,181.0,181.0,10.0,183.0,2026-07-20 00:07:47+00:00,32.0,1.0,1.0,0.03333333333333333,182.0,183.0,181.0,0.816496580927726,0.0,133.0
2026-07-20 00:07:31+00:00,10,10,183.0,50.0,oscillating_load,16.0,183.0,182.0,182.0,181.0,10.0,183.0,2026-07-20 00:08:03+00:00,32.0,0.0,1.0,0.03333333333333333,182.5,183.0,182.0,0.5773502691896257,0.0,133.0
2026-07-20 00:07:47+00:00,10,10,183.0,50.0,oscillating_load,16.0,183.0,183.0,182.0,182.0,10.0,183.0,2026-07-20 00:08:19+00:00,32.0,0.0,0.0,0.0,182.75,183.0,182.0,0.5,0.0,133.0
2026-07-20 00:08:03+00:00,10,10,183.0,50.0,oscillating_load,16.0,183.0,183.0,183.0,182.0,10.0,183.0,2026-07-20 00:08:35+00:00,32.0,0.0,0.0,0.0,183.0,183.0,183.0,0.0,0.0,133.0
2026-07-20 00:08:19+00:00,10,10,183.0,50.0,oscillating_load,16.0,183.0,183.0,183.0,183.0,10.0,183.0,2026-07-20 00:08:51+00:00,32.0,0.0,0.0,0.0,183.0,183.0,183.0,0.0,0.0,133.0
2026-07-20 00:08:35+00:00,10,10,183.0,50.0,oscillating_load,16.0,183.0,183.0,183.0,183.0,10.0,184.0,2026-07-20 00:09:07+00:00,32.0,0.0,0.0,0.0,183.0,183.0,183.0,0.0,0.0,133.0
2026-07-20 00:08:51+00:00,10,10,183.0,50.0,oscillating_load,16.0,183.0,183.0,183.0,183.0,10.0,184.0,2026-07-20 00:09:26+00:00,35.0,0.0,0.0,0.0,183.0,183.0,183.0,0.0,0.0,133.0
2026-07-20 00:09:07+00:00,10,10,184.0,50.0,oscillating_load,16.0,183.0,183.0,183.0,183.0,10.0,184.0,2026-07-20 00:09:42+00:00,35.0,1.0,1.0,0.03333333333333333,183.25,184.0,183.0,0.5,0.0,134.0
2026-07-20 00:10:30+00:00,10,10,184.0,50.0,oscillating_load,16.0,184.0,184.0,184.0,184.0,10.0,184.0,2026-07-20 00:11:01+00:00,31.0,0.0,0.0,0.0,184.0,184.0,184.0,0.0,0.0,134.0
2026-07-20 00:10:45+00:00,10,10,184.0,50.0,oscillating_load,15.0,184.0,184.0,184.0,184.0,10.0,182.0,2026-07-20 00:11:17+00:00,32.0,0.0,0.0,0.0,184.0,184.0,184.0,0.0,0.0,134.0
2026-07-20 00:11:01+00:00,10,10,184.0,50.0,oscillating_load,16.0,184.0,184.0,184.0,184.0,10.0,182.0,2026-07-20 00:11:33+00:00,32.0,0.0,0.0,0.0,184.0,184.0,184.0,0.0,0.0,134.0
2026-07-20 00:11:17+00:00,10,10,182.0,50.0,oscillating_load,16.0,184.0,184.0,184.0,184.0,10.0,182.0,2026-07-20 00:11:49+00:00,32.0,-2.0,-2.0,-0.06666666666666667,183.5,184.0,182.0,1.0,0.0,132.0
2026-07-20 00:11:33+00:00,10,10,182.0,50.0,oscillating_load,16.0,182.0,184.0,184.0,184.0,10.0,184.0,2026-07-20 00:12:04+00:00,31.0,0.0,-2.0,-0.06666666666666667,183.0,184.0,182.0,1.1547005383792515,0.0,132.0
2026-07-20 00:11:49+00:00,10,10,182.0,50.0,oscillating_load,16.0,182.0,182.0,184.0,184.0,10.0,183.0,2026-07-20 00:12:20+00:00,31.0,0.0,0.0,0.0,182.5,184.0,182.0,1.0,0.0,132.0
2026-07-20 00:12:04+00:00,10,10,184.0,50.0,oscillating_load,15.0,182.0,182.0,182.0,184.0,10.0,184.0,2026-07-20 00:12:36+00:00,32.0,2.0,2.0,0.06666666666666667,182.5,184.0,182.0,1.0,0.0,134.0
2026-07-20 00:12:20+00:00,10,10,183.0,50.0,oscillating_load,16.0,184.0,182.0,182.0,182.0,10.0,177.0,2026-07-20 00:12:52+00:00,32.0,-1.0,1.0,0.03333333333333333,182.75,184.0,182.0,0.9574271077563381,0.0,133.0
2026-07-20 00:12:36+00:00,10,10,184.0,50.0,oscillating_load,16.0,183.0,184.0,182.0,182.0,10.0,177.0,2026-07-20 00:13:08+00:00,32.0,1.0,0.0,0.0,183.25,184.0,182.0,0.9574271077563381,0.0,134.0
2026-07-20 00:12:52+00:00,10,10,177.0,50.0,oscillating_load,16.0,184.0,183.0,184.0,182.0,10.0,177.0,2026-07-20 00:13:24+00:00,32.0,-7.0,-6.0,-0.2,182.0,184.0,177.0,3.366501646120693,0.0,127.0
2026-07-20 00:13:08+00:00,10,10,177.0,50.0,oscillating_load,16.0,177.0,184.0,183.0,184.0,10.0,177.0,2026-07-20 00:13:40+00:00,32.0,0.0,-7.0,-0.23333333333333334,180.25,184.0,177.0,3.774917217635375,0.0,127.0
2026-07-20 00:13:24+00:00,10,10,177.0,50.0,oscillating_load,16.0,177.0,177.0,184.0,183.0,10.0,151.0,2026-07-20 00:13:55+00:00,31.0,0.0,0.0,0.0,178.75,184.0,177.0,3.5,0.0,127.0
2026-07-20 00:13:40+00:00,10,10,177.0,50.0,oscillating_load,16.0,177.0,177.0,177.0,184.0,10.0,151.0,2026-07-20 00:14:11+00:00,31.0,0.0,0.0,0.0,177.0,177.0,177.0,0.0,0.0,127.0
2026-07-20 00:13:55+00:00,10,10,151.0,50.0,oscillating_load,15.0,177.0,177.0,177.0,177.0,10.0,151.0,2026-07-20 00:14:27+00:00,32.0,-26.0,-26.0,-0.8666666666666667,170.5,177.0,151.0,13.0,0.0,101.0
2026-07-20 00:14:11+00:00,10,10,151.0,50.0,oscillating_load,16.0,151.0,177.0,177.0,177.0,10.0,151.0,2026-07-20 00:14:43+00:00,32.0,0.0,-26.0,-0.8666666666666667,164.0,177.0,151.0,15.01110699893027,0.0,101.0
2026-07-20 00:14:27+00:00,10,10,151.0,50.0,oscillating_load,16.0,151.0,151.0,177.0,177.0,10.0,178.0,2026-07-20 00:14:59+00:00,32.0,0.0,0.0,0.0,157.5,177.0,151.0,13.0,0.0,101.0
2026-07-20 00:14:43+00:00,10,10,151.0,50.0,oscillating_load,16.0,151.0,151.0,151.0,177.0,10.0,178.0,2026-07-20 00:15:15+00:00,32.0,0.0,0.0,0.0,151.0,151.0,151.0,0.0,0.0,101.0
2026-07-20 00:14:59+00:00,10,10,178.0,50.0,oscillating_load,16.0,151.0,151.0,151.0,151.0,10.0,178.0,2026-07-20 00:15:31+00:00,32.0,27.0,27.0,0.9,157.75,178.0,151.0,13.5,0.0,128.0
2026-07-20 00:15:15+00:00,10,10,178.0,50.0,oscillating_load,16.0,178.0,151.0,151.0,151.0,10.0,178.0,2026-07-20 00:15:47+00:00,32.0,0.0,27.0,0.9,164.5,178.0,151.0,15.588457268119896,0.0,128.0
2026-07-20 00:15:31+00:00,10,10,178.0,50.0,oscillating_load,16.0,178.0,178.0,151.0,151.0,10.0,183.0,2026-07-20 00:16:03+00:00,32.0,0.0,0.0,0.0,171.25,178.0,151.0,13.5,0.0,128.0
2026-07-20 00:15:47+00:00,10,10,178.0,50.0,oscillating_load,16.0,178.0,178.0,178.0,151.0,10.0,183.0,2026-07-20 00:16:18+00:00,31.0,0.0,0.0,0.0,178.0,178.0,178.0,0.0,0.0,128.0
2026-07-20 00:16:03+00:00,10,10,183.0,50.0,oscillating_load,16.0,178.0,178.0,178.0,178.0,10.0,183.0,2026-07-20 00:16:34+00:00,31.0,5.0,5.0,0.16666666666666666,179.25,183.0,178.0,2.5,0.0,133.0
2026-07-20 00:16:18+00:00,10,10,183.0,50.0,oscillating_load,15.0,183.0,178.0,178.0,178.0,10.0,183.0,2026-07-20 00:16:50+00:00,32.0,0.0,5.0,0.16666666666666666,180.5,183.0,178.0,2.886751345948129,0.0,133.0
2026-07-20 00:16:34+00:00,10,10,183.0,50.0,oscillating_load,16.0,183.0,183.0,178.0,178.0,10.0,184.0,2026-07-20 00:17:06+00:00,32.0,0.0,0.0,0.0,181.75,183.0,178.0,2.5,0.0,133.0
2026-07-20 00:16:50+00:00,10,10,183.0,50.0,oscillating_load,16.0,183.0,183.0,183.0,178.0,10.0,184.0,2026-07-20 00:17:22+00:00,32.0,0.0,0.0,0.0,183.0,183.0,183.0,0.0,0.0,133.0
2026-07-20 00:17:06+00:00,10,10,184.0,50.0,oscillating_load,16.0,183.0,183.0,183.0,183.0,10.0,184.0,2026-07-20 00:17:37+00:00,31.0,1.0,1.0,0.03333333333333333,183.25,184.0,183.0,0.5,0.0,134.0
2026-07-20 00:17:22+00:00,10,10,184.0,50.0,oscillating_load,16.0,184.0,183.0,183.0,183.0,10.0,182.0,2026-07-20 00:17:53+00:00,31.0,0.0,1.0,0.03333333333333333,183.5,184.0,183.0,0.5773502691896257,0.0,134.0
2026-07-20 00:17:37+00:00,10,10,184.0,50.0,oscillating_load,15.0,184.0,184.0,183.0,183.0,10.0,182.0,2026-07-20 00:18:09+00:00,32.0,0.0,0.0,0.0,183.75,184.0,183.0,0.5,0.0,134.0
2026-07-20 00:17:53+00:00,10,10,182.0,50.0,oscillating_load,16.0,184.0,184.0,184.0,183.0,10.0,182.0,2026-07-20 00:18:25+00:00,32.0,-2.0,-2.0,-0.06666666666666667,183.5,184.0,182.0,1.0,0.0,132.0
2026-07-20 00:18:09+00:00,10,10,182.0,50.0,oscillating_load,16.0,182.0,184.0,184.0,184.0,10.0,182.0,2026-07-20 00:18:41+00:00,32.0,0.0,-2.0,-0.06666666666666667,183.0,184.0,182.0,1.1547005383792515,0.0,132.0
2026-07-20 00:18:25+00:00,10,10,182.0,50.0,oscillating_load,16.0,182.0,182.0,184.0,184.0,10.0,183.0,2026-07-20 00:18:57+00:00,32.0,0.0,0.0,0.0,182.5,184.0,182.0,1.0,0.0,132.0
2026-07-20 00:18:41+00:00,10,10,182.0,50.0,oscillating_load,16.0,182.0,182.0,182.0,184.0,10.0,183.0,2026-07-20 00:19:12+00:00,31.0,0.0,0.0,0.0,182.0,182.0,182.0,0.0,0.0,132.0
2026-07-20 00:18:57+00:00,10,10,183.0,50.0,oscillating_load,16.0,182.0,182.0,182.0,182.0,10.0,183.0,2026-07-20 00:19:28+00:00,31.0,1.0,1.0,0.03333333333333333,182.25,183.0,182.0,0.5,0.0,133.0
2026-07-20 00:19:12+00:00,10,10,183.0,50.0,oscillating_load,15.0,183.0,182.0,182.0,182.0,10.0,183.0,2026-07-20 00:19:44+00:00,32.0,0.0,1.0,0.03333333333333333,182.5,183.0,182.0,0.5773502691896257,0.0,133.0
2026-07-20 00:19:28+00:00,10,10,183.0,50.0,oscillating_load,16.0,183.0,183.0,182.0,182.0,10.0,128.0,2026-07-20 00:20:00+00:00,32.0,0.0,0.0,0.0,182.75,183.0,182.0,0.5,0.0,133.0
2026-07-20 00:19:44+00:00,10,10,183.0,50.0,oscillating_load,16.0,183.0,183.0,183.0,182.0,10.0,128.0,2026-07-20 00:20:16+00:00,32.0,0.0,0.0,0.0,183.0,183.0,183.0,0.0,0.0,133.0
2026-07-20 00:20:00+00:00,10,10,128.0,50.0,oscillating_load,16.0,183.0,183.0,183.0,183.0,10.0,128.0,2026-07-20 00:20:32+00:00,32.0,-55.0,-55.0,-1.8333333333333333,169.25,183.0,128.0,27.5,0.0,78.0
2026-07-20 00:20:16+00:00,10,10,128.0,50.0,oscillating_load,16.0,128.0,183.0,183.0,183.0,10.0,128.0,2026-07-20 00:20:47+00:00,31.0,0.0,-55.0,-1.8333333333333333,155.5,183.0,128.0,31.75426480542942,0.0,78.0
2026-07-20 00:20:32+00:00,10,10,128.0,50.0,oscillating_load,16.0,128.0,128.0,183.0,183.0,10.0,0.0,2026-07-20 00:21:03+00:00,31.0,0.0,0.0,0.0,141.75,183.0,128.0,27.5,0.0,78.0
2026-07-20 00:20:47+00:00,10,10,128.0,50.0,oscillating_load,15.0,128.0,128.0,128.0,183.0,10.0,0.0,2026-07-20 00:21:19+00:00,32.0,0.0,0.0,0.0,128.0,128.0,128.0,0.0,0.0,78.0
2026-07-20 00:21:03+00:00,10,10,0.0,50.0,oscillating_load,16.0,128.0,128.0,128.0,128.0,10.0,0.0,2026-07-20 00:21:35+00:00,32.0,-128.0,-128.0,-4.266666666666667,96.0,128.0,0.0,64.0,0.0,-50.0
2026-07-20 00:21:19+00:00,10,10,0.0,50.0,oscillating_load,16.0,0.0,128.0,128.0,128.0,10.0,0.0,2026-07-20 00:21:51+00:00,32.0,0.0,-128.0,-4.266666666666667,64.0,128.0,0.0,73.9008344562721,0.0,-50.0
2026-07-20 00:21:35+00:00,10,10,0.0,50.0,oscillating_load,16.0,0.0,0.0,128.0,128.0,10.0,0.0,2026-07-20 00:22:07+00:00,32.0,0.0,0.0,0.0,32.0,128.0,0.0,64.0,0.0,-50.0
2026-07-20 00:21:51+00:00,10,10,0.0,50.0,oscillating_load,16.0,0.0,0.0,0.0,128.0,10.0,0.0,2026-07-20 00:22:23+00:00,32.0,0.0,0.0,0.0,0.0,0.0,0.0,0.0,0.0,-50.0
2026-07-20 00:22:07+00:00,10,10,0.0,50.0,oscillating_load,16.0,0.0,0.0,0.0,0.0,10.0,0.0,2026-07-20 00:22:39+00:00,32.0,0.0,0.0,0.0,0.0,0.0,0.0,0.0,0.0,-50.0
2026-07-20 00:22:23+00:00,10,10,0.0,50.0,oscillating_load,16.0,0.0,0.0,0.0,0.0,10.0,0.0,2026-07-20 00:22:55+00:00,32.0,0.0,0.0,0.0,0.0,0.0,0.0,0.0,0.0,-50.0
2026-07-20 00:22:39+00:00,10,10,0.0,50.0,oscillating_load,16.0,0.0,0.0,0.0,0.0,10.0,0.0,2026-07-20 00:23:11+00:00,32.0,0.0,0.0,0.0,0.0,0.0,0.0,0.0,0.0,-50.0
2026-07-20 00:22:55+00:00,10,10,0.0,50.0,oscillating_load,16.0,0.0,0.0,0.0,0.0,10.0,0.0,2026-07-20 00:23:26+00:00,31.0,0.0,0.0,0.0,0.0,0.0,0.0,0.0,0.0,-50.0
2026-07-20 00:23:11+00:00,10,10,0.0,50.0,oscillating_load,16.0,0.0,0.0,0.0,0.0,10.0,0.0,2026-07-20 00:23:42+00:00,31.0,0.0,0.0,0.0,0.0,0.0,0.0,0.0,0.0,-50.0
2026-07-20 00:23:26+00:00,10,10,0.0,50.0,oscillating_load,15.0,0.0,0.0,0.0,0.0,10.0,0.0,2026-07-20 00:23:58+00:00,32.0,0.0,0.0,0.0,0.0,0.0,0.0,0.0,0.0,-50.0
2026-07-20 00:23:42+00:00,10,10,0.0,50.0,oscillating_load,16.0,0.0,0.0,0.0,0.0,10.0,0.0,2026-07-20 00:24:14+00:00,32.0,0.0,0.0,0.0,0.0,0.0,0.0,0.0,0.0,-50.0
2026-07-20 00:23:58+00:00,10,10,0.0,50.0,oscillating_load,16.0,0.0,0.0,0.0,0.0,10.0,0.0,2026-07-20 00:24:30+00:00,32.0,0.0,0.0,0.0,0.0,0.0,0.0,0.0,0.0,-50.0
2026-07-20 00:24:14+00:00,10,10,0.0,50.0,oscillating_load,16.0,0.0,0.0,0.0,0.0,10.0,0.0,2026-07-20 00:24:45+00:00,31.0,0.0,0.0,0.0,0.0,0.0,0.0,0.0,0.0,-50.0
2026-07-20 00:24:30+00:00,10,10,0.0,50.0,oscillating_load,16.0,0.0,0.0,0.0,0.0,10.0,0.0,2026-07-20 00:25:02+00:00,32.0,0.0,0.0,0.0,0.0,0.0,0.0,0.0,0.0,-50.0
2026-07-21 22:39:35+00:00,2,2,99.0,50.0,random_bursty_workload,16.0,99.0,99.0,7.0,7.0,2.0,174.0,2026-07-21 22:40:06+00:00,31.0,0.0,0.0,0.0,76.0,99.0,7.0,46.0,0.0,49.0
2026-07-21 22:39:51+00:00,2,2,99.0,50.0,random_bursty_workload,16.0,99.0,99.0,99.0,7.0,2.0,174.0,2026-07-21 22:40:22+00:00,31.0,0.0,0.0,0.0,99.0,99.0,99.0,0.0,0.0,49.0
2026-07-21 22:40:06+00:00,2,4,174.0,50.0,random_bursty_workload,15.0,99.0,99.0,99.0,99.0,2.0,174.0,2026-07-21 22:40:38+00:00,32.0,75.0,75.0,2.5,117.75,174.0,99.0,37.5,0.0,124.0
2026-07-21 22:40:22+00:00,4,4,174.0,50.0,random_bursty_workload,16.0,174.0,99.0,99.0,99.0,2.0,173.0,2026-07-21 22:40:53+00:00,31.0,0.0,75.0,2.5,136.5,174.0,99.0,43.30127018922193,2.0,124.0
2026-07-21 22:40:38+00:00,4,4,174.0,50.0,random_bursty_workload,16.0,174.0,174.0,99.0,99.0,4.0,175.0,2026-07-21 22:41:09+00:00,31.0,0.0,0.0,0.0,155.25,174.0,99.0,37.5,0.0,124.0
2026-07-21 22:40:53+00:00,4,7,173.0,50.0,random_bursty_workload,15.0,174.0,174.0,174.0,99.0,4.0,175.0,2026-07-21 22:41:25+00:00,32.0,-1.0,-1.0,-0.03333333333333333,173.75,174.0,173.0,0.5,0.0,123.0
2026-07-21 22:41:09+00:00,7,7,175.0,50.0,random_bursty_workload,16.0,173.0,174.0,174.0,174.0,4.0,151.0,2026-07-21 22:41:41+00:00,32.0,2.0,1.0,0.03333333333333333,174.0,175.0,173.0,0.816496580927726,3.0,125.0
2026-07-21 22:41:25+00:00,7,7,175.0,50.0,random_bursty_workload,16.0,175.0,173.0,174.0,174.0,7.0,151.0,2026-07-21 22:41:57+00:00,32.0,0.0,2.0,0.06666666666666667,174.25,175.0,173.0,0.9574271077563381,0.0,125.0
2026-07-21 22:41:41+00:00,7,14,151.0,50.0,random_bursty_workload,16.0,175.0,175.0,173.0,174.0,7.0,151.0,2026-07-21 22:42:13+00:00,32.0,-24.0,-24.0,-0.8,168.5,175.0,151.0,11.704699910719626,0.0,101.0
2026-07-21 22:41:57+00:00,14,16,151.0,50.0,random_bursty_workload,16.0,151.0,175.0,175.0,173.0,7.0,151.0,2026-07-21 22:42:28+00:00,31.0,0.0,-24.0,-0.8,163.0,175.0,151.0,13.856406460551018,7.0,101.0
2026-07-21 22:42:13+00:00,16,16,151.0,50.0,random_bursty_workload,16.0,151.0,151.0,175.0,175.0,14.0,151.0,2026-07-21 22:42:44+00:00,31.0,0.0,0.0,0.0,157.0,175.0,151.0,12.0,2.0,101.0
2026-07-21 22:42:28+00:00,16,16,151.0,50.0,random_bursty_workload,15.0,151.0,151.0,151.0,175.0,16.0,151.0,2026-07-21 22:43:00+00:00,32.0,0.0,0.0,0.0,151.0,151.0,151.0,0.0,0.0,101.0
2026-07-21 22:42:44+00:00,16,20,151.0,50.0,random_bursty_workload,16.0,151.0,151.0,151.0,151.0,16.0,151.0,2026-07-21 22:43:16+00:00,32.0,0.0,0.0,0.0,151.0,151.0,151.0,0.0,0.0,101.0
2026-07-21 22:43:00+00:00,20,20,151.0,50.0,random_bursty_workload,16.0,151.0,151.0,151.0,151.0,16.0,151.0,2026-07-21 22:43:32+00:00,32.0,0.0,0.0,0.0,151.0,151.0,151.0,0.0,4.0,101.0
2026-07-21 22:43:16+00:00,20,20,151.0,50.0,random_bursty_workload,16.0,151.0,151.0,151.0,151.0,20.0,113.0,2026-07-21 22:43:48+00:00,32.0,0.0,0.0,0.0,151.0,151.0,151.0,0.0,0.0,101.0
2026-07-21 22:43:32+00:00,20,20,151.0,50.0,random_bursty_workload,16.0,151.0,151.0,151.0,151.0,20.0,115.0,2026-07-21 22:44:03+00:00,31.0,0.0,0.0,0.0,151.0,151.0,151.0,0.0,0.0,101.0
2026-07-21 22:43:48+00:00,20,20,113.0,50.0,random_bursty_workload,16.0,151.0,151.0,151.0,151.0,20.0,113.0,2026-07-21 22:44:19+00:00,31.0,-38.0,-38.0,-1.2666666666666666,141.5,151.0,113.0,19.0,0.0,63.0
2026-07-21 22:44:03+00:00,20,20,115.0,50.0,random_bursty_workload,15.0,113.0,151.0,151.0,151.0,20.0,115.0,2026-07-21 22:44:35+00:00,32.0,2.0,-36.0,-1.2,132.5,151.0,113.0,21.37755832643195,0.0,65.0
2026-07-21 22:44:19+00:00,20,20,113.0,50.0,random_bursty_workload,16.0,115.0,113.0,151.0,151.0,20.0,94.0,2026-07-21 22:44:51+00:00,32.0,-2.0,0.0,0.0,123.0,151.0,113.0,18.690461025168247,0.0,63.0
2026-07-21 22:44:35+00:00,20,20,115.0,50.0,random_bursty_workload,16.0,113.0,115.0,113.0,151.0,20.0,94.0,2026-07-21 22:45:07+00:00,32.0,2.0,0.0,0.0,114.0,115.0,113.0,1.1547005383792515,0.0,65.0
2026-07-21 22:44:51+00:00,20,20,94.0,50.0,random_bursty_workload,16.0,115.0,113.0,115.0,113.0,20.0,94.0,2026-07-21 22:45:23+00:00,32.0,-21.0,-19.0,-0.6333333333333333,109.25,115.0,94.0,10.21028892833107,0.0,44.0
2026-07-21 22:45:07+00:00,20,20,94.0,50.0,random_bursty_workload,16.0,94.0,115.0,113.0,115.0,20.0,77.0,2026-07-21 22:45:39+00:00,32.0,0.0,-21.0,-0.7,104.0,115.0,94.0,11.575836902790225,0.0,44.0
2026-07-21 22:45:23+00:00,20,20,94.0,50.0,random_bursty_workload,16.0,94.0,94.0,115.0,113.0,20.0,77.0,2026-07-21 22:45:55+00:00,32.0,0.0,0.0,0.0,99.25,115.0,94.0,10.5,0.0,44.0
2026-07-21 22:45:39+00:00,20,20,77.0,50.0,random_bursty_workload,16.0,94.0,94.0,94.0,115.0,20.0,78.0,2026-07-21 22:46:11+00:00,32.0,-17.0,-17.0,-0.5666666666666667,89.75,94.0,77.0,8.5,0.0,27.0
2026-07-21 22:45:55+00:00,20,20,77.0,50.0,random_bursty_workload,16.0,77.0,94.0,94.0,94.0,20.0,78.0,2026-07-21 22:46:27+00:00,32.0,0.0,-17.0,-0.5666666666666667,85.5,94.0,77.0,9.814954576223638,0.0,27.0
2026-07-21 22:46:11+00:00,20,20,78.0,50.0,random_bursty_workload,16.0,77.0,77.0,94.0,94.0,20.0,151.0,2026-07-21 22:46:42+00:00,31.0,1.0,1.0,0.03333333333333333,81.5,94.0,77.0,8.34665601703261,0.0,28.0
2026-07-21 22:46:27+00:00,20,20,78.0,50.0,random_bursty_workload,16.0,78.0,77.0,77.0,94.0,20.0,152.0,2026-07-21 22:46:58+00:00,31.0,0.0,1.0,0.03333333333333333,77.5,78.0,77.0,0.5773502691896257,0.0,28.0
2026-07-21 22:46:42+00:00,20,20,151.0,50.0,random_bursty_workload,15.0,78.0,78.0,77.0,77.0,20.0,151.0,2026-07-21 22:47:15+00:00,33.0,73.0,73.0,2.433333333333333,96.0,151.0,77.0,36.669696844488186,0.0,101.0
2026-07-21 22:46:58+00:00,20,20,152.0,50.0,random_bursty_workload,16.0,151.0,78.0,78.0,77.0,20.0,151.0,2026-07-21 22:47:31+00:00,33.0,1.0,74.0,2.466666666666667,114.75,152.0,78.0,42.43720851642656,0.0,102.0
2026-07-21 22:47:15+00:00,20,20,151.0,50.0,random_bursty_workload,17.0,152.0,151.0,78.0,78.0,20.0,152.0,2026-07-21 22:47:47+00:00,32.0,-1.0,0.0,0.0,133.0,152.0,78.0,36.669696844488186,0.0,101.0
2026-07-21 22:47:31+00:00,20,20,151.0,50.0,random_bursty_workload,16.0,151.0,152.0,151.0,78.0,20.0,152.0,2026-07-21 22:48:03+00:00,32.0,0.0,-1.0,-0.03333333333333333,151.25,152.0,151.0,0.5,0.0,101.0
2026-07-21 22:47:47+00:00,20,20,152.0,50.0,random_bursty_workload,16.0,151.0,151.0,152.0,151.0,20.0,152.0,2026-07-21 22:48:19+00:00,32.0,1.0,1.0,0.03333333333333333,151.5,152.0,151.0,0.5773502691896257,0.0,102.0
2026-07-21 22:48:03+00:00,20,20,152.0,50.0,random_bursty_workload,16.0,152.0,151.0,151.0,152.0,20.0,152.0,2026-07-21 22:48:34+00:00,31.0,0.0,1.0,0.03333333333333333,151.5,152.0,151.0,0.5773502691896257,0.0,102.0
2026-07-21 22:48:19+00:00,20,20,152.0,50.0,random_bursty_workload,16.0,152.0,152.0,151.0,151.0,20.0,152.0,2026-07-21 22:48:50+00:00,31.0,0.0,0.0,0.0,151.75,152.0,151.0,0.5,0.0,102.0
2026-07-21 22:48:34+00:00,20,20,152.0,50.0,random_bursty_workload,15.0,152.0,152.0,152.0,151.0,20.0,152.0,2026-07-21 22:49:06+00:00,32.0,0.0,0.0,0.0,152.0,152.0,152.0,0.0,0.0,102.0
2026-07-21 22:48:50+00:00,20,20,152.0,50.0,random_bursty_workload,16.0,152.0,152.0,152.0,152.0,20.0,152.0,2026-07-21 22:49:22+00:00,32.0,0.0,0.0,0.0,152.0,152.0,152.0,0.0,0.0,102.0
2026-07-21 22:49:06+00:00,20,20,152.0,50.0,random_bursty_workload,16.0,152.0,152.0,152.0,152.0,20.0,152.0,2026-07-21 22:49:38+00:00,32.0,0.0,0.0,0.0,152.0,152.0,152.0,0.0,0.0,102.0
2026-07-21 22:49:22+00:00,20,20,152.0,50.0,random_bursty_workload,16.0,152.0,152.0,152.0,152.0,20.0,151.0,2026-07-21 22:49:54+00:00,32.0,0.0,0.0,0.0,152.0,152.0,152.0,0.0,0.0,102.0
2026-07-21 22:49:38+00:00,20,20,152.0,50.0,random_bursty_workload,16.0,152.0,152.0,152.0,152.0,20.0,151.0,2026-07-21 22:50:10+00:00,32.0,0.0,0.0,0.0,152.0,152.0,152.0,0.0,0.0,102.0
2026-07-21 22:49:54+00:00,20,20,151.0,50.0,random_bursty_workload,16.0,152.0,152.0,152.0,152.0,20.0,151.0,2026-07-21 22:50:26+00:00,32.0,-1.0,-1.0,-0.03333333333333333,151.75,152.0,151.0,0.5,0.0,101.0
2026-07-21 22:50:10+00:00,20,20,151.0,50.0,random_bursty_workload,16.0,151.0,152.0,152.0,152.0,20.0,150.0,2026-07-21 22:50:42+00:00,32.0,0.0,-1.0,-0.03333333333333333,151.5,152.0,151.0,0.5773502691896257,0.0,101.0
2026-07-21 22:50:26+00:00,20,20,151.0,50.0,random_bursty_workload,16.0,151.0,151.0,152.0,152.0,20.0,151.0,2026-07-21 22:50:58+00:00,32.0,0.0,0.0,0.0,151.25,152.0,151.0,0.5,0.0,101.0
2026-07-21 22:50:42+00:00,20,20,150.0,50.0,random_bursty_workload,16.0,151.0,151.0,151.0,152.0,20.0,150.0,2026-07-21 22:51:14+00:00,32.0,-1.0,-1.0,-0.03333333333333333,150.75,151.0,150.0,0.5,0.0,100.0
2026-07-21 22:50:58+00:00,20,20,151.0,50.0,random_bursty_workload,16.0,150.0,151.0,151.0,151.0,20.0,150.0,2026-07-21 22:51:29+00:00,31.0,1.0,0.0,0.0,150.75,151.0,150.0,0.5,0.0,101.0
2026-07-21 22:51:14+00:00,20,20,150.0,50.0,random_bursty_workload,16.0,151.0,150.0,151.0,151.0,20.0,141.0,2026-07-21 22:51:45+00:00,31.0,-1.0,0.0,0.0,150.5,151.0,150.0,0.5773502691896257,0.0,100.0
2026-07-21 22:51:29+00:00,20,20,150.0,50.0,random_bursty_workload,15.0,150.0,151.0,150.0,151.0,20.0,141.0,2026-07-21 22:52:01+00:00,32.0,0.0,-1.0,-0.03333333333333333,150.25,151.0,150.0,0.5,0.0,100.0
2026-07-21 22:51:45+00:00,20,20,141.0,50.0,random_bursty_workload,16.0,150.0,150.0,151.0,150.0,20.0,141.0,2026-07-21 22:52:17+00:00,32.0,-9.0,-9.0,-0.3,148.0,151.0,141.0,4.69041575982343,0.0,91.0
2026-07-21 22:52:01+00:00,20,20,141.0,50.0,random_bursty_workload,16.0,141.0,150.0,150.0,151.0,20.0,141.0,2026-07-21 22:52:33+00:00,32.0,0.0,-9.0,-0.3,145.5,150.0,141.0,5.196152422706632,0.0,91.0
2026-07-21 22:52:17+00:00,20,20,141.0,50.0,random_bursty_workload,16.0,141.0,141.0,150.0,150.0,20.0,139.0,2026-07-21 22:52:49+00:00,32.0,0.0,0.0,0.0,143.25,150.0,141.0,4.5,0.0,91.0
2026-07-21 22:52:33+00:00,20,20,141.0,50.0,random_bursty_workload,16.0,141.0,141.0,141.0,150.0,20.0,140.0,2026-07-21 22:53:06+00:00,33.0,0.0,0.0,0.0,141.0,141.0,141.0,0.0,0.0,91.0
2026-07-21 22:52:49+00:00,20,20,139.0,50.0,random_bursty_workload,16.0,141.0,141.0,141.0,141.0,20.0,139.0,2026-07-21 22:53:22+00:00,33.0,-2.0,-2.0,-0.06666666666666667,140.5,141.0,139.0,1.0,0.0,89.0
2026-07-21 22:53:06+00:00,20,20,140.0,50.0,random_bursty_workload,17.0,139.0,141.0,141.0,141.0,20.0,140.0,2026-07-21 22:53:38+00:00,32.0,1.0,-1.0,-0.03333333333333333,140.25,141.0,139.0,0.9574271077563381,0.0,90.0
2026-07-21 22:53:22+00:00,20,20,139.0,50.0,random_bursty_workload,16.0,140.0,139.0,141.0,141.0,20.0,131.0,2026-07-21 22:53:54+00:00,32.0,-1.0,0.0,0.0,139.75,141.0,139.0,0.9574271077563381,0.0,89.0
2026-07-21 22:53:38+00:00,20,20,140.0,50.0,random_bursty_workload,16.0,139.0,140.0,139.0,141.0,20.0,131.0,2026-07-21 22:54:10+00:00,32.0,1.0,0.0,0.0,139.5,140.0,139.0,0.5773502691896257,0.0,90.0
2026-07-21 22:53:54+00:00,20,20,131.0,50.0,random_bursty_workload,16.0,140.0,139.0,140.0,139.0,20.0,131.0,2026-07-21 22:54:26+00:00,32.0,-9.0,-8.0,-0.26666666666666666,137.5,140.0,131.0,4.358898943540674,0.0,81.0
2026-07-21 22:54:10+00:00,20,20,131.0,50.0,random_bursty_workload,16.0,131.0,140.0,139.0,140.0,20.0,144.0,2026-07-21 22:54:42+00:00,32.0,0.0,-9.0,-0.3,135.25,140.0,131.0,4.924428900898052,0.0,81.0
2026-07-21 22:54:26+00:00,20,20,131.0,50.0,random_bursty_workload,16.0,131.0,131.0,140.0,139.0,20.0,144.0,2026-07-21 22:54:58+00:00,32.0,0.0,0.0,0.0,133.25,140.0,131.0,4.5,0.0,81.0
2026-07-21 22:54:42+00:00,20,20,144.0,50.0,random_bursty_workload,16.0,131.0,131.0,131.0,140.0,20.0,144.0,2026-07-21 22:55:14+00:00,32.0,13.0,13.0,0.43333333333333335,134.25,144.0,131.0,6.5,0.0,94.0
2026-07-21 22:54:58+00:00,20,20,144.0,50.0,random_bursty_workload,16.0,144.0,131.0,131.0,131.0,20.0,144.0,2026-07-21 22:55:30+00:00,32.0,0.0,13.0,0.43333333333333335,137.5,144.0,131.0,7.505553499465135,0.0,94.0
2026-07-21 22:55:14+00:00,20,20,144.0,50.0,random_bursty_workload,16.0,144.0,144.0,131.0,131.0,20.0,150.0,2026-07-21 22:55:46+00:00,32.0,0.0,0.0,0.0,140.75,144.0,131.0,6.5,0.0,94.0
2026-07-21 22:55:30+00:00,20,20,144.0,50.0,random_bursty_workload,16.0,144.0,144.0,144.0,131.0,20.0,150.0,2026-07-21 22:56:02+00:00,32.0,0.0,0.0,0.0,144.0,144.0,144.0,0.0,0.0,94.0
2026-07-21 22:55:46+00:00,20,20,150.0,50.0,random_bursty_workload,16.0,144.0,144.0,144.0,144.0,20.0,151.0,2026-07-21 22:56:18+00:00,32.0,6.0,6.0,0.2,145.5,150.0,144.0,3.0,0.0,100.0
2026-07-21 22:56:02+00:00,20,20,150.0,50.0,random_bursty_workload,16.0,150.0,144.0,144.0,144.0,20.0,151.0,2026-07-21 22:56:35+00:00,33.0,0.0,6.0,0.2,147.0,150.0,144.0,3.4641016151377544,0.0,100.0
2026-07-21 22:56:18+00:00,20,20,151.0,50.0,random_bursty_workload,16.0,150.0,150.0,144.0,144.0,20.0,127.0,2026-07-21 22:56:50+00:00,32.0,1.0,1.0,0.03333333333333333,148.75,151.0,144.0,3.2015621187164243,0.0,101.0
2026-07-21 22:56:35+00:00,20,20,151.0,50.0,random_bursty_workload,17.0,151.0,150.0,150.0,144.0,20.0,127.0,2026-07-21 22:57:07+00:00,32.0,0.0,1.0,0.03333333333333333,150.5,151.0,150.0,0.5773502691896257,0.0,101.0
2026-07-21 22:56:50+00:00,20,20,127.0,50.0,random_bursty_workload,15.0,151.0,151.0,150.0,150.0,20.0,126.0,2026-07-21 22:57:23+00:00,33.0,-24.0,-24.0,-0.8,144.75,151.0,127.0,11.84271928232701,0.0,77.0
2026-07-21 22:57:07+00:00,20,20,127.0,50.0,random_bursty_workload,17.0,127.0,151.0,151.0,150.0,20.0,127.0,2026-07-21 22:57:39+00:00,32.0,0.0,-24.0,-0.8,139.0,151.0,127.0,13.856406460551018,0.0,77.0
2026-07-21 22:57:23+00:00,20,20,126.0,50.0,random_bursty_workload,16.0,127.0,127.0,151.0,151.0,20.0,134.0,2026-07-21 22:57:55+00:00,32.0,-1.0,-1.0,-0.03333333333333333,132.75,151.0,126.0,12.175795661885921,0.0,76.0
2026-07-21 22:57:39+00:00,20,20,127.0,50.0,random_bursty_workload,16.0,126.0,127.0,127.0,151.0,20.0,133.0,2026-07-21 22:58:11+00:00,32.0,1.0,0.0,0.0,126.75,127.0,126.0,0.5,0.0,77.0
2026-07-21 22:57:55+00:00,20,20,134.0,50.0,random_bursty_workload,16.0,127.0,126.0,127.0,127.0,20.0,133.0,2026-07-21 22:58:27+00:00,32.0,7.0,8.0,0.26666666666666666,128.5,134.0,126.0,3.696845502136472,0.0,84.0
2026-07-21 22:58:11+00:00,20,20,133.0,50.0,random_bursty_workload,16.0,134.0,127.0,126.0,127.0,20.0,152.0,2026-07-21 22:58:43+00:00,32.0,-1.0,6.0,0.2,130.0,134.0,126.0,4.08248290463863,0.0,83.0
2026-07-21 22:58:27+00:00,20,20,133.0,50.0,random_bursty_workload,16.0,133.0,134.0,127.0,126.0,20.0,152.0,2026-07-21 22:58:59+00:00,32.0,0.0,-1.0,-0.03333333333333333,131.75,134.0,127.0,3.2015621187164243,0.0,83.0
2026-07-21 22:58:43+00:00,20,20,152.0,50.0,random_bursty_workload,16.0,133.0,133.0,134.0,127.0,20.0,152.0,2026-07-21 22:59:15+00:00,32.0,19.0,19.0,0.6333333333333333,138.0,152.0,133.0,9.345230512584124,0.0,102.0
2026-07-21 22:58:59+00:00,20,20,152.0,50.0,random_bursty_workload,16.0,152.0,133.0,133.0,134.0,20.0,152.0,2026-07-21 22:59:31+00:00,32.0,0.0,19.0,0.6333333333333333,142.5,152.0,133.0,10.969655114602888,0.0,102.0
2026-07-21 22:59:15+00:00,20,20,152.0,50.0,random_bursty_workload,16.0,152.0,152.0,133.0,133.0,20.0,153.0,2026-07-21 22:59:47+00:00,32.0,0.0,0.0,0.0,147.25,152.0,133.0,9.5,0.0,102.0
2026-07-21 22:59:31+00:00,20,20,152.0,50.0,random_bursty_workload,16.0,152.0,152.0,152.0,133.0,20.0,153.0,2026-07-21 23:00:04+00:00,33.0,0.0,0.0,0.0,152.0,152.0,152.0,0.0,0.0,102.0
2026-07-21 22:59:47+00:00,20,20,153.0,50.0,random_bursty_workload,16.0,152.0,152.0,152.0,152.0,20.0,152.0,2026-07-21 23:00:20+00:00,33.0,1.0,1.0,0.03333333333333333,152.25,153.0,152.0,0.5,0.0,103.0
2026-07-21 23:00:04+00:00,20,20,153.0,50.0,random_bursty_workload,17.0,153.0,152.0,152.0,152.0,20.0,152.0,2026-07-21 23:00:36+00:00,32.0,0.0,1.0,0.03333333333333333,152.5,153.0,152.0,0.5773502691896257,0.0,103.0
2026-07-21 23:00:20+00:00,20,20,152.0,50.0,random_bursty_workload,16.0,153.0,153.0,152.0,152.0,20.0,151.0,2026-07-21 23:00:52+00:00,32.0,-1.0,-1.0,-0.03333333333333333,152.5,153.0,152.0,0.5773502691896257,0.0,102.0
2026-07-21 23:00:36+00:00,20,20,152.0,50.0,random_bursty_workload,16.0,152.0,153.0,153.0,152.0,20.0,151.0,2026-07-21 23:01:08+00:00,32.0,0.0,-1.0,-0.03333333333333333,152.5,153.0,152.0,0.5773502691896257,0.0,102.0
2026-07-21 23:00:52+00:00,20,20,151.0,50.0,random_bursty_workload,16.0,152.0,152.0,153.0,153.0,20.0,151.0,2026-07-21 23:01:24+00:00,32.0,-1.0,-1.0,-0.03333333333333333,152.0,153.0,151.0,0.816496580927726,0.0,101.0
2026-07-21 23:01:08+00:00,20,20,151.0,50.0,random_bursty_workload,16.0,151.0,152.0,152.0,153.0,20.0,151.0,2026-07-21 23:01:40+00:00,32.0,0.0,-1.0,-0.03333333333333333,151.5,152.0,151.0,0.5773502691896257,0.0,101.0
2026-07-21 23:01:24+00:00,20,20,151.0,50.0,random_bursty_workload,16.0,151.0,151.0,152.0,152.0,20.0,152.0,2026-07-21 23:01:56+00:00,32.0,0.0,0.0,0.0,151.25,152.0,151.0,0.5,0.0,101.0
2026-07-21 23:01:40+00:00,20,20,151.0,50.0,random_bursty_workload,16.0,151.0,151.0,151.0,152.0,20.0,152.0,2026-07-21 23:02:12+00:00,32.0,0.0,0.0,0.0,151.0,151.0,151.0,0.0,0.0,101.0
2026-07-21 23:01:56+00:00,20,20,152.0,50.0,random_bursty_workload,16.0,151.0,151.0,151.0,151.0,20.0,150.0,2026-07-21 23:02:28+00:00,32.0,1.0,1.0,0.03333333333333333,151.25,152.0,151.0,0.5,0.0,102.0
2026-07-21 23:02:12+00:00,20,20,152.0,50.0,random_bursty_workload,16.0,152.0,151.0,151.0,151.0,20.0,153.0,2026-07-21 23:02:44+00:00,32.0,0.0,1.0,0.03333333333333333,151.5,152.0,151.0,0.5773502691896257,0.0,102.0
2026-07-21 23:02:28+00:00,20,20,150.0,50.0,random_bursty_workload,16.0,152.0,152.0,151.0,151.0,20.0,151.0,2026-07-21 23:03:00+00:00,32.0,-2.0,-2.0,-0.06666666666666667,151.25,152.0,150.0,0.9574271077563381,0.0,100.0
2026-07-21 23:02:44+00:00,20,20,153.0,50.0,random_bursty_workload,16.0,150.0,152.0,152.0,151.0,20.0,151.0,2026-07-21 23:03:16+00:00,32.0,3.0,1.0,0.03333333333333333,151.75,153.0,150.0,1.2583057392117916,0.0,103.0
2026-07-21 23:03:00+00:00,20,20,151.0,50.0,random_bursty_workload,16.0,153.0,150.0,152.0,152.0,20.0,151.0,2026-07-21 23:03:32+00:00,32.0,-2.0,1.0,0.03333333333333333,151.5,153.0,150.0,1.2909944487358056,0.0,101.0
2026-07-21 23:03:16+00:00,20,20,151.0,50.0,random_bursty_workload,16.0,151.0,153.0,150.0,152.0,20.0,131.0,2026-07-21 23:03:48+00:00,32.0,0.0,-2.0,-0.06666666666666667,151.25,153.0,150.0,1.2583057392117916,0.0,101.0
2026-07-21 23:03:32+00:00,20,20,151.0,50.0,random_bursty_workload,16.0,151.0,151.0,153.0,150.0,20.0,131.0,2026-07-21 23:04:04+00:00,32.0,0.0,0.0,0.0,151.5,153.0,151.0,1.0,0.0,101.0
2026-07-21 23:03:48+00:00,20,20,131.0,50.0,random_bursty_workload,16.0,151.0,151.0,151.0,153.0,20.0,131.0,2026-07-21 23:04:20+00:00,32.0,-20.0,-20.0,-0.6666666666666666,146.0,151.0,131.0,10.0,0.0,81.0
2026-07-21 23:04:04+00:00,20,20,131.0,50.0,random_bursty_workload,16.0,131.0,151.0,151.0,151.0,20.0,131.0,2026-07-21 23:04:36+00:00,32.0,0.0,-20.0,-0.6666666666666666,141.0,151.0,131.0,11.547005383792516,0.0,81.0
2026-07-21 23:04:20+00:00,20,20,131.0,50.0,random_bursty_workload,16.0,131.0,131.0,151.0,151.0,20.0,144.0,2026-07-21 23:04:52+00:00,32.0,0.0,0.0,0.0,136.0,151.0,131.0,10.0,0.0,81.0
2026-07-21 23:04:36+00:00,20,20,131.0,50.0,random_bursty_workload,16.0,131.0,131.0,131.0,151.0,20.0,144.0,2026-07-21 23:05:08+00:00,32.0,0.0,0.0,0.0,131.0,131.0,131.0,0.0,0.0,81.0
2026-07-21 23:04:52+00:00,20,20,144.0,50.0,random_bursty_workload,16.0,131.0,131.0,131.0,131.0,20.0,144.0,2026-07-21 23:05:24+00:00,32.0,13.0,13.0,0.43333333333333335,134.25,144.0,131.0,6.5,0.0,94.0
2026-07-21 23:05:08+00:00,20,20,144.0,50.0,random_bursty_workload,16.0,144.0,131.0,131.0,131.0,20.0,144.0,2026-07-21 23:05:40+00:00,32.0,0.0,13.0,0.43333333333333335,137.5,144.0,131.0,7.505553499465135,0.0,94.0
2026-07-21 23:05:24+00:00,20,20,144.0,50.0,random_bursty_workload,16.0,144.0,144.0,131.0,131.0,20.0,151.0,2026-07-21 23:05:57+00:00,33.0,0.0,0.0,0.0,140.75,144.0,131.0,6.5,0.0,94.0
2026-07-21 23:05:40+00:00,20,20,144.0,50.0,random_bursty_workload,16.0,144.0,144.0,144.0,131.0,20.0,151.0,2026-07-21 23:06:13+00:00,33.0,0.0,0.0,0.0,144.0,144.0,144.0,0.0,0.0,94.0
2026-07-21 23:05:57+00:00,20,20,151.0,50.0,random_bursty_workload,17.0,144.0,144.0,144.0,144.0,20.0,151.0,2026-07-21 23:06:29+00:00,32.0,7.0,7.0,0.23333333333333334,145.75,151.0,144.0,3.5,0.0,101.0
2026-07-21 23:06:13+00:00,20,20,151.0,50.0,random_bursty_workload,16.0,151.0,144.0,144.0,144.0,20.0,152.0,2026-07-21 23:06:45+00:00,32.0,0.0,7.0,0.23333333333333334,147.5,151.0,144.0,4.041451884327381,0.0,101.0
2026-07-21 23:06:29+00:00,20,20,151.0,50.0,random_bursty_workload,16.0,151.0,151.0,144.0,144.0,20.0,152.0,2026-07-21 23:07:01+00:00,32.0,0.0,0.0,0.0,149.25,151.0,144.0,3.5,0.0,101.0
2026-07-21 23:06:45+00:00,20,20,152.0,50.0,random_bursty_workload,16.0,151.0,151.0,151.0,144.0,20.0,152.0,2026-07-21 23:07:17+00:00,32.0,1.0,1.0,0.03333333333333333,151.25,152.0,151.0,0.5,0.0,102.0
2026-07-21 23:07:01+00:00,20,20,152.0,50.0,random_bursty_workload,16.0,152.0,151.0,151.0,151.0,20.0,152.0,2026-07-21 23:07:32+00:00,31.0,0.0,1.0,0.03333333333333333,151.5,152.0,151.0,0.5773502691896257,0.0,102.0
2026-07-21 23:07:17+00:00,20,20,152.0,50.0,random_bursty_workload,16.0,152.0,152.0,151.0,151.0,20.0,153.0,2026-07-21 23:07:48+00:00,31.0,0.0,0.0,0.0,151.75,152.0,151.0,0.5,0.0,102.0
2026-07-21 23:07:32+00:00,20,20,152.0,50.0,random_bursty_workload,15.0,152.0,152.0,152.0,151.0,20.0,153.0,2026-07-21 23:08:04+00:00,32.0,0.0,0.0,0.0,152.0,152.0,152.0,0.0,0.0,102.0
2026-07-21 23:07:48+00:00,20,20,153.0,50.0,random_bursty_workload,16.0,152.0,152.0,152.0,152.0,20.0,153.0,2026-07-21 23:08:20+00:00,32.0,1.0,1.0,0.03333333333333333,152.25,153.0,152.0,0.5,0.0,103.0
2026-07-21 23:08:04+00:00,20,20,153.0,50.0,random_bursty_workload,16.0,153.0,152.0,152.0,152.0,20.0,152.0,2026-07-21 23:08:36+00:00,32.0,0.0,1.0,0.03333333333333333,152.5,153.0,152.0,0.5773502691896257,0.0,103.0
2026-07-21 23:08:20+00:00,20,20,153.0,50.0,random_bursty_workload,16.0,153.0,153.0,152.0,152.0,20.0,152.0,2026-07-21 23:08:52+00:00,32.0,0.0,0.0,0.0,152.75,153.0,152.0,0.5,0.0,103.0
2026-07-21 23:08:36+00:00,20,20,152.0,50.0,random_bursty_workload,16.0,153.0,153.0,153.0,152.0,20.0,152.0,2026-07-21 23:09:08+00:00,32.0,-1.0,-1.0,-0.03333333333333333,152.75,153.0,152.0,0.5,0.0,102.0
2026-07-21 23:08:52+00:00,20,20,152.0,50.0,random_bursty_workload,16.0,152.0,153.0,153.0,153.0,20.0,152.0,2026-07-21 23:09:24+00:00,32.0,0.0,-1.0,-0.03333333333333333,152.5,153.0,152.0,0.5773502691896257,0.0,102.0
2026-07-21 23:09:08+00:00,20,20,152.0,50.0,random_bursty_workload,16.0,152.0,152.0,153.0,153.0,20.0,152.0,2026-07-21 23:09:40+00:00,32.0,0.0,0.0,0.0,152.25,153.0,152.0,0.5,0.0,102.0
2026-07-21 23:09:24+00:00,20,20,152.0,50.0,random_bursty_workload,16.0,152.0,152.0,152.0,153.0,20.0,153.0,2026-07-21 23:09:56+00:00,32.0,0.0,0.0,0.0,152.0,152.0,152.0,0.0,0.0,102.0
2026-07-21 23:09:40+00:00,20,20,152.0,50.0,random_bursty_workload,16.0,152.0,152.0,152.0,152.0,20.0,153.0,2026-07-21 23:10:12+00:00,32.0,0.0,0.0,0.0,152.0,152.0,152.0,0.0,0.0,102.0
2026-07-21 23:09:56+00:00,20,20,153.0,50.0,random_bursty_workload,16.0,152.0,152.0,152.0,152.0,20.0,153.0,2026-07-21 23:10:28+00:00,32.0,1.0,1.0,0.03333333333333333,152.25,153.0,152.0,0.5,0.0,103.0
2026-07-21 23:10:12+00:00,20,20,153.0,50.0,random_bursty_workload,16.0,153.0,152.0,152.0,152.0,20.0,153.0,2026-07-21 23:10:44+00:00,32.0,0.0,1.0,0.03333333333333333,152.5,153.0,152.0,0.5773502691896257,0.0,103.0
2026-07-21 23:10:28+00:00,20,20,153.0,50.0,random_bursty_workload,16.0,153.0,153.0,152.0,152.0,20.0,151.0,2026-07-21 23:11:00+00:00,32.0,0.0,0.0,0.0,152.75,153.0,152.0,0.5,0.0,103.0
2026-07-21 23:10:44+00:00,20,20,153.0,50.0,random_bursty_workload,16.0,153.0,153.0,153.0,152.0,20.0,151.0,2026-07-21 23:11:16+00:00,32.0,0.0,0.0,0.0,153.0,153.0,153.0,0.0,0.0,103.0
2026-07-21 23:11:00+00:00,20,20,151.0,50.0,random_bursty_workload,16.0,153.0,153.0,153.0,153.0,20.0,151.0,2026-07-21 23:11:32+00:00,32.0,-2.0,-2.0,-0.06666666666666667,152.5,153.0,151.0,1.0,0.0,101.0
2026-07-21 23:11:16+00:00,20,20,151.0,50.0,random_bursty_workload,16.0,151.0,153.0,153.0,153.0,20.0,143.0,2026-07-21 23:11:48+00:00,32.0,0.0,-2.0,-0.06666666666666667,152.0,153.0,151.0,1.1547005383792515,0.0,101.0
2026-07-21 23:11:32+00:00,20,20,151.0,50.0,random_bursty_workload,16.0,151.0,151.0,153.0,153.0,20.0,141.0,2026-07-21 23:12:04+00:00,32.0,0.0,0.0,0.0,151.5,153.0,151.0,1.0,0.0,101.0
2026-07-21 23:11:48+00:00,20,20,143.0,50.0,random_bursty_workload,16.0,151.0,151.0,151.0,153.0,20.0,143.0,2026-07-21 23:12:20+00:00,32.0,-8.0,-8.0,-0.26666666666666666,149.0,151.0,143.0,4.0,0.0,93.0
2026-07-21 23:12:04+00:00,20,20,141.0,50.0,random_bursty_workload,16.0,143.0,151.0,151.0,151.0,20.0,143.0,2026-07-21 23:12:36+00:00,32.0,-2.0,-10.0,-0.3333333333333333,146.5,151.0,141.0,5.259911279353167,0.0,91.0
2026-07-21 23:12:20+00:00,20,20,143.0,50.0,random_bursty_workload,16.0,141.0,143.0,151.0,151.0,20.0,149.0,2026-07-21 23:12:52+00:00,32.0,2.0,0.0,0.0,144.5,151.0,141.0,4.43471156521669,0.0,93.0
2026-07-21 23:12:36+00:00,20,20,143.0,50.0,random_bursty_workload,16.0,143.0,141.0,143.0,151.0,20.0,149.0,2026-07-21 23:13:08+00:00,32.0,0.0,2.0,0.06666666666666667,142.5,143.0,141.0,1.0,0.0,93.0
2026-07-21 23:12:52+00:00,20,20,149.0,50.0,random_bursty_workload,16.0,143.0,143.0,141.0,143.0,20.0,149.0,2026-07-21 23:13:24+00:00,32.0,6.0,6.0,0.2,144.0,149.0,141.0,3.4641016151377544,0.0,99.0
2026-07-21 23:13:08+00:00,20,20,149.0,50.0,random_bursty_workload,16.0,149.0,143.0,143.0,141.0,20.0,149.0,2026-07-21 23:13:40+00:00,32.0,0.0,6.0,0.2,146.0,149.0,143.0,3.4641016151377544,0.0,99.0
2026-07-21 23:13:24+00:00,20,20,149.0,50.0,random_bursty_workload,16.0,149.0,149.0,143.0,143.0,20.0,129.0,2026-07-21 23:13:56+00:00,32.0,0.0,0.0,0.0,147.5,149.0,143.0,3.0,0.0,99.0
2026-07-21 23:13:40+00:00,20,20,149.0,50.0,random_bursty_workload,16.0,149.0,149.0,149.0,143.0,20.0,129.0,2026-07-21 23:14:12+00:00,32.0,0.0,0.0,0.0,149.0,149.0,149.0,0.0,0.0,99.0
2026-07-21 23:13:56+00:00,20,20,129.0,50.0,random_bursty_workload,16.0,149.0,149.0,149.0,149.0,20.0,129.0,2026-07-21 23:14:28+00:00,32.0,-20.0,-20.0,-0.6666666666666666,144.0,149.0,129.0,10.0,0.0,79.0
2026-07-21 23:14:12+00:00,20,20,129.0,50.0,random_bursty_workload,16.0,129.0,149.0,149.0,149.0,20.0,129.0,2026-07-21 23:14:44+00:00,32.0,0.0,-20.0,-0.6666666666666666,139.0,149.0,129.0,11.547005383792516,0.0,79.0
2026-07-21 23:14:28+00:00,20,20,129.0,50.0,random_bursty_workload,16.0,129.0,129.0,149.0,149.0,20.0,145.0,2026-07-21 23:15:00+00:00,32.0,0.0,0.0,0.0,134.0,149.0,129.0,10.0,0.0,79.0
2026-07-21 23:14:44+00:00,20,20,129.0,50.0,random_bursty_workload,16.0,129.0,129.0,129.0,149.0,20.0,145.0,2026-07-21 23:15:16+00:00,32.0,0.0,0.0,0.0,129.0,129.0,129.0,0.0,0.0,79.0
2026-07-21 23:15:00+00:00,20,20,145.0,50.0,random_bursty_workload,16.0,129.0,129.0,129.0,129.0,20.0,144.0,2026-07-21 23:15:32+00:00,32.0,16.0,16.0,0.5333333333333333,133.0,145.0,129.0,8.0,0.0,95.0
2026-07-21 23:15:16+00:00,20,20,145.0,50.0,random_bursty_workload,16.0,145.0,129.0,129.0,129.0,20.0,153.0,2026-07-21 23:15:48+00:00,32.0,0.0,16.0,0.5333333333333333,137.0,145.0,129.0,9.237604307034012,0.0,95.0
2026-07-21 23:15:32+00:00,20,20,144.0,50.0,random_bursty_workload,16.0,145.0,145.0,129.0,129.0,20.0,151.0,2026-07-21 23:16:04+00:00,32.0,-1.0,-1.0,-0.03333333333333333,140.75,145.0,129.0,7.847504911329036,0.0,94.0
2026-07-21 23:15:48+00:00,20,20,153.0,50.0,random_bursty_workload,16.0,144.0,145.0,145.0,129.0,20.0,153.0,2026-07-21 23:16:21+00:00,33.0,9.0,8.0,0.26666666666666666,146.75,153.0,144.0,4.193248541803041,0.0,103.0
2026-07-21 23:16:04+00:00,20,20,151.0,50.0,random_bursty_workload,16.0,153.0,144.0,145.0,145.0,20.0,153.0,2026-07-21 23:16:37+00:00,33.0,-2.0,7.0,0.23333333333333334,148.25,153.0,144.0,4.425306015783918,0.0,101.0
2026-07-21 23:16:21+00:00,20,20,153.0,50.0,random_bursty_workload,17.0,151.0,153.0,144.0,145.0,20.0,151.0,2026-07-21 23:16:53+00:00,32.0,2.0,0.0,0.0,150.25,153.0,144.0,4.272001872658765,0.0,103.0
2026-07-21 23:16:37+00:00,20,20,153.0,50.0,random_bursty_workload,16.0,153.0,151.0,153.0,144.0,20.0,151.0,2026-07-21 23:17:09+00:00,32.0,0.0,2.0,0.06666666666666667,152.5,153.0,151.0,1.0,0.0,103.0
2026-07-21 23:16:53+00:00,20,20,151.0,50.0,random_bursty_workload,16.0,153.0,153.0,151.0,153.0,20.0,151.0,2026-07-21 23:17:24+00:00,31.0,-2.0,-2.0,-0.06666666666666667,152.0,153.0,151.0,1.1547005383792515,0.0,101.0
2026-07-21 23:17:09+00:00,20,20,151.0,50.0,random_bursty_workload,16.0,151.0,153.0,153.0,151.0,20.0,151.0,2026-07-21 23:17:40+00:00,31.0,0.0,-2.0,-0.06666666666666667,152.0,153.0,151.0,1.1547005383792515,0.0,101.0
2026-07-21 23:17:24+00:00,20,20,151.0,50.0,random_bursty_workload,15.0,151.0,151.0,153.0,153.0,20.0,153.0,2026-07-21 23:17:56+00:00,32.0,0.0,0.0,0.0,151.5,153.0,151.0,1.0,0.0,101.0
2026-07-21 23:17:40+00:00,20,20,151.0,50.0,random_bursty_workload,16.0,151.0,151.0,151.0,153.0,20.0,152.0,2026-07-21 23:18:13+00:00,33.0,0.0,0.0,0.0,151.0,151.0,151.0,0.0,0.0,101.0
2026-07-21 23:17:56+00:00,20,20,153.0,50.0,random_bursty_workload,16.0,151.0,151.0,151.0,151.0,20.0,153.0,2026-07-21 23:18:29+00:00,33.0,2.0,2.0,0.06666666666666667,151.5,153.0,151.0,1.0,0.0,103.0
2026-07-21 23:18:13+00:00,20,20,152.0,50.0,random_bursty_workload,17.0,153.0,151.0,151.0,151.0,20.0,153.0,2026-07-21 23:18:45+00:00,32.0,-1.0,1.0,0.03333333333333333,151.75,153.0,151.0,0.9574271077563381,0.0,102.0
2026-07-21 23:18:29+00:00,20,20,153.0,50.0,random_bursty_workload,16.0,152.0,153.0,151.0,151.0,20.0,151.0,2026-07-21 23:19:00+00:00,31.0,1.0,0.0,0.0,152.25,153.0,151.0,0.9574271077563381,0.0,103.0
2026-07-21 23:18:45+00:00,20,20,153.0,50.0,random_bursty_workload,16.0,153.0,152.0,153.0,151.0,20.0,151.0,2026-07-21 23:19:16+00:00,31.0,0.0,1.0,0.03333333333333333,152.75,153.0,152.0,0.5,0.0,103.0
2026-07-21 23:19:00+00:00,20,20,151.0,50.0,random_bursty_workload,15.0,153.0,153.0,152.0,153.0,20.0,151.0,2026-07-21 23:19:32+00:00,32.0,-2.0,-2.0,-0.06666666666666667,152.25,153.0,151.0,0.9574271077563381,0.0,101.0
2026-07-21 23:19:16+00:00,20,20,151.0,50.0,random_bursty_workload,16.0,151.0,153.0,153.0,152.0,20.0,150.0,2026-07-21 23:19:48+00:00,32.0,0.0,-2.0,-0.06666666666666667,152.0,153.0,151.0,1.1547005383792515,0.0,101.0
2026-07-21 23:19:32+00:00,20,20,151.0,50.0,random_bursty_workload,16.0,151.0,151.0,153.0,153.0,20.0,150.0,2026-07-21 23:20:04+00:00,32.0,0.0,0.0,0.0,151.5,153.0,151.0,1.0,0.0,101.0
2026-07-21 23:19:48+00:00,20,20,150.0,50.0,random_bursty_workload,16.0,151.0,151.0,151.0,153.0,20.0,150.0,2026-07-21 23:20:20+00:00,32.0,-1.0,-1.0,-0.03333333333333333,150.75,151.0,150.0,0.5,0.0,100.0
2026-07-21 23:20:04+00:00,20,20,150.0,50.0,random_bursty_workload,16.0,150.0,151.0,151.0,151.0,20.0,150.0,2026-07-21 23:20:35+00:00,31.0,0.0,-1.0,-0.03333333333333333,150.5,151.0,150.0,0.5773502691896257,0.0,100.0
2026-07-21 23:20:20+00:00,20,20,150.0,50.0,random_bursty_workload,16.0,150.0,150.0,151.0,151.0,20.0,102.0,2026-07-21 23:20:51+00:00,31.0,0.0,0.0,0.0,150.25,151.0,150.0,0.5,0.0,100.0
2026-07-21 23:20:35+00:00,20,20,150.0,50.0,random_bursty_workload,15.0,150.0,150.0,150.0,151.0,20.0,102.0,2026-07-21 23:21:06+00:00,31.0,0.0,0.0,0.0,150.0,150.0,150.0,0.0,0.0,100.0
2026-07-21 23:20:51+00:00,20,20,102.0,50.0,random_bursty_workload,16.0,150.0,150.0,150.0,150.0,20.0,102.0,2026-07-21 23:21:22+00:00,31.0,-48.0,-48.0,-1.6,138.0,150.0,102.0,24.0,0.0,52.0
2026-07-19 23:18:27+00:00,1,1,0.0,50.0,sudden_spike,6.0,0.0,0.0,0.0,0.0,1.0,9.0,2026-07-19 23:18:56+00:00,29.0,0.0,0.0,0.0,0.0,0.0,0.0,0.0,0.0,-50.0
2026-07-19 23:18:32+00:00,1,1,0.0,50.0,sudden_spike,5.0,0.0,0.0,0.0,0.0,1.0,9.0,2026-07-19 23:19:01+00:00,29.0,0.0,0.0,0.0,0.0,0.0,0.0,0.0,0.0,-50.0
2026-07-19 23:18:38+00:00,1,1,0.0,50.0,sudden_spike,6.0,0.0,0.0,0.0,0.0,1.0,9.0,2026-07-19 23:19:07+00:00,29.0,0.0,0.0,0.0,0.0,0.0,0.0,0.0,0.0,-50.0
2026-07-19 23:18:44+00:00,1,1,0.0,50.0,sudden_spike,6.0,0.0,0.0,0.0,0.0,1.0,9.0,2026-07-19 23:19:14+00:00,30.0,0.0,0.0,0.0,0.0,0.0,0.0,0.0,0.0,-50.0
2026-07-19 23:18:50+00:00,1,1,0.0,50.0,sudden_spike,6.0,0.0,0.0,0.0,0.0,1.0,9.0,2026-07-19 23:19:19+00:00,29.0,0.0,0.0,0.0,0.0,0.0,0.0,0.0,0.0,-50.0
2026-07-19 23:18:56+00:00,1,1,9.0,50.0,sudden_spike,6.0,0.0,0.0,0.0,0.0,1.0,9.0,2026-07-19 23:19:25+00:00,29.0,9.0,9.0,0.3,2.25,9.0,0.0,4.5,0.0,-41.0
2026-07-19 23:19:01+00:00,1,1,9.0,50.0,sudden_spike,5.0,0.0,0.0,0.0,0.0,1.0,9.0,2026-07-19 23:19:31+00:00,30.0,9.0,9.0,0.3,2.25,9.0,0.0,4.5,0.0,-41.0
2026-07-19 23:19:07+00:00,1,1,9.0,50.0,sudden_spike,6.0,0.0,0.0,0.0,0.0,1.0,9.0,2026-07-19 23:19:37+00:00,30.0,9.0,9.0,0.3,2.25,9.0,0.0,4.5,0.0,-41.0
2026-07-19 23:19:14+00:00,1,1,9.0,50.0,sudden_spike,7.0,9.0,0.0,0.0,0.0,1.0,9.0,2026-07-19 23:19:42+00:00,28.0,0.0,9.0,0.3,4.5,9.0,0.0,5.196152422706632,0.0,-41.0
2026-07-19 23:19:19+00:00,1,1,9.0,50.0,sudden_spike,5.0,9.0,0.0,0.0,0.0,1.0,9.0,2026-07-19 23:19:48+00:00,29.0,0.0,9.0,0.3,4.5,9.0,0.0,5.196152422706632,0.0,-41.0
2026-07-19 23:19:25+00:00,1,1,9.0,50.0,sudden_spike,6.0,9.0,9.0,0.0,0.0,1.0,9.0,2026-07-19 23:19:53+00:00,28.0,0.0,0.0,0.0,6.75,9.0,0.0,4.5,0.0,-41.0
2026-07-19 23:19:31+00:00,1,1,9.0,50.0,sudden_spike,6.0,9.0,9.0,0.0,0.0,1.0,115.0,2026-07-19 23:19:59+00:00,28.0,0.0,0.0,0.0,6.75,9.0,0.0,4.5,0.0,-41.0
2026-07-19 23:19:37+00:00,1,1,9.0,50.0,sudden_spike,6.0,9.0,9.0,0.0,0.0,1.0,115.0,2026-07-19 23:20:09+00:00,32.0,0.0,0.0,0.0,6.75,9.0,0.0,4.5,0.0,-41.0
2026-07-19 23:19:42+00:00,1,1,9.0,50.0,sudden_spike,5.0,9.0,9.0,9.0,0.0,1.0,115.0,2026-07-19 23:20:09+00:00,27.0,0.0,0.0,0.0,9.0,9.0,9.0,0.0,0.0,-41.0
2026-07-19 23:19:48+00:00,1,1,9.0,50.0,sudden_spike,6.0,9.0,9.0,9.0,0.0,1.0,115.0,2026-07-19 23:20:20+00:00,32.0,0.0,0.0,0.0,9.0,9.0,9.0,0.0,0.0,-41.0
2026-07-19 23:19:53+00:00,1,1,9.0,50.0,sudden_spike,5.0,9.0,9.0,9.0,0.0,1.0,115.0,2026-07-19 23:20:20+00:00,27.0,0.0,0.0,0.0,9.0,9.0,9.0,0.0,0.0,-41.0
2026-07-19 23:19:59+00:00,1,3,115.0,50.0,sudden_spike,6.0,9.0,9.0,9.0,9.0,1.0,133.0,2026-07-19 23:20:26+00:00,27.0,106.0,106.0,3.533333333333333,35.5,115.0,9.0,53.0,0.0,65.0
2026-07-19 23:20:04+00:00,1,3,115.0,50.0,sudden_spike,5.0,9.0,9.0,9.0,9.0,1.0,133.0,2026-07-19 23:20:32+00:00,28.0,106.0,106.0,3.533333333333333,35.5,115.0,9.0,53.0,0.0,65.0
2026-07-19 23:20:09+00:00,1,3,115.0,50.0,sudden_spike,5.0,9.0,9.0,9.0,9.0,1.0,133.0,2026-07-19 23:20:37+00:00,28.0,106.0,106.0,3.533333333333333,35.5,115.0,9.0,53.0,0.0,65.0
2026-07-19 23:20:15+00:00,3,3,115.0,50.0,sudden_spike,6.0,115.0,9.0,9.0,9.0,1.0,115.0,2026-07-19 23:20:43+00:00,28.0,0.0,106.0,3.533333333333333,62.0,115.0,9.0,61.19912853410033,2.0,65.0
2026-07-19 23:20:20+00:00,3,3,115.0,50.0,sudden_spike,5.0,115.0,9.0,9.0,9.0,1.0,115.0,2026-07-19 23:20:49+00:00,29.0,0.0,106.0,3.533333333333333,62.0,115.0,9.0,61.19912853410033,2.0,65.0
2026-07-19 23:20:26+00:00,3,3,133.0,50.0,sudden_spike,6.0,115.0,9.0,9.0,9.0,1.0,115.0,2026-07-19 23:20:55+00:00,29.0,18.0,124.0,4.133333333333334,66.5,133.0,9.0,66.80069859914141,2.0,83.0
2026-07-19 23:20:32+00:00,3,3,133.0,50.0,sudden_spike,6.0,115.0,115.0,9.0,9.0,3.0,111.0,2026-07-19 23:21:01+00:00,29.0,18.0,18.0,0.6,93.0,133.0,9.0,56.639209034025185,0.0,83.0
2026-07-19 23:20:37+00:00,3,3,133.0,50.0,sudden_spike,5.0,115.0,115.0,9.0,9.0,3.0,111.0,2026-07-19 23:21:06+00:00,29.0,18.0,18.0,0.6,93.0,133.0,9.0,56.639209034025185,0.0,83.0
2026-07-19 23:20:43+00:00,3,3,115.0,50.0,sudden_spike,6.0,133.0,115.0,115.0,9.0,3.0,111.0,2026-07-19 23:21:12+00:00,29.0,-18.0,0.0,0.0,119.5,133.0,115.0,9.0,0.0,65.0
2026-07-19 23:20:49+00:00,3,3,115.0,50.0,sudden_spike,6.0,133.0,115.0,115.0,9.0,3.0,111.0,2026-07-19 23:21:18+00:00,29.0,-18.0,0.0,0.0,119.5,133.0,115.0,9.0,0.0,65.0
2026-07-19 23:20:55+00:00,3,3,115.0,50.0,sudden_spike,6.0,133.0,133.0,115.0,9.0,3.0,111.0,2026-07-19 23:21:24+00:00,29.0,-18.0,-18.0,-0.6,124.0,133.0,115.0,10.392304845413264,0.0,65.0
2026-07-19 23:21:01+00:00,3,3,111.0,50.0,sudden_spike,6.0,115.0,133.0,115.0,115.0,3.0,131.0,2026-07-19 23:21:29+00:00,28.0,-4.0,-22.0,-0.7333333333333333,118.5,133.0,111.0,9.848857801796104,0.0,61.0
2026-07-19 23:21:06+00:00,3,3,111.0,50.0,sudden_spike,5.0,115.0,133.0,115.0,115.0,3.0,131.0,2026-07-19 23:21:35+00:00,29.0,-4.0,-22.0,-0.7333333333333333,118.5,133.0,111.0,9.848857801796104,0.0,61.0
2026-07-19 23:21:12+00:00,3,3,111.0,50.0,sudden_spike,6.0,115.0,115.0,133.0,115.0,3.0,131.0,2026-07-19 23:21:41+00:00,29.0,-4.0,-4.0,-0.13333333333333333,118.5,133.0,111.0,9.848857801796104,0.0,61.0
2026-07-19 23:21:18+00:00,3,3,111.0,50.0,sudden_spike,6.0,111.0,115.0,133.0,115.0,3.0,131.0,2026-07-19 23:21:47+00:00,29.0,0.0,-4.0,-0.13333333333333333,117.5,133.0,111.0,10.503967504392486,0.0,61.0
2026-07-19 23:21:24+00:00,3,3,111.0,50.0,sudden_spike,6.0,111.0,115.0,133.0,133.0,3.0,131.0,2026-07-19 23:21:53+00:00,29.0,0.0,-4.0,-0.13333333333333333,117.5,133.0,111.0,10.503967504392486,0.0,61.0
2026-07-19 23:21:29+00:00,3,3,131.0,50.0,sudden_spike,5.0,111.0,111.0,115.0,133.0,3.0,122.0,2026-07-19 23:21:58+00:00,29.0,20.0,20.0,0.6666666666666666,117.0,131.0,111.0,9.521904571390467,0.0,81.0
2026-07-19 23:21:35+00:00,3,3,131.0,50.0,sudden_spike,6.0,111.0,111.0,115.0,133.0,3.0,122.0,2026-07-19 23:22:04+00:00,29.0,20.0,20.0,0.6666666666666666,117.0,131.0,111.0,9.521904571390467,0.0,81.0
2026-07-19 23:21:41+00:00,3,3,131.0,50.0,sudden_spike,6.0,111.0,111.0,115.0,115.0,3.0,122.0,2026-07-19 23:22:10+00:00,29.0,20.0,20.0,0.6666666666666666,117.0,131.0,111.0,9.521904571390467,0.0,81.0
2026-07-19 23:21:47+00:00,3,3,131.0,50.0,sudden_spike,6.0,131.0,111.0,111.0,115.0,3.0,122.0,2026-07-19 23:22:16+00:00,29.0,0.0,20.0,0.6666666666666666,121.0,131.0,111.0,11.547005383792516,0.0,81.0
2026-07-19 23:21:53+00:00,3,3,131.0,50.0,sudden_spike,6.0,131.0,111.0,111.0,115.0,3.0,122.0,2026-07-19 23:22:21+00:00,28.0,0.0,20.0,0.6666666666666666,121.0,131.0,111.0,11.547005383792516,0.0,81.0
2026-07-19 23:21:58+00:00,3,6,122.0,50.0,sudden_spike,5.0,131.0,131.0,111.0,115.0,3.0,122.0,2026-07-19 23:22:27+00:00,29.0,-9.0,-9.0,-0.3,123.75,131.0,111.0,9.5,0.0,72.0
2026-07-19 23:22:04+00:00,3,6,122.0,50.0,sudden_spike,6.0,131.0,131.0,111.0,111.0,3.0,122.0,2026-07-19 23:22:32+00:00,28.0,-9.0,-9.0,-0.3,123.75,131.0,111.0,9.5,0.0,72.0
2026-07-19 23:22:10+00:00,3,6,122.0,50.0,sudden_spike,6.0,131.0,131.0,111.0,111.0,3.0,122.0,2026-07-19 23:22:37+00:00,27.0,-9.0,-9.0,-0.3,123.75,131.0,111.0,9.5,0.0,72.0
2026-07-19 23:22:16+00:00,6,8,122.0,50.0,sudden_spike,6.0,122.0,131.0,131.0,111.0,3.0,122.0,2026-07-19 23:22:48+00:00,32.0,0.0,-9.0,-0.3,126.5,131.0,122.0,5.196152422706632,3.0,72.0
2026-07-19 23:22:21+00:00,6,8,122.0,50.0,sudden_spike,5.0,122.0,131.0,131.0,111.0,3.0,122.0,2026-07-19 23:22:48+00:00,27.0,0.0,-9.0,-0.3,126.5,131.0,122.0,5.196152422706632,3.0,72.0
2026-07-19 23:22:27+00:00,8,8,122.0,50.0,sudden_spike,6.0,122.0,122.0,131.0,131.0,3.0,77.0,2026-07-19 23:22:59+00:00,32.0,0.0,0.0,0.0,124.25,131.0,122.0,4.5,5.0,72.0
2026-07-19 23:22:32+00:00,8,8,122.0,50.0,sudden_spike,5.0,122.0,122.0,131.0,131.0,6.0,77.0,2026-07-19 23:22:59+00:00,27.0,0.0,0.0,0.0,124.25,131.0,122.0,4.5,2.0,72.0
2026-07-19 23:22:37+00:00,8,8,122.0,50.0,sudden_spike,5.0,122.0,122.0,131.0,131.0,6.0,77.0,2026-07-19 23:23:05+00:00,28.0,0.0,0.0,0.0,124.25,131.0,122.0,4.5,2.0,72.0
2026-07-19 23:22:43+00:00,8,8,122.0,50.0,sudden_spike,6.0,122.0,122.0,122.0,131.0,8.0,77.0,2026-07-19 23:23:10+00:00,27.0,0.0,0.0,0.0,122.0,122.0,122.0,0.0,0.0,72.0
2026-07-19 23:22:48+00:00,8,8,122.0,50.0,sudden_spike,5.0,122.0,122.0,122.0,131.0,8.0,77.0,2026-07-19 23:23:16+00:00,28.0,0.0,0.0,0.0,122.0,122.0,122.0,0.0,0.0,72.0
2026-07-19 23:22:54+00:00,8,8,122.0,50.0,sudden_spike,6.0,122.0,122.0,122.0,131.0,8.0,77.0,2026-07-19 23:23:21+00:00,27.0,0.0,0.0,0.0,122.0,122.0,122.0,0.0,0.0,72.0
2026-07-19 23:22:59+00:00,8,8,77.0,50.0,sudden_spike,5.0,122.0,122.0,122.0,122.0,8.0,77.0,2026-07-19 23:23:27+00:00,28.0,-45.0,-45.0,-1.5,110.75,122.0,77.0,22.5,0.0,27.0
2026-07-19 23:23:05+00:00,8,8,77.0,50.0,sudden_spike,6.0,122.0,122.0,122.0,122.0,8.0,77.0,2026-07-19 23:23:32+00:00,27.0,-45.0,-45.0,-1.5,110.75,122.0,77.0,22.5,0.0,27.0
2026-07-19 23:23:10+00:00,8,8,77.0,50.0,sudden_spike,5.0,122.0,122.0,122.0,122.0,8.0,77.0,2026-07-19 23:23:38+00:00,28.0,-45.0,-45.0,-1.5,110.75,122.0,77.0,22.5,0.0,27.0
2026-07-19 23:23:16+00:00,8,8,77.0,50.0,sudden_spike,6.0,77.0,122.0,122.0,122.0,8.0,77.0,2026-07-19 23:23:43+00:00,27.0,0.0,-45.0,-1.5,99.5,122.0,77.0,25.98076211353316,0.0,27.0
2026-07-19 23:23:21+00:00,8,8,77.0,50.0,sudden_spike,5.0,77.0,122.0,122.0,122.0,8.0,77.0,2026-07-19 23:23:49+00:00,28.0,0.0,-45.0,-1.5,99.5,122.0,77.0,25.98076211353316,0.0,27.0
2026-07-19 23:23:27+00:00,8,8,77.0,50.0,sudden_spike,6.0,77.0,77.0,122.0,122.0,8.0,227.0,2026-07-19 23:23:59+00:00,32.0,0.0,0.0,0.0,88.25,122.0,77.0,22.5,0.0,27.0
2026-07-19 23:23:32+00:00,8,8,77.0,50.0,sudden_spike,5.0,77.0,77.0,122.0,122.0,8.0,227.0,2026-07-19 23:23:59+00:00,27.0,0.0,0.0,0.0,88.25,122.0,77.0,22.5,0.0,27.0
2026-07-19 23:23:38+00:00,8,8,77.0,50.0,sudden_spike,6.0,77.0,77.0,122.0,122.0,8.0,227.0,2026-07-19 23:24:05+00:00,27.0,0.0,0.0,0.0,88.25,122.0,77.0,22.5,0.0,27.0
2026-07-19 23:23:43+00:00,8,8,77.0,50.0,sudden_spike,5.0,77.0,77.0,77.0,122.0,8.0,227.0,2026-07-19 23:24:11+00:00,28.0,0.0,0.0,0.0,77.0,77.0,77.0,0.0,0.0,27.0
2026-07-19 23:23:49+00:00,8,8,77.0,50.0,sudden_spike,6.0,77.0,77.0,77.0,122.0,8.0,227.0,2026-07-19 23:24:17+00:00,28.0,0.0,0.0,0.0,77.0,77.0,77.0,0.0,0.0,27.0
2026-07-19 23:23:54+00:00,8,8,77.0,50.0,sudden_spike,5.0,77.0,77.0,77.0,122.0,8.0,227.0,2026-07-19 23:24:23+00:00,29.0,0.0,0.0,0.0,77.0,77.0,77.0,0.0,0.0,27.0
2026-07-19 23:23:59+00:00,8,10,227.0,50.0,sudden_spike,5.0,77.0,77.0,77.0,77.0,8.0,227.0,2026-07-19 23:24:29+00:00,30.0,150.0,150.0,5.0,114.5,227.0,77.0,75.0,0.0,177.0
2026-07-19 23:24:05+00:00,8,10,227.0,50.0,sudden_spike,6.0,77.0,77.0,77.0,77.0,8.0,227.0,2026-07-19 23:24:34+00:00,29.0,150.0,150.0,5.0,114.5,227.0,77.0,75.0,0.0,177.0
2026-07-19 23:24:11+00:00,10,10,227.0,50.0,sudden_spike,6.0,77.0,77.0,77.0,77.0,8.0,227.0,2026-07-19 23:24:40+00:00,29.0,150.0,150.0,5.0,114.5,227.0,77.0,75.0,2.0,177.0
2026-07-19 23:24:17+00:00,10,10,227.0,50.0,sudden_spike,6.0,227.0,77.0,77.0,77.0,8.0,227.0,2026-07-19 23:24:46+00:00,29.0,0.0,150.0,5.0,152.0,227.0,77.0,86.60254037844386,2.0,177.0
2026-07-19 23:24:23+00:00,10,10,227.0,50.0,sudden_spike,6.0,227.0,77.0,77.0,77.0,8.0,227.0,2026-07-19 23:24:52+00:00,29.0,0.0,150.0,5.0,152.0,227.0,77.0,86.60254037844386,2.0,177.0
2026-07-19 23:24:29+00:00,10,10,227.0,50.0,sudden_spike,6.0,227.0,227.0,77.0,77.0,10.0,227.0,2026-07-19 23:24:58+00:00,29.0,0.0,0.0,0.0,189.5,227.0,77.0,75.0,0.0,177.0
2026-07-19 23:24:34+00:00,10,10,227.0,50.0,sudden_spike,5.0,227.0,227.0,77.0,77.0,10.0,227.0,2026-07-19 23:25:04+00:00,30.0,0.0,0.0,0.0,189.5,227.0,77.0,75.0,0.0,177.0
2026-07-19 23:24:40+00:00,10,10,227.0,50.0,sudden_spike,6.0,227.0,227.0,77.0,77.0,10.0,227.0,2026-07-19 23:25:09+00:00,29.0,0.0,0.0,0.0,189.5,227.0,77.0,75.0,0.0,177.0
2026-07-19 23:24:46+00:00,10,10,227.0,50.0,sudden_spike,6.0,227.0,227.0,227.0,77.0,10.0,227.0,2026-07-19 23:25:15+00:00,29.0,0.0,0.0,0.0,227.0,227.0,227.0,0.0,0.0,177.0
2026-07-19 23:24:52+00:00,10,10,227.0,50.0,sudden_spike,6.0,227.0,227.0,227.0,77.0,10.0,227.0,2026-07-19 23:25:21+00:00,29.0,0.0,0.0,0.0,227.0,227.0,227.0,0.0,0.0,177.0
2026-07-19 23:24:58+00:00,10,10,227.0,50.0,sudden_spike,6.0,227.0,227.0,227.0,227.0,10.0,227.0,2026-07-19 23:25:27+00:00,29.0,0.0,0.0,0.0,227.0,227.0,227.0,0.0,0.0,177.0
2026-07-19 23:25:04+00:00,10,10,227.0,50.0,sudden_spike,6.0,227.0,227.0,227.0,227.0,10.0,227.0,2026-07-19 23:25:33+00:00,29.0,0.0,0.0,0.0,227.0,227.0,227.0,0.0,0.0,177.0
2026-07-19 23:25:09+00:00,10,10,227.0,50.0,sudden_spike,5.0,227.0,227.0,227.0,227.0,10.0,227.0,2026-07-19 23:25:39+00:00,30.0,0.0,0.0,0.0,227.0,227.0,227.0,0.0,0.0,177.0
2026-07-19 23:25:15+00:00,10,10,227.0,50.0,sudden_spike,6.0,227.0,227.0,227.0,227.0,10.0,227.0,2026-07-19 23:25:44+00:00,29.0,0.0,0.0,0.0,227.0,227.0,227.0,0.0,0.0,177.0
2026-07-19 23:25:21+00:00,10,10,227.0,50.0,sudden_spike,6.0,227.0,227.0,227.0,227.0,10.0,227.0,2026-07-19 23:25:50+00:00,29.0,0.0,0.0,0.0,227.0,227.0,227.0,0.0,0.0,177.0
2026-07-19 23:25:27+00:00,10,10,227.0,50.0,sudden_spike,6.0,227.0,227.0,227.0,227.0,10.0,182.0,2026-07-19 23:25:56+00:00,29.0,0.0,0.0,0.0,227.0,227.0,227.0,0.0,0.0,177.0
2026-07-19 23:25:33+00:00,10,10,227.0,50.0,sudden_spike,6.0,227.0,227.0,227.0,227.0,10.0,182.0,2026-07-19 23:26:02+00:00,29.0,0.0,0.0,0.0,227.0,227.0,227.0,0.0,0.0,177.0
2026-07-19 23:25:39+00:00,10,10,227.0,50.0,sudden_spike,6.0,227.0,227.0,227.0,227.0,10.0,182.0,2026-07-19 23:26:08+00:00,29.0,0.0,0.0,0.0,227.0,227.0,227.0,0.0,0.0,177.0
2026-07-19 23:25:44+00:00,10,10,227.0,50.0,sudden_spike,5.0,227.0,227.0,227.0,227.0,10.0,182.0,2026-07-19 23:26:14+00:00,30.0,0.0,0.0,0.0,227.0,227.0,227.0,0.0,0.0,177.0
2026-07-19 23:25:50+00:00,10,10,227.0,50.0,sudden_spike,6.0,227.0,227.0,227.0,227.0,10.0,182.0,2026-07-19 23:26:20+00:00,30.0,0.0,0.0,0.0,227.0,227.0,227.0,0.0,0.0,177.0
2026-07-19 23:25:56+00:00,10,10,182.0,50.0,sudden_spike,6.0,227.0,227.0,227.0,227.0,10.0,182.0,2026-07-19 23:26:25+00:00,29.0,-45.0,-45.0,-1.5,215.75,227.0,182.0,22.5,0.0,132.0
2026-07-19 23:26:02+00:00,10,10,182.0,50.0,sudden_spike,6.0,227.0,227.0,227.0,227.0,10.0,182.0,2026-07-19 23:26:31+00:00,29.0,-45.0,-45.0,-1.5,215.75,227.0,182.0,22.5,0.0,132.0
2026-07-19 23:26:08+00:00,10,10,182.0,50.0,sudden_spike,6.0,227.0,227.0,227.0,227.0,10.0,182.0,2026-07-19 23:26:37+00:00,29.0,-45.0,-45.0,-1.5,215.75,227.0,182.0,22.5,0.0,132.0
2026-07-19 23:26:14+00:00,10,10,182.0,50.0,sudden_spike,6.0,182.0,227.0,227.0,227.0,10.0,182.0,2026-07-19 23:26:43+00:00,29.0,0.0,-45.0,-1.5,204.5,227.0,182.0,25.98076211353316,0.0,132.0
2026-07-19 23:26:20+00:00,10,10,182.0,50.0,sudden_spike,6.0,182.0,227.0,227.0,227.0,10.0,182.0,2026-07-19 23:26:49+00:00,29.0,0.0,-45.0,-1.5,204.5,227.0,182.0,25.98076211353316,0.0,132.0
2026-07-19 23:26:25+00:00,10,10,182.0,50.0,sudden_spike,5.0,182.0,182.0,227.0,227.0,10.0,182.0,2026-07-19 23:26:54+00:00,29.0,0.0,0.0,0.0,193.25,227.0,182.0,22.5,0.0,132.0
2026-07-19 23:26:31+00:00,10,10,182.0,50.0,sudden_spike,6.0,182.0,182.0,227.0,227.0,10.0,183.0,2026-07-19 23:27:00+00:00,29.0,0.0,0.0,0.0,193.25,227.0,182.0,22.5,0.0,132.0
2026-07-19 23:26:37+00:00,10,10,182.0,50.0,sudden_spike,6.0,182.0,182.0,227.0,227.0,10.0,183.0,2026-07-19 23:27:06+00:00,29.0,0.0,0.0,0.0,193.25,227.0,182.0,22.5,0.0,132.0
2026-07-19 23:26:43+00:00,10,10,182.0,50.0,sudden_spike,6.0,182.0,182.0,182.0,227.0,10.0,183.0,2026-07-19 23:27:12+00:00,29.0,0.0,0.0,0.0,182.0,182.0,182.0,0.0,0.0,132.0
2026-07-19 23:26:49+00:00,10,10,182.0,50.0,sudden_spike,6.0,182.0,182.0,182.0,227.0,10.0,183.0,2026-07-19 23:27:18+00:00,29.0,0.0,0.0,0.0,182.0,182.0,182.0,0.0,0.0,132.0
2026-07-19 23:26:54+00:00,10,10,182.0,50.0,sudden_spike,5.0,182.0,182.0,182.0,182.0,10.0,183.0,2026-07-19 23:27:23+00:00,29.0,0.0,0.0,0.0,182.0,182.0,182.0,0.0,0.0,132.0
2026-07-19 23:27:00+00:00,10,10,183.0,50.0,sudden_spike,6.0,182.0,182.0,182.0,182.0,10.0,183.0,2026-07-19 23:27:29+00:00,29.0,1.0,1.0,0.03333333333333333,182.25,183.0,182.0,0.5,0.0,133.0
2026-07-19 23:27:06+00:00,10,10,183.0,50.0,sudden_spike,6.0,182.0,182.0,182.0,182.0,10.0,183.0,2026-07-19 23:27:35+00:00,29.0,1.0,1.0,0.03333333333333333,182.25,183.0,182.0,0.5,0.0,133.0
2026-07-19 23:27:12+00:00,10,10,183.0,50.0,sudden_spike,6.0,182.0,182.0,182.0,182.0,10.0,183.0,2026-07-19 23:27:41+00:00,29.0,1.0,1.0,0.03333333333333333,182.25,183.0,182.0,0.5,0.0,133.0
2026-07-19 23:27:18+00:00,10,10,183.0,50.0,sudden_spike,6.0,183.0,182.0,182.0,182.0,10.0,183.0,2026-07-19 23:27:47+00:00,29.0,0.0,1.0,0.03333333333333333,182.5,183.0,182.0,0.5773502691896257,0.0,133.0
2026-07-19 23:27:23+00:00,10,10,183.0,50.0,sudden_spike,5.0,183.0,182.0,182.0,182.0,10.0,183.0,2026-07-19 23:27:53+00:00,30.0,0.0,1.0,0.03333333333333333,182.5,183.0,182.0,0.5773502691896257,0.0,133.0
2026-07-19 23:27:29+00:00,10,10,183.0,50.0,sudden_spike,6.0,183.0,183.0,182.0,182.0,10.0,182.0,2026-07-19 23:27:58+00:00,29.0,0.0,0.0,0.0,182.75,183.0,182.0,0.5,0.0,133.0
2026-07-19 23:27:35+00:00,10,10,183.0,50.0,sudden_spike,6.0,183.0,183.0,182.0,182.0,10.0,182.0,2026-07-19 23:28:04+00:00,29.0,0.0,0.0,0.0,182.75,183.0,182.0,0.5,0.0,133.0
2026-07-19 23:27:41+00:00,10,10,183.0,50.0,sudden_spike,6.0,183.0,183.0,182.0,182.0,10.0,182.0,2026-07-19 23:28:10+00:00,29.0,0.0,0.0,0.0,182.75,183.0,182.0,0.5,0.0,133.0
2026-07-19 23:27:47+00:00,10,10,183.0,50.0,sudden_spike,6.0,183.0,183.0,183.0,182.0,10.0,182.0,2026-07-19 23:28:16+00:00,29.0,0.0,0.0,0.0,183.0,183.0,183.0,0.0,0.0,133.0
2026-07-19 23:27:53+00:00,10,10,183.0,50.0,sudden_spike,6.0,183.0,183.0,183.0,182.0,10.0,182.0,2026-07-19 23:28:22+00:00,29.0,0.0,0.0,0.0,183.0,183.0,183.0,0.0,0.0,133.0
2026-07-19 23:27:58+00:00,10,10,182.0,50.0,sudden_spike,5.0,183.0,183.0,183.0,183.0,10.0,182.0,2026-07-19 23:28:27+00:00,29.0,-1.0,-1.0,-0.03333333333333333,182.75,183.0,182.0,0.5,0.0,132.0
2026-07-19 23:28:04+00:00,10,10,182.0,50.0,sudden_spike,6.0,183.0,183.0,183.0,183.0,10.0,182.0,2026-07-19 23:28:33+00:00,29.0,-1.0,-1.0,-0.03333333333333333,182.75,183.0,182.0,0.5,0.0,132.0
2026-07-19 23:28:10+00:00,10,10,182.0,50.0,sudden_spike,6.0,183.0,183.0,183.0,183.0,10.0,182.0,2026-07-19 23:28:39+00:00,29.0,-1.0,-1.0,-0.03333333333333333,182.75,183.0,182.0,0.5,0.0,132.0
2026-07-19 23:28:16+00:00,10,10,182.0,50.0,sudden_spike,6.0,182.0,183.0,183.0,183.0,10.0,182.0,2026-07-19 23:28:45+00:00,29.0,0.0,-1.0,-0.03333333333333333,182.5,183.0,182.0,0.5773502691896257,0.0,132.0
2026-07-19 23:28:22+00:00,10,10,182.0,50.0,sudden_spike,6.0,182.0,183.0,183.0,183.0,10.0,182.0,2026-07-19 23:28:50+00:00,28.0,0.0,-1.0,-0.03333333333333333,182.5,183.0,182.0,0.5773502691896257,0.0,132.0
2026-07-19 23:28:27+00:00,10,10,182.0,50.0,sudden_spike,5.0,182.0,182.0,183.0,183.0,10.0,182.0,2026-07-19 23:28:56+00:00,29.0,0.0,0.0,0.0,182.25,183.0,182.0,0.5,0.0,132.0
2026-07-19 23:28:33+00:00,10,10,182.0,50.0,sudden_spike,6.0,182.0,182.0,183.0,183.0,10.0,182.0,2026-07-19 23:29:02+00:00,29.0,0.0,0.0,0.0,182.25,183.0,182.0,0.5,0.0,132.0
2026-07-19 23:28:39+00:00,10,10,182.0,50.0,sudden_spike,6.0,182.0,182.0,183.0,183.0,10.0,182.0,2026-07-19 23:29:08+00:00,29.0,0.0,0.0,0.0,182.25,183.0,182.0,0.5,0.0,132.0
2026-07-19 23:28:45+00:00,10,10,182.0,50.0,sudden_spike,6.0,182.0,182.0,182.0,183.0,10.0,182.0,2026-07-19 23:29:14+00:00,29.0,0.0,0.0,0.0,182.0,182.0,182.0,0.0,0.0,132.0
2026-07-19 23:28:50+00:00,10,10,182.0,50.0,sudden_spike,5.0,182.0,182.0,182.0,183.0,10.0,182.0,2026-07-19 23:29:20+00:00,30.0,0.0,0.0,0.0,182.0,182.0,182.0,0.0,0.0,132.0
2026-07-19 23:28:56+00:00,10,10,182.0,50.0,sudden_spike,6.0,182.0,182.0,182.0,182.0,10.0,182.0,2026-07-19 23:29:26+00:00,30.0,0.0,0.0,0.0,182.0,182.0,182.0,0.0,0.0,132.0
2026-07-19 23:29:02+00:00,10,10,182.0,50.0,sudden_spike,6.0,182.0,182.0,182.0,182.0,10.0,182.0,2026-07-19 23:29:32+00:00,30.0,0.0,0.0,0.0,182.0,182.0,182.0,0.0,0.0,132.0
2026-07-19 23:29:08+00:00,10,10,182.0,50.0,sudden_spike,6.0,182.0,182.0,182.0,182.0,10.0,182.0,2026-07-19 23:29:38+00:00,30.0,0.0,0.0,0.0,182.0,182.0,182.0,0.0,0.0,132.0
2026-07-19 23:29:14+00:00,10,10,182.0,50.0,sudden_spike,6.0,182.0,182.0,182.0,182.0,10.0,182.0,2026-07-19 23:29:44+00:00,30.0,0.0,0.0,0.0,182.0,182.0,182.0,0.0,0.0,132.0
2026-07-19 23:29:20+00:00,10,10,182.0,50.0,sudden_spike,6.0,182.0,182.0,182.0,182.0,10.0,182.0,2026-07-19 23:29:50+00:00,30.0,0.0,0.0,0.0,182.0,182.0,182.0,0.0,0.0,132.0
2026-07-19 23:29:26+00:00,10,10,182.0,50.0,sudden_spike,6.0,182.0,182.0,182.0,182.0,10.0,182.0,2026-07-19 23:29:55+00:00,29.0,0.0,0.0,0.0,182.0,182.0,182.0,0.0,0.0,132.0
2026-07-19 23:29:32+00:00,10,10,182.0,50.0,sudden_spike,6.0,182.0,182.0,182.0,182.0,10.0,173.0,2026-07-19 23:30:01+00:00,29.0,0.0,0.0,0.0,182.0,182.0,182.0,0.0,0.0,132.0
2026-07-19 23:29:38+00:00,10,10,182.0,50.0,sudden_spike,6.0,182.0,182.0,182.0,182.0,10.0,173.0,2026-07-19 23:30:07+00:00,29.0,0.0,0.0,0.0,182.0,182.0,182.0,0.0,0.0,132.0
2026-07-19 23:29:44+00:00,10,10,182.0,50.0,sudden_spike,6.0,182.0,182.0,182.0,182.0,10.0,172.0,2026-07-19 23:30:13+00:00,29.0,0.0,0.0,0.0,182.0,182.0,182.0,0.0,0.0,132.0
2026-07-19 23:29:50+00:00,10,10,182.0,50.0,sudden_spike,6.0,182.0,182.0,182.0,182.0,10.0,172.0,2026-07-19 23:30:19+00:00,29.0,0.0,0.0,0.0,182.0,182.0,182.0,0.0,0.0,132.0
2026-07-19 23:29:55+00:00,10,10,182.0,50.0,sudden_spike,5.0,182.0,182.0,182.0,182.0,10.0,172.0,2026-07-19 23:30:25+00:00,30.0,0.0,0.0,0.0,182.0,182.0,182.0,0.0,0.0,132.0
2026-07-19 23:30:01+00:00,10,10,173.0,50.0,sudden_spike,6.0,182.0,182.0,182.0,182.0,10.0,173.0,2026-07-19 23:30:31+00:00,30.0,-9.0,-9.0,-0.3,179.75,182.0,173.0,4.5,0.0,123.0
2026-07-19 23:30:07+00:00,10,10,173.0,50.0,sudden_spike,6.0,182.0,182.0,182.0,182.0,10.0,173.0,2026-07-19 23:30:36+00:00,29.0,-9.0,-9.0,-0.3,179.75,182.0,173.0,4.5,0.0,123.0
2026-07-19 23:30:13+00:00,10,10,172.0,50.0,sudden_spike,6.0,182.0,182.0,182.0,182.0,10.0,173.0,2026-07-19 23:30:42+00:00,29.0,-10.0,-10.0,-0.3333333333333333,179.5,182.0,172.0,5.0,0.0,122.0
2026-07-19 23:30:19+00:00,10,10,172.0,50.0,sudden_spike,6.0,173.0,182.0,182.0,182.0,10.0,173.0,2026-07-19 23:30:48+00:00,29.0,-1.0,-10.0,-0.3333333333333333,177.25,182.0,172.0,5.5,0.0,122.0
2026-07-19 23:30:25+00:00,10,10,172.0,50.0,sudden_spike,6.0,173.0,182.0,182.0,182.0,10.0,173.0,2026-07-19 23:30:54+00:00,29.0,-1.0,-10.0,-0.3333333333333333,177.25,182.0,172.0,5.5,0.0,122.0
2026-07-19 23:30:31+00:00,10,10,173.0,50.0,sudden_spike,6.0,172.0,173.0,182.0,182.0,10.0,121.0,2026-07-19 23:31:00+00:00,29.0,1.0,0.0,0.0,175.0,182.0,172.0,4.69041575982343,0.0,123.0
2026-07-19 23:30:36+00:00,10,10,173.0,50.0,sudden_spike,5.0,172.0,173.0,182.0,182.0,10.0,121.0,2026-07-19 23:31:06+00:00,30.0,1.0,0.0,0.0,175.0,182.0,172.0,4.69041575982343,0.0,123.0
2026-07-19 23:30:42+00:00,10,10,173.0,50.0,sudden_spike,6.0,172.0,172.0,182.0,182.0,10.0,121.0,2026-07-19 23:31:12+00:00,30.0,1.0,1.0,0.03333333333333333,174.75,182.0,172.0,4.856267428111155,0.0,123.0
2026-07-19 23:30:48+00:00,10,10,173.0,50.0,sudden_spike,6.0,173.0,172.0,173.0,182.0,10.0,121.0,2026-07-19 23:31:17+00:00,29.0,0.0,1.0,0.03333333333333333,172.75,173.0,172.0,0.5,0.0,123.0
2026-07-19 23:30:54+00:00,10,10,173.0,50.0,sudden_spike,6.0,173.0,172.0,173.0,182.0,10.0,121.0,2026-07-19 23:31:23+00:00,29.0,0.0,1.0,0.03333333333333333,172.75,173.0,172.0,0.5,0.0,123.0
2026-07-19 23:31:00+00:00,10,10,121.0,50.0,sudden_spike,6.0,173.0,173.0,172.0,173.0,10.0,121.0,2026-07-19 23:31:29+00:00,29.0,-52.0,-52.0,-1.7333333333333334,159.75,173.0,121.0,25.837634050611783,0.0,71.0
2026-07-19 23:31:06+00:00,10,10,121.0,50.0,sudden_spike,6.0,173.0,173.0,172.0,173.0,10.0,121.0,2026-07-19 23:31:35+00:00,29.0,-52.0,-52.0,-1.7333333333333334,159.75,173.0,121.0,25.837634050611783,0.0,71.0
2026-07-19 23:31:12+00:00,10,10,121.0,50.0,sudden_spike,6.0,173.0,173.0,172.0,172.0,10.0,121.0,2026-07-19 23:31:41+00:00,29.0,-52.0,-52.0,-1.7333333333333334,159.75,173.0,121.0,25.837634050611783,0.0,71.0
2026-07-19 23:31:17+00:00,10,10,121.0,50.0,sudden_spike,5.0,121.0,173.0,173.0,172.0,10.0,122.0,2026-07-19 23:31:47+00:00,30.0,0.0,-52.0,-1.7333333333333334,147.0,173.0,121.0,30.02221399786054,0.0,71.0
2026-07-19 23:31:23+00:00,10,10,121.0,50.0,sudden_spike,6.0,121.0,173.0,173.0,172.0,10.0,122.0,2026-07-19 23:31:52+00:00,29.0,0.0,-52.0,-1.7333333333333334,147.0,173.0,121.0,30.02221399786054,0.0,71.0
2026-07-19 23:31:29+00:00,10,10,121.0,50.0,sudden_spike,6.0,121.0,121.0,173.0,173.0,10.0,113.0,2026-07-19 23:31:58+00:00,29.0,0.0,0.0,0.0,134.0,173.0,121.0,26.0,0.0,71.0
2026-07-19 23:31:35+00:00,10,10,121.0,50.0,sudden_spike,6.0,121.0,121.0,173.0,173.0,10.0,113.0,2026-07-19 23:32:03+00:00,28.0,0.0,0.0,0.0,134.0,173.0,121.0,26.0,0.0,71.0
2026-07-19 23:31:41+00:00,10,10,121.0,50.0,sudden_spike,6.0,121.0,121.0,173.0,173.0,10.0,113.0,2026-07-19 23:32:09+00:00,28.0,0.0,0.0,0.0,134.0,173.0,121.0,26.0,0.0,71.0
2026-07-19 23:31:47+00:00,10,10,122.0,50.0,sudden_spike,6.0,121.0,121.0,121.0,173.0,10.0,113.0,2026-07-19 23:32:14+00:00,27.0,1.0,1.0,0.03333333333333333,121.25,122.0,121.0,0.5,0.0,72.0
2026-07-19 23:31:52+00:00,10,10,122.0,50.0,sudden_spike,5.0,121.0,121.0,121.0,173.0,10.0,113.0,2026-07-19 23:32:20+00:00,28.0,1.0,1.0,0.03333333333333333,121.25,122.0,121.0,0.5,0.0,72.0
2026-07-19 23:31:58+00:00,10,10,113.0,50.0,sudden_spike,6.0,121.0,121.0,121.0,121.0,10.0,113.0,2026-07-19 23:32:25+00:00,27.0,-8.0,-8.0,-0.26666666666666666,119.0,121.0,113.0,4.0,0.0,63.0
2026-07-19 23:32:03+00:00,10,10,113.0,50.0,sudden_spike,5.0,122.0,121.0,121.0,121.0,10.0,113.0,2026-07-19 23:32:31+00:00,28.0,-9.0,-8.0,-0.26666666666666666,119.25,122.0,113.0,4.193248541803041,0.0,63.0
2026-07-19 23:32:09+00:00,10,10,113.0,50.0,sudden_spike,6.0,122.0,121.0,121.0,121.0,10.0,113.0,2026-07-19 23:32:36+00:00,27.0,-9.0,-8.0,-0.26666666666666666,119.25,122.0,113.0,4.193248541803041,0.0,63.0
2026-07-19 23:32:14+00:00,10,10,113.0,50.0,sudden_spike,5.0,113.0,121.0,121.0,121.0,10.0,113.0,2026-07-19 23:32:42+00:00,28.0,0.0,-8.0,-0.26666666666666666,117.0,121.0,113.0,4.618802153517006,0.0,63.0
2026-07-19 23:32:20+00:00,10,10,113.0,50.0,sudden_spike,6.0,113.0,122.0,121.0,121.0,10.0,113.0,2026-07-19 23:32:48+00:00,28.0,0.0,-9.0,-0.3,117.25,122.0,113.0,4.924428900898052,0.0,63.0
2026-07-19 23:32:25+00:00,10,10,113.0,50.0,sudden_spike,5.0,113.0,122.0,121.0,121.0,10.0,113.0,2026-07-19 23:32:53+00:00,28.0,0.0,-9.0,-0.3,117.25,122.0,113.0,4.924428900898052,0.0,63.0
2026-07-19 23:32:31+00:00,10,10,113.0,50.0,sudden_spike,6.0,113.0,113.0,122.0,121.0,10.0,119.0,2026-07-19 23:32:59+00:00,28.0,0.0,0.0,0.0,115.25,122.0,113.0,4.5,0.0,63.0
2026-07-19 23:32:36+00:00,10,10,113.0,50.0,sudden_spike,5.0,113.0,113.0,122.0,121.0,10.0,119.0,2026-07-19 23:33:05+00:00,29.0,0.0,0.0,0.0,115.25,122.0,113.0,4.5,0.0,63.0
2026-07-19 23:32:42+00:00,10,10,113.0,50.0,sudden_spike,6.0,113.0,113.0,113.0,121.0,10.0,119.0,2026-07-19 23:33:11+00:00,29.0,0.0,0.0,0.0,113.0,113.0,113.0,0.0,0.0,63.0
2026-07-19 23:32:48+00:00,10,10,113.0,50.0,sudden_spike,6.0,113.0,113.0,113.0,122.0,10.0,119.0,2026-07-19 23:33:17+00:00,29.0,0.0,0.0,0.0,113.0,113.0,113.0,0.0,0.0,63.0
2026-07-19 23:32:53+00:00,10,10,113.0,50.0,sudden_spike,5.0,113.0,113.0,113.0,122.0,10.0,119.0,2026-07-19 23:33:23+00:00,30.0,0.0,0.0,0.0,113.0,113.0,113.0,0.0,0.0,63.0
2026-07-19 23:32:59+00:00,10,10,119.0,50.0,sudden_spike,6.0,113.0,113.0,113.0,113.0,10.0,119.0,2026-07-19 23:33:28+00:00,29.0,6.0,6.0,0.2,114.5,119.0,113.0,3.0,0.0,69.0
2026-07-19 23:33:05+00:00,10,10,119.0,50.0,sudden_spike,6.0,113.0,113.0,113.0,113.0,10.0,119.0,2026-07-19 23:33:34+00:00,29.0,6.0,6.0,0.2,114.5,119.0,113.0,3.0,0.0,69.0
2026-07-19 23:33:11+00:00,10,10,119.0,50.0,sudden_spike,6.0,113.0,113.0,113.0,113.0,10.0,119.0,2026-07-19 23:33:40+00:00,29.0,6.0,6.0,0.2,114.5,119.0,113.0,3.0,0.0,69.0
2026-07-19 23:33:17+00:00,10,10,119.0,50.0,sudden_spike,6.0,119.0,113.0,113.0,113.0,10.0,119.0,2026-07-19 23:33:46+00:00,29.0,0.0,6.0,0.2,116.0,119.0,113.0,3.4641016151377544,0.0,69.0
2026-07-19 23:33:23+00:00,10,10,119.0,50.0,sudden_spike,6.0,119.0,113.0,113.0,113.0,10.0,119.0,2026-07-19 23:33:52+00:00,29.0,0.0,6.0,0.2,116.0,119.0,113.0,3.4641016151377544,0.0,69.0
2026-07-19 23:33:28+00:00,10,10,119.0,50.0,sudden_spike,5.0,119.0,119.0,113.0,113.0,10.0,119.0,2026-07-19 23:33:57+00:00,29.0,0.0,0.0,0.0,117.5,119.0,113.0,3.0,0.0,69.0
2026-07-19 23:33:34+00:00,10,10,119.0,50.0,sudden_spike,6.0,119.0,119.0,113.0,113.0,10.0,152.0,2026-07-19 23:34:03+00:00,29.0,0.0,0.0,0.0,117.5,119.0,113.0,3.0,0.0,69.0
2026-07-19 23:33:40+00:00,10,10,119.0,50.0,sudden_spike,6.0,119.0,119.0,113.0,113.0,10.0,152.0,2026-07-19 23:34:09+00:00,29.0,0.0,0.0,0.0,117.5,119.0,113.0,3.0,0.0,69.0
2026-07-19 23:33:46+00:00,10,10,119.0,50.0,sudden_spike,6.0,119.0,119.0,119.0,113.0,10.0,152.0,2026-07-19 23:34:15+00:00,29.0,0.0,0.0,0.0,119.0,119.0,119.0,0.0,0.0,69.0
2026-07-19 23:33:52+00:00,10,10,119.0,50.0,sudden_spike,6.0,119.0,119.0,119.0,113.0,10.0,152.0,2026-07-19 23:34:20+00:00,28.0,0.0,0.0,0.0,119.0,119.0,119.0,0.0,0.0,69.0
2026-07-19 23:33:57+00:00,10,10,119.0,50.0,sudden_spike,5.0,119.0,119.0,119.0,119.0,10.0,152.0,2026-07-19 23:34:27+00:00,30.0,0.0,0.0,0.0,119.0,119.0,119.0,0.0,0.0,69.0
2026-07-19 23:34:03+00:00,10,10,152.0,50.0,sudden_spike,6.0,119.0,119.0,119.0,119.0,10.0,152.0,2026-07-19 23:34:32+00:00,29.0,33.0,33.0,1.1,127.25,152.0,119.0,16.5,0.0,102.0
2026-07-19 23:34:09+00:00,10,10,152.0,50.0,sudden_spike,6.0,119.0,119.0,119.0,119.0,10.0,152.0,2026-07-19 23:34:38+00:00,29.0,33.0,33.0,1.1,127.25,152.0,119.0,16.5,0.0,102.0
2026-07-19 23:34:15+00:00,10,10,152.0,50.0,sudden_spike,6.0,119.0,119.0,119.0,119.0,10.0,152.0,2026-07-19 23:34:44+00:00,29.0,33.0,33.0,1.1,127.25,152.0,119.0,16.5,0.0,102.0
2026-07-19 23:34:20+00:00,10,10,152.0,50.0,sudden_spike,5.0,152.0,119.0,119.0,119.0,10.0,152.0,2026-07-19 23:34:50+00:00,30.0,0.0,33.0,1.1,135.5,152.0,119.0,19.05255888325765,0.0,102.0
2026-07-19 23:34:27+00:00,10,10,152.0,50.0,sudden_spike,7.0,152.0,119.0,119.0,119.0,10.0,152.0,2026-07-19 23:34:56+00:00,29.0,0.0,33.0,1.1,135.5,152.0,119.0,19.05255888325765,0.0,102.0
2026-07-19 23:34:32+00:00,10,10,152.0,50.0,sudden_spike,5.0,152.0,152.0,119.0,119.0,10.0,183.0,2026-07-19 23:35:02+00:00,30.0,0.0,0.0,0.0,143.75,152.0,119.0,16.5,0.0,102.0
2026-07-19 23:34:38+00:00,10,10,152.0,50.0,sudden_spike,6.0,152.0,152.0,119.0,119.0,10.0,183.0,2026-07-19 23:35:07+00:00,29.0,0.0,0.0,0.0,143.75,152.0,119.0,16.5,0.0,102.0
2026-07-19 23:34:44+00:00,10,10,152.0,50.0,sudden_spike,6.0,152.0,152.0,119.0,119.0,10.0,183.0,2026-07-19 23:35:13+00:00,29.0,0.0,0.0,0.0,143.75,152.0,119.0,16.5,0.0,102.0
2026-07-19 23:34:50+00:00,10,10,152.0,50.0,sudden_spike,6.0,152.0,152.0,152.0,119.0,10.0,183.0,2026-07-19 23:35:19+00:00,29.0,0.0,0.0,0.0,152.0,152.0,152.0,0.0,0.0,102.0
2026-07-19 23:34:56+00:00,10,10,152.0,50.0,sudden_spike,6.0,152.0,152.0,152.0,119.0,10.0,183.0,2026-07-19 23:35:25+00:00,29.0,0.0,0.0,0.0,152.0,152.0,152.0,0.0,0.0,102.0
2026-07-19 23:35:02+00:00,10,10,183.0,50.0,sudden_spike,6.0,152.0,152.0,152.0,152.0,10.0,183.0,2026-07-19 23:35:31+00:00,29.0,31.0,31.0,1.0333333333333334,159.75,183.0,152.0,15.5,0.0,133.0
2026-07-19 23:35:07+00:00,10,10,183.0,50.0,sudden_spike,5.0,152.0,152.0,152.0,152.0,10.0,183.0,2026-07-19 23:35:37+00:00,30.0,31.0,31.0,1.0333333333333334,159.75,183.0,152.0,15.5,0.0,133.0
2026-07-19 23:35:13+00:00,10,10,183.0,50.0,sudden_spike,6.0,152.0,152.0,152.0,152.0,10.0,183.0,2026-07-19 23:35:42+00:00,29.0,31.0,31.0,1.0333333333333334,159.75,183.0,152.0,15.5,0.0,133.0
2026-07-19 23:35:19+00:00,10,10,183.0,50.0,sudden_spike,6.0,183.0,152.0,152.0,152.0,10.0,183.0,2026-07-19 23:35:48+00:00,29.0,0.0,31.0,1.0333333333333334,167.5,183.0,152.0,17.897858344878397,0.0,133.0
2026-07-19 23:35:25+00:00,10,10,183.0,50.0,sudden_spike,6.0,183.0,152.0,152.0,152.0,10.0,183.0,2026-07-19 23:35:54+00:00,29.0,0.0,31.0,1.0333333333333334,167.5,183.0,152.0,17.897858344878397,0.0,133.0
2026-07-19 23:35:31+00:00,10,10,183.0,50.0,sudden_spike,6.0,183.0,183.0,152.0,152.0,10.0,181.0,2026-07-19 23:36:00+00:00,29.0,0.0,0.0,0.0,175.25,183.0,152.0,15.5,0.0,133.0
2026-07-19 23:35:37+00:00,10,10,183.0,50.0,sudden_spike,6.0,183.0,183.0,152.0,152.0,10.0,181.0,2026-07-19 23:36:06+00:00,29.0,0.0,0.0,0.0,175.25,183.0,152.0,15.5,0.0,133.0
2026-07-19 23:35:42+00:00,10,10,183.0,50.0,sudden_spike,5.0,183.0,183.0,152.0,152.0,10.0,181.0,2026-07-19 23:36:12+00:00,30.0,0.0,0.0,0.0,175.25,183.0,152.0,15.5,0.0,133.0
2026-07-19 23:35:48+00:00,10,10,183.0,50.0,sudden_spike,6.0,183.0,183.0,183.0,152.0,10.0,181.0,2026-07-19 23:36:18+00:00,30.0,0.0,0.0,0.0,183.0,183.0,183.0,0.0,0.0,133.0
2026-07-19 23:35:54+00:00,10,10,183.0,50.0,sudden_spike,6.0,183.0,183.0,183.0,152.0,10.0,181.0,2026-07-19 23:36:24+00:00,30.0,0.0,0.0,0.0,183.0,183.0,183.0,0.0,0.0,133.0
2026-07-19 23:36:00+00:00,10,10,181.0,50.0,sudden_spike,6.0,183.0,183.0,183.0,183.0,10.0,181.0,2026-07-19 23:36:29+00:00,29.0,-2.0,-2.0,-0.06666666666666667,182.5,183.0,181.0,1.0,0.0,131.0
2026-07-19 23:36:06+00:00,10,10,181.0,50.0,sudden_spike,6.0,183.0,183.0,183.0,183.0,10.0,181.0,2026-07-19 23:36:35+00:00,29.0,-2.0,-2.0,-0.06666666666666667,182.5,183.0,181.0,1.0,0.0,131.0
2026-07-19 23:36:12+00:00,10,10,181.0,50.0,sudden_spike,6.0,183.0,183.0,183.0,183.0,10.0,181.0,2026-07-19 23:36:41+00:00,29.0,-2.0,-2.0,-0.06666666666666667,182.5,183.0,181.0,1.0,0.0,131.0
2026-07-19 23:36:18+00:00,10,10,181.0,50.0,sudden_spike,6.0,181.0,183.0,183.0,183.0,10.0,181.0,2026-07-19 23:36:47+00:00,29.0,0.0,-2.0,-0.06666666666666667,182.0,183.0,181.0,1.1547005383792515,0.0,131.0
2026-07-19 23:36:24+00:00,10,10,181.0,50.0,sudden_spike,6.0,181.0,183.0,183.0,183.0,10.0,181.0,2026-07-19 23:36:53+00:00,29.0,0.0,-2.0,-0.06666666666666667,182.0,183.0,181.0,1.1547005383792515,0.0,131.0
2026-07-19 23:36:29+00:00,10,10,181.0,50.0,sudden_spike,5.0,181.0,181.0,183.0,183.0,10.0,181.0,2026-07-19 23:36:59+00:00,30.0,0.0,0.0,0.0,181.5,183.0,181.0,1.0,0.0,131.0
2026-07-19 23:36:35+00:00,10,10,181.0,50.0,sudden_spike,6.0,181.0,181.0,183.0,183.0,10.0,183.0,2026-07-19 23:37:04+00:00,29.0,0.0,0.0,0.0,181.5,183.0,181.0,1.0,0.0,131.0
2026-07-19 23:36:41+00:00,10,10,181.0,50.0,sudden_spike,6.0,181.0,181.0,183.0,183.0,10.0,183.0,2026-07-19 23:37:10+00:00,29.0,0.0,0.0,0.0,181.5,183.0,181.0,1.0,0.0,131.0
2026-07-19 23:36:47+00:00,10,10,181.0,50.0,sudden_spike,6.0,181.0,181.0,181.0,183.0,10.0,183.0,2026-07-19 23:37:16+00:00,29.0,0.0,0.0,0.0,181.0,181.0,181.0,0.0,0.0,131.0
2026-07-19 23:36:53+00:00,10,10,181.0,50.0,sudden_spike,6.0,181.0,181.0,181.0,183.0,10.0,183.0,2026-07-19 23:37:22+00:00,29.0,0.0,0.0,0.0,181.0,181.0,181.0,0.0,0.0,131.0
2026-07-19 23:36:59+00:00,10,10,181.0,50.0,sudden_spike,6.0,181.0,181.0,181.0,181.0,10.0,183.0,2026-07-19 23:37:28+00:00,29.0,0.0,0.0,0.0,181.0,181.0,181.0,0.0,0.0,131.0
2026-07-19 23:37:04+00:00,10,10,183.0,50.0,sudden_spike,5.0,181.0,181.0,181.0,181.0,10.0,183.0,2026-07-19 23:37:34+00:00,30.0,2.0,2.0,0.06666666666666667,181.5,183.0,181.0,1.0,0.0,133.0
2026-07-19 23:37:10+00:00,10,10,183.0,50.0,sudden_spike,6.0,181.0,181.0,181.0,181.0,10.0,183.0,2026-07-19 23:37:41+00:00,31.0,2.0,2.0,0.06666666666666667,181.5,183.0,181.0,1.0,0.0,133.0
2026-07-19 23:37:16+00:00,10,10,183.0,50.0,sudden_spike,6.0,181.0,181.0,181.0,181.0,10.0,183.0,2026-07-19 23:37:47+00:00,31.0,2.0,2.0,0.06666666666666667,181.5,183.0,181.0,1.0,0.0,133.0
2026-07-19 23:37:22+00:00,10,10,183.0,50.0,sudden_spike,6.0,183.0,181.0,181.0,181.0,10.0,183.0,2026-07-19 23:37:53+00:00,31.0,0.0,2.0,0.06666666666666667,182.0,183.0,181.0,1.1547005383792515,0.0,133.0
2026-07-19 23:37:28+00:00,10,10,183.0,50.0,sudden_spike,6.0,183.0,181.0,181.0,181.0,10.0,183.0,2026-07-19 23:37:59+00:00,31.0,0.0,2.0,0.06666666666666667,182.0,183.0,181.0,1.1547005383792515,0.0,133.0
2026-07-19 23:37:34+00:00,10,10,183.0,50.0,sudden_spike,6.0,183.0,183.0,181.0,181.0,10.0,184.0,2026-07-19 23:38:05+00:00,31.0,0.0,0.0,0.0,182.5,183.0,181.0,1.0,0.0,133.0
2026-07-19 23:37:41+00:00,10,10,183.0,50.0,sudden_spike,7.0,183.0,183.0,181.0,181.0,10.0,184.0,2026-07-19 23:38:10+00:00,29.0,0.0,0.0,0.0,182.5,183.0,181.0,1.0,0.0,133.0
2026-07-19 23:37:47+00:00,10,10,183.0,50.0,sudden_spike,6.0,183.0,183.0,183.0,181.0,10.0,184.0,2026-07-19 23:38:16+00:00,29.0,0.0,0.0,0.0,183.0,183.0,183.0,0.0,0.0,133.0
2026-07-19 23:37:53+00:00,10,10,183.0,50.0,sudden_spike,6.0,183.0,183.0,183.0,181.0,10.0,184.0,2026-07-19 23:38:22+00:00,29.0,0.0,0.0,0.0,183.0,183.0,183.0,0.0,0.0,133.0
2026-07-19 23:37:59+00:00,10,10,183.0,50.0,sudden_spike,6.0,183.0,183.0,183.0,181.0,10.0,184.0,2026-07-19 23:38:28+00:00,29.0,0.0,0.0,0.0,183.0,183.0,183.0,0.0,0.0,133.0
2026-07-19 23:38:05+00:00,10,10,184.0,50.0,sudden_spike,6.0,183.0,183.0,183.0,183.0,10.0,184.0,2026-07-19 23:38:34+00:00,29.0,1.0,1.0,0.03333333333333333,183.25,184.0,183.0,0.5,0.0,134.0
2026-07-19 23:38:10+00:00,10,10,184.0,50.0,sudden_spike,5.0,183.0,183.0,183.0,183.0,10.0,184.0,2026-07-19 23:38:40+00:00,30.0,1.0,1.0,0.03333333333333333,183.25,184.0,183.0,0.5,0.0,134.0
2026-07-19 23:38:16+00:00,10,10,184.0,50.0,sudden_spike,6.0,183.0,183.0,183.0,183.0,10.0,184.0,2026-07-19 23:38:45+00:00,29.0,1.0,1.0,0.03333333333333333,183.25,184.0,183.0,0.5,0.0,134.0
2026-07-19 23:38:22+00:00,10,10,184.0,50.0,sudden_spike,6.0,184.0,183.0,183.0,183.0,10.0,184.0,2026-07-19 23:38:51+00:00,29.0,0.0,1.0,0.03333333333333333,183.5,184.0,183.0,0.5773502691896257,0.0,134.0
2026-07-19 23:38:28+00:00,10,10,184.0,50.0,sudden_spike,6.0,184.0,183.0,183.0,183.0,10.0,184.0,2026-07-19 23:38:57+00:00,29.0,0.0,1.0,0.03333333333333333,183.5,184.0,183.0,0.5773502691896257,0.0,134.0
2026-07-19 23:38:34+00:00,10,10,184.0,50.0,sudden_spike,6.0,184.0,184.0,183.0,183.0,10.0,123.0,2026-07-19 23:39:03+00:00,29.0,0.0,0.0,0.0,183.75,184.0,183.0,0.5,0.0,134.0
2026-07-19 23:38:40+00:00,10,10,184.0,50.0,sudden_spike,6.0,184.0,184.0,183.0,183.0,10.0,123.0,2026-07-19 23:39:08+00:00,28.0,0.0,0.0,0.0,183.75,184.0,183.0,0.5,0.0,134.0
2026-07-19 23:38:45+00:00,10,10,184.0,50.0,sudden_spike,5.0,184.0,184.0,183.0,183.0,10.0,123.0,2026-07-19 23:39:15+00:00,30.0,0.0,0.0,0.0,183.75,184.0,183.0,0.5,0.0,134.0
2026-07-19 23:38:51+00:00,10,10,184.0,50.0,sudden_spike,6.0,184.0,184.0,184.0,183.0,10.0,123.0,2026-07-19 23:39:21+00:00,30.0,0.0,0.0,0.0,184.0,184.0,184.0,0.0,0.0,134.0
2026-07-19 23:38:57+00:00,10,10,184.0,50.0,sudden_spike,6.0,184.0,184.0,184.0,183.0,10.0,123.0,2026-07-19 23:39:27+00:00,30.0,0.0,0.0,0.0,184.0,184.0,184.0,0.0,0.0,134.0
2026-07-19 23:39:03+00:00,10,10,123.0,50.0,sudden_spike,6.0,184.0,184.0,184.0,184.0,10.0,128.0,2026-07-19 23:39:32+00:00,29.0,-61.0,-61.0,-2.033333333333333,168.75,184.0,123.0,30.5,0.0,73.0
2026-07-19 23:39:08+00:00,10,10,123.0,50.0,sudden_spike,5.0,184.0,184.0,184.0,184.0,10.0,128.0,2026-07-19 23:39:38+00:00,30.0,-61.0,-61.0,-2.033333333333333,168.75,184.0,123.0,30.5,0.0,73.0
2026-07-19 23:39:15+00:00,10,10,123.0,50.0,sudden_spike,7.0,184.0,184.0,184.0,184.0,10.0,128.0,2026-07-19 23:39:44+00:00,29.0,-61.0,-61.0,-2.033333333333333,168.75,184.0,123.0,30.5,0.0,73.0
2026-07-19 23:39:21+00:00,10,10,123.0,50.0,sudden_spike,6.0,123.0,184.0,184.0,184.0,10.0,128.0,2026-07-19 23:39:50+00:00,29.0,0.0,-61.0,-2.033333333333333,153.5,184.0,123.0,35.21836642056717,0.0,73.0
2026-07-19 23:39:27+00:00,10,10,123.0,50.0,sudden_spike,6.0,123.0,184.0,184.0,184.0,10.0,128.0,2026-07-19 23:39:55+00:00,28.0,0.0,-61.0,-2.033333333333333,153.5,184.0,123.0,35.21836642056717,0.0,73.0
2026-07-19 23:39:32+00:00,10,10,128.0,50.0,sudden_spike,5.0,123.0,123.0,184.0,184.0,10.0,0.0,2026-07-19 23:40:01+00:00,29.0,5.0,5.0,0.16666666666666666,139.5,184.0,123.0,29.760152329359247,0.0,78.0
2026-07-19 23:39:38+00:00,10,10,128.0,50.0,sudden_spike,6.0,123.0,123.0,184.0,184.0,10.0,0.0,2026-07-19 23:40:07+00:00,29.0,5.0,5.0,0.16666666666666666,139.5,184.0,123.0,29.760152329359247,0.0,78.0
2026-07-19 23:39:44+00:00,10,10,128.0,50.0,sudden_spike,6.0,123.0,123.0,184.0,184.0,10.0,0.0,2026-07-19 23:40:13+00:00,29.0,5.0,5.0,0.16666666666666666,139.5,184.0,123.0,29.760152329359247,0.0,78.0
2026-07-19 23:39:50+00:00,10,10,128.0,50.0,sudden_spike,6.0,128.0,123.0,123.0,184.0,10.0,0.0,2026-07-19 23:40:19+00:00,29.0,0.0,5.0,0.16666666666666666,125.5,128.0,123.0,2.886751345948129,0.0,78.0
2026-07-19 23:39:55+00:00,10,10,128.0,50.0,sudden_spike,5.0,128.0,123.0,123.0,184.0,10.0,0.0,2026-07-19 23:40:24+00:00,29.0,0.0,5.0,0.16666666666666666,125.5,128.0,123.0,2.886751345948129,0.0,78.0
2026-07-19 23:40:01+00:00,10,10,0.0,50.0,sudden_spike,6.0,128.0,128.0,123.0,123.0,10.0,0.0,2026-07-19 23:40:30+00:00,29.0,-128.0,-128.0,-4.266666666666667,94.75,128.0,0.0,63.2106267437156,0.0,-50.0
2026-07-19 23:40:07+00:00,10,10,0.0,50.0,sudden_spike,6.0,128.0,128.0,123.0,123.0,10.0,0.0,2026-07-19 23:40:36+00:00,29.0,-128.0,-128.0,-4.266666666666667,94.75,128.0,0.0,63.2106267437156,0.0,-50.0
2026-07-19 23:40:13+00:00,10,10,0.0,50.0,sudden_spike,6.0,128.0,128.0,123.0,123.0,10.0,0.0,2026-07-19 23:40:41+00:00,28.0,-128.0,-128.0,-4.266666666666667,94.75,128.0,0.0,63.2106267437156,0.0,-50.0
2026-07-19 23:40:19+00:00,10,10,0.0,50.0,sudden_spike,6.0,0.0,128.0,128.0,123.0,10.0,0.0,2026-07-19 23:40:47+00:00,28.0,0.0,-128.0,-4.266666666666667,64.0,128.0,0.0,73.9008344562721,0.0,-50.0
2026-07-19 23:40:24+00:00,10,10,0.0,50.0,sudden_spike,5.0,0.0,128.0,128.0,123.0,10.0,0.0,2026-07-19 23:40:53+00:00,29.0,0.0,-128.0,-4.266666666666667,64.0,128.0,0.0,73.9008344562721,0.0,-50.0
2026-07-19 23:40:30+00:00,10,10,0.0,50.0,sudden_spike,6.0,0.0,0.0,128.0,128.0,10.0,0.0,2026-07-19 23:40:59+00:00,29.0,0.0,0.0,0.0,32.0,128.0,0.0,64.0,0.0,-50.0
2026-07-19 23:40:36+00:00,10,10,0.0,50.0,sudden_spike,6.0,0.0,0.0,128.0,128.0,10.0,0.0,2026-07-19 23:41:05+00:00,29.0,0.0,0.0,0.0,32.0,128.0,0.0,64.0,0.0,-50.0
2026-07-19 23:40:41+00:00,10,10,0.0,50.0,sudden_spike,5.0,0.0,0.0,128.0,128.0,10.0,0.0,2026-07-19 23:41:11+00:00,30.0,0.0,0.0,0.0,32.0,128.0,0.0,64.0,0.0,-50.0
2026-07-19 23:40:47+00:00,10,10,0.0,50.0,sudden_spike,6.0,0.0,0.0,0.0,128.0,10.0,0.0,2026-07-19 23:41:17+00:00,30.0,0.0,0.0,0.0,0.0,0.0,0.0,0.0,0.0,-50.0
2026-07-19 23:40:53+00:00,10,10,0.0,50.0,sudden_spike,6.0,0.0,0.0,0.0,128.0,10.0,0.0,2026-07-19 23:41:23+00:00,30.0,0.0,0.0,0.0,0.0,0.0,0.0,0.0,0.0,-50.0
2026-07-19 23:40:59+00:00,10,10,0.0,50.0,sudden_spike,6.0,0.0,0.0,0.0,0.0,10.0,0.0,2026-07-19 23:41:28+00:00,29.0,0.0,0.0,0.0,0.0,0.0,0.0,0.0,0.0,-50.0
2026-07-19 23:41:05+00:00,10,10,0.0,50.0,sudden_spike,6.0,0.0,0.0,0.0,0.0,10.0,0.0,2026-07-19 23:41:34+00:00,29.0,0.0,0.0,0.0,0.0,0.0,0.0,0.0,0.0,-50.0
2026-07-19 23:41:11+00:00,10,10,0.0,50.0,sudden_spike,6.0,0.0,0.0,0.0,0.0,10.0,0.0,2026-07-19 23:41:40+00:00,29.0,0.0,0.0,0.0,0.0,0.0,0.0,0.0,0.0,-50.0
2026-07-19 23:41:17+00:00,10,10,0.0,50.0,sudden_spike,6.0,0.0,0.0,0.0,0.0,10.0,0.0,2026-07-19 23:41:46+00:00,29.0,0.0,0.0,0.0,0.0,0.0,0.0,0.0,0.0,-50.0
2026-07-19 23:41:23+00:00,10,10,0.0,50.0,sudden_spike,6.0,0.0,0.0,0.0,0.0,10.0,0.0,2026-07-19 23:41:52+00:00,29.0,0.0,0.0,0.0,0.0,0.0,0.0,0.0,0.0,-50.0
2026-07-19 23:41:28+00:00,10,10,0.0,50.0,sudden_spike,5.0,0.0,0.0,0.0,0.0,10.0,0.0,2026-07-19 23:41:58+00:00,30.0,0.0,0.0,0.0,0.0,0.0,0.0,0.0,0.0,-50.0
2026-07-19 23:41:34+00:00,10,10,0.0,50.0,sudden_spike,6.0,0.0,0.0,0.0,0.0,10.0,0.0,2026-07-19 23:42:04+00:00,30.0,0.0,0.0,0.0,0.0,0.0,0.0,0.0,0.0,-50.0
2026-07-19 23:41:40+00:00,10,10,0.0,50.0,sudden_spike,6.0,0.0,0.0,0.0,0.0,10.0,0.0,2026-07-19 23:42:10+00:00,30.0,0.0,0.0,0.0,0.0,0.0,0.0,0.0,0.0,-50.0
2026-07-19 23:41:46+00:00,10,10,0.0,50.0,sudden_spike,6.0,0.0,0.0,0.0,0.0,10.0,0.0,2026-07-19 23:42:16+00:00,30.0,0.0,0.0,0.0,0.0,0.0,0.0,0.0,0.0,-50.0
2026-07-19 23:41:52+00:00,10,10,0.0,50.0,sudden_spike,6.0,0.0,0.0,0.0,0.0,10.0,0.0,2026-07-19 23:42:22+00:00,30.0,0.0,0.0,0.0,0.0,0.0,0.0,0.0,0.0,-50.0
2026-07-19 23:41:58+00:00,10,10,0.0,50.0,sudden_spike,6.0,0.0,0.0,0.0,0.0,10.0,0.0,2026-07-19 23:42:28+00:00,30.0,0.0,0.0,0.0,0.0,0.0,0.0,0.0,0.0,-50.0
2026-07-19 23:42:04+00:00,10,10,0.0,50.0,sudden_spike,6.0,0.0,0.0,0.0,0.0,10.0,0.0,2026-07-19 23:42:33+00:00,29.0,0.0,0.0,0.0,0.0,0.0,0.0,0.0,0.0,-50.0
2026-07-19 23:42:10+00:00,10,10,0.0,50.0,sudden_spike,6.0,0.0,0.0,0.0,0.0,10.0,0.0,2026-07-19 23:42:39+00:00,29.0,0.0,0.0,0.0,0.0,0.0,0.0,0.0,0.0,-50.0
2026-07-19 23:42:16+00:00,10,10,0.0,50.0,sudden_spike,6.0,0.0,0.0,0.0,0.0,10.0,0.0,2026-07-19 23:42:44+00:00,28.0,0.0,0.0,0.0,0.0,0.0,0.0,0.0,0.0,-50.0
2026-07-19 23:42:22+00:00,10,10,0.0,50.0,sudden_spike,6.0,0.0,0.0,0.0,0.0,10.0,0.0,2026-07-19 23:42:50+00:00,28.0,0.0,0.0,0.0,0.0,0.0,0.0,0.0,0.0,-50.0
2026-07-19 23:42:28+00:00,10,10,0.0,50.0,sudden_spike,6.0,0.0,0.0,0.0,0.0,10.0,0.0,2026-07-19 23:42:55+00:00,27.0,0.0,0.0,0.0,0.0,0.0,0.0,0.0,0.0,-50.0
2026-07-19 23:42:33+00:00,10,10,0.0,50.0,sudden_spike,5.0,0.0,0.0,0.0,0.0,10.0,0.0,2026-07-19 23:43:01+00:00,28.0,0.0,0.0,0.0,0.0,0.0,0.0,0.0,0.0,-50.0
2026-07-19 23:42:39+00:00,10,10,0.0,50.0,sudden_spike,6.0,0.0,0.0,0.0,0.0,10.0,0.0,2026-07-19 23:43:06+00:00,27.0,0.0,0.0,0.0,0.0,0.0,0.0,0.0,0.0,-50.0
2026-07-19 23:42:44+00:00,10,10,0.0,50.0,sudden_spike,5.0,0.0,0.0,0.0,0.0,10.0,0.0,2026-07-19 23:43:14+00:00,30.0,0.0,0.0,0.0,0.0,0.0,0.0,0.0,0.0,-50.0
2026-07-19 23:42:50+00:00,10,10,0.0,50.0,sudden_spike,6.0,0.0,0.0,0.0,0.0,10.0,0.0,2026-07-19 23:43:19+00:00,29.0,0.0,0.0,0.0,0.0,0.0,0.0,0.0,0.0,-50.0
2026-07-19 23:42:55+00:00,10,10,0.0,50.0,sudden_spike,5.0,0.0,0.0,0.0,0.0,10.0,0.0,2026-07-19 23:43:25+00:00,30.0,0.0,0.0,0.0,0.0,0.0,0.0,0.0,0.0,-50.0
2026-07-19 23:43:01+00:00,10,10,0.0,50.0,sudden_spike,6.0,0.0,0.0,0.0,0.0,10.0,0.0,2026-07-19 23:43:31+00:00,30.0,0.0,0.0,0.0,0.0,0.0,0.0,0.0,0.0,-50.0
2026-07-19 23:43:06+00:00,10,10,0.0,50.0,sudden_spike,5.0,0.0,0.0,0.0,0.0,10.0,0.0,2026-07-19 23:43:37+00:00,31.0,0.0,0.0,0.0,0.0,0.0,0.0,0.0,0.0,-50.0
2026-07-19 23:43:14+00:00,10,10,0.0,50.0,sudden_spike,8.0,0.0,0.0,0.0,0.0,10.0,0.0,2026-07-19 23:43:43+00:00,29.0,0.0,0.0,0.0,0.0,0.0,0.0,0.0,0.0,-50.0
2026-07-19 23:43:19+00:00,10,10,0.0,50.0,sudden_spike,5.0,0.0,0.0,0.0,0.0,10.0,0.0,2026-07-19 23:43:49+00:00,30.0,0.0,0.0,0.0,0.0,0.0,0.0,0.0,0.0,-50.0
2026-07-19 23:43:25+00:00,10,10,0.0,50.0,sudden_spike,6.0,0.0,0.0,0.0,0.0,10.0,0.0,2026-07-19 23:43:55+00:00,30.0,0.0,0.0,0.0,0.0,0.0,0.0,0.0,0.0,-50.0
2026-07-19 23:43:31+00:00,10,10,0.0,50.0,sudden_spike,6.0,0.0,0.0,0.0,0.0,10.0,0.0,2026-07-19 23:44:01+00:00,30.0,0.0,0.0,0.0,0.0,0.0,0.0,0.0,0.0,-50.0
2026-07-19 23:43:37+00:00,10,10,0.0,50.0,sudden_spike,6.0,0.0,0.0,0.0,0.0,10.0,0.0,2026-07-19 23:44:07+00:00,30.0,0.0,0.0,0.0,0.0,0.0,0.0,0.0,0.0,-50.0
2026-07-19 23:43:43+00:00,10,10,0.0,50.0,sudden_spike,6.0,0.0,0.0,0.0,0.0,10.0,0.0,2026-07-19 23:44:13+00:00,30.0,0.0,0.0,0.0,0.0,0.0,0.0,0.0,0.0,-50.0
2026-07-19 23:43:49+00:00,10,10,0.0,50.0,sudden_spike,6.0,0.0,0.0,0.0,0.0,10.0,0.0,2026-07-19 23:44:18+00:00,29.0,0.0,0.0,0.0,0.0,0.0,0.0,0.0,0.0,-50.0
2026-07-19 23:43:55+00:00,10,10,0.0,50.0,sudden_spike,6.0,0.0,0.0,0.0,0.0,10.0,0.0,2026-07-19 23:44:24+00:00,29.0,0.0,0.0,0.0,0.0,0.0,0.0,0.0,0.0,-50.0
2026-07-19 23:44:01+00:00,10,10,0.0,50.0,sudden_spike,6.0,0.0,0.0,0.0,0.0,10.0,0.0,2026-07-19 23:44:30+00:00,29.0,0.0,0.0,0.0,0.0,0.0,0.0,0.0,0.0,-50.0
2026-07-19 23:44:07+00:00,10,10,0.0,50.0,sudden_spike,6.0,0.0,0.0,0.0,0.0,10.0,0.0,2026-07-19 23:44:36+00:00,29.0,0.0,0.0,0.0,0.0,0.0,0.0,0.0,0.0,-50.0
2026-07-19 23:44:13+00:00,10,10,0.0,50.0,sudden_spike,6.0,0.0,0.0,0.0,0.0,10.0,0.0,2026-07-19 23:44:42+00:00,29.0,0.0,0.0,0.0,0.0,0.0,0.0,0.0,0.0,-50.0
2026-07-19 23:44:18+00:00,10,10,0.0,50.0,sudden_spike,5.0,0.0,0.0,0.0,0.0,10.0,0.0,2026-07-19 23:44:47+00:00,29.0,0.0,0.0,0.0,0.0,0.0,0.0,0.0,0.0,-50.0
2026-07-19 23:44:24+00:00,10,10,0.0,50.0,sudden_spike,6.0,0.0,0.0,0.0,0.0,10.0,0.0,2026-07-19 23:44:53+00:00,29.0,0.0,0.0,0.0,0.0,0.0,0.0,0.0,0.0,-50.0
2026-07-19 23:44:30+00:00,10,10,0.0,50.0,sudden_spike,6.0,0.0,0.0,0.0,0.0,10.0,0.0,2026-07-19 23:44:59+00:00,29.0,0.0,0.0,0.0,0.0,0.0,0.0,0.0,0.0,-50.0
2026-07-19 23:44:36+00:00,10,10,0.0,50.0,sudden_spike,6.0,0.0,0.0,0.0,0.0,10.0,0.0,2026-07-19 23:45:05+00:00,29.0,0.0,0.0,0.0,0.0,0.0,0.0,0.0,0.0,-50.0
2026-07-19 23:44:42+00:00,10,10,0.0,50.0,sudden_spike,6.0,0.0,0.0,0.0,0.0,10.0,0.0,2026-07-19 23:45:11+00:00,29.0,0.0,0.0,0.0,0.0,0.0,0.0,0.0,0.0,-50.0
2026-07-19 23:44:47+00:00,10,1,0.0,50.0,sudden_spike,5.0,0.0,0.0,0.0,0.0,10.0,0.0,2026-07-19 23:45:16+00:00,29.0,0.0,0.0,0.0,0.0,0.0,0.0,0.0,0.0,-50.0
2026-07-19 23:44:53+00:00,10,1,0.0,50.0,sudden_spike,6.0,0.0,0.0,0.0,0.0,10.0,0.0,2026-07-19 23:45:22+00:00,29.0,0.0,0.0,0.0,0.0,0.0,0.0,0.0,0.0,-50.0
2026-07-19 23:44:59+00:00,10,1,0.0,50.0,sudden_spike,6.0,0.0,0.0,0.0,0.0,10.0,0.0,2026-07-19 23:45:28+00:00,29.0,0.0,0.0,0.0,0.0,0.0,0.0,0.0,0.0,-50.0
2026-07-19 23:45:05+00:00,1,1,0.0,50.0,sudden_spike,6.0,0.0,0.0,0.0,0.0,10.0,0.0,2026-07-19 23:45:34+00:00,29.0,0.0,0.0,0.0,0.0,0.0,0.0,0.0,-9.0,-50.0
2026-07-19 23:45:11+00:00,1,1,0.0,50.0,sudden_spike,6.0,0.0,0.0,0.0,0.0,10.0,0.0,2026-07-19 23:45:40+00:00,29.0,0.0,0.0,0.0,0.0,0.0,0.0,0.0,-9.0,-50.0
2026-07-19 23:45:16+00:00,1,1,0.0,50.0,sudden_spike,5.0,0.0,0.0,0.0,0.0,10.0,0.0,2026-07-19 23:45:46+00:00,30.0,0.0,0.0,0.0,0.0,0.0,0.0,0.0,-9.0,-50.0
2026-07-19 23:45:22+00:00,1,1,0.0,50.0,sudden_spike,6.0,0.0,0.0,0.0,0.0,1.0,0.0,2026-07-19 23:45:52+00:00,30.0,0.0,0.0,0.0,0.0,0.0,0.0,0.0,0.0,-50.0
2026-07-19 23:45:28+00:00,1,1,0.0,50.0,sudden_spike,6.0,0.0,0.0,0.0,0.0,1.0,0.0,2026-07-19 23:45:58+00:00,30.0,0.0,0.0,0.0,0.0,0.0,0.0,0.0,0.0,-50.0
2026-07-19 23:45:34+00:00,1,1,0.0,50.0,sudden_spike,6.0,0.0,0.0,0.0,0.0,1.0,0.0,2026-07-19 23:46:04+00:00,30.0,0.0,0.0,0.0,0.0,0.0,0.0,0.0,0.0,-50.0
2026-07-19 23:45:40+00:00,1,1,0.0,50.0,sudden_spike,6.0,0.0,0.0,0.0,0.0,1.0,0.0,2026-07-19 23:46:09+00:00,29.0,0.0,0.0,0.0,0.0,0.0,0.0,0.0,0.0,-50.0
2026-07-19 23:45:46+00:00,1,1,0.0,50.0,sudden_spike,6.0,0.0,0.0,0.0,0.0,1.0,0.0,2026-07-19 23:46:15+00:00,29.0,0.0,0.0,0.0,0.0,0.0,0.0,0.0,0.0,-50.0
2026-07-19 23:45:52+00:00,1,1,0.0,50.0,sudden_spike,6.0,0.0,0.0,0.0,0.0,1.0,0.0,2026-07-19 23:46:21+00:00,29.0,0.0,0.0,0.0,0.0,0.0,0.0,0.0,0.0,-50.0
2026-07-19 23:45:58+00:00,1,1,0.0,50.0,sudden_spike,6.0,0.0,0.0,0.0,0.0,1.0,0.0,2026-07-19 23:46:27+00:00,29.0,0.0,0.0,0.0,0.0,0.0,0.0,0.0,0.0,-50.0
2026-07-19 23:46:04+00:00,1,1,0.0,50.0,sudden_spike,6.0,0.0,0.0,0.0,0.0,1.0,0.0,2026-07-19 23:46:33+00:00,29.0,0.0,0.0,0.0,0.0,0.0,0.0,0.0,0.0,-50.0
2026-07-19 23:46:09+00:00,1,1,0.0,50.0,sudden_spike,5.0,0.0,0.0,0.0,0.0,1.0,0.0,2026-07-19 23:46:39+00:00,30.0,0.0,0.0,0.0,0.0,0.0,0.0,0.0,0.0,-50.0
2026-07-19 23:46:15+00:00,1,1,0.0,50.0,sudden_spike,6.0,0.0,0.0,0.0,0.0,1.0,0.0,2026-07-19 23:46:45+00:00,30.0,0.0,0.0,0.0,0.0,0.0,0.0,0.0,0.0,-50.0
2026-07-19 23:46:21+00:00,1,1,0.0,50.0,sudden_spike,6.0,0.0,0.0,0.0,0.0,1.0,0.0,2026-07-19 23:46:50+00:00,29.0,0.0,0.0,0.0,0.0,0.0,0.0,0.0,0.0,-50.0
2026-07-19 23:46:27+00:00,1,1,0.0,50.0,sudden_spike,6.0,0.0,0.0,0.0,0.0,1.0,0.0,2026-07-19 23:46:56+00:00,29.0,0.0,0.0,0.0,0.0,0.0,0.0,0.0,0.0,-50.0
2026-07-19 23:46:33+00:00,1,1,0.0,50.0,sudden_spike,6.0,0.0,0.0,0.0,0.0,1.0,0.0,2026-07-19 23:47:02+00:00,29.0,0.0,0.0,0.0,0.0,0.0,0.0,0.0,0.0,-50.0
2026-07-19 23:46:39+00:00,1,1,0.0,50.0,sudden_spike,6.0,0.0,0.0,0.0,0.0,1.0,0.0,2026-07-19 23:47:08+00:00,29.0,0.0,0.0,0.0,0.0,0.0,0.0,0.0,0.0,-50.0
2026-07-19 23:46:45+00:00,1,1,0.0,50.0,sudden_spike,6.0,0.0,0.0,0.0,0.0,1.0,0.0,2026-07-19 23:47:14+00:00,29.0,0.0,0.0,0.0,0.0,0.0,0.0,0.0,0.0,-50.0
2026-07-19 23:46:50+00:00,1,1,0.0,50.0,sudden_spike,5.0,0.0,0.0,0.0,0.0,1.0,0.0,2026-07-19 23:47:20+00:00,30.0,0.0,0.0,0.0,0.0,0.0,0.0,0.0,0.0,-50.0
2026-07-19 23:46:56+00:00,1,1,0.0,50.0,sudden_spike,6.0,0.0,0.0,0.0,0.0,1.0,0.0,2026-07-19 23:47:26+00:00,30.0,0.0,0.0,0.0,0.0,0.0,0.0,0.0,0.0,-50.0
2026-07-19 23:47:02+00:00,1,1,0.0,50.0,sudden_spike,6.0,0.0,0.0,0.0,0.0,1.0,0.0,2026-07-19 23:47:31+00:00,29.0,0.0,0.0,0.0,0.0,0.0,0.0,0.0,0.0,-50.0
2026-07-19 23:47:08+00:00,1,1,0.0,50.0,sudden_spike,6.0,0.0,0.0,0.0,0.0,1.0,0.0,2026-07-19 23:47:37+00:00,29.0,0.0,0.0,0.0,0.0,0.0,0.0,0.0,0.0,-50.0
2026-07-19 23:47:14+00:00,1,1,0.0,50.0,sudden_spike,6.0,0.0,0.0,0.0,0.0,1.0,0.0,2026-07-19 23:47:43+00:00,29.0,0.0,0.0,0.0,0.0,0.0,0.0,0.0,0.0,-50.0
2026-07-19 23:47:20+00:00,1,1,0.0,50.0,sudden_spike,6.0,0.0,0.0,0.0,0.0,1.0,0.0,2026-07-19 23:47:49+00:00,29.0,0.0,0.0,0.0,0.0,0.0,0.0,0.0,0.0,-50.0
2026-07-19 23:47:26+00:00,1,1,0.0,50.0,sudden_spike,6.0,0.0,0.0,0.0,0.0,1.0,0.0,2026-07-19 23:47:55+00:00,29.0,0.0,0.0,0.0,0.0,0.0,0.0,0.0,0.0,-50.0
2026-07-19 23:47:31+00:00,1,1,0.0,50.0,sudden_spike,5.0,0.0,0.0,0.0,0.0,1.0,1.0,2026-07-19 23:48:01+00:00,30.0,0.0,0.0,0.0,0.0,0.0,0.0,0.0,0.0,-50.0
2026-07-19 23:47:37+00:00,1,1,0.0,50.0,sudden_spike,6.0,0.0,0.0,0.0,0.0,1.0,1.0,2026-07-19 23:48:07+00:00,30.0,0.0,0.0,0.0,0.0,0.0,0.0,0.0,0.0,-50.0
2026-07-19 23:47:43+00:00,1,1,0.0,50.0,sudden_spike,6.0,0.0,0.0,0.0,0.0,1.0,1.0,2026-07-19 23:48:12+00:00,29.0,0.0,0.0,0.0,0.0,0.0,0.0,0.0,0.0,-50.0
2026-07-19 23:47:49+00:00,1,1,0.0,50.0,sudden_spike,6.0,0.0,0.0,0.0,0.0,1.0,1.0,2026-07-19 23:48:18+00:00,29.0,0.0,0.0,0.0,0.0,0.0,0.0,0.0,0.0,-50.0
2026-07-19 23:47:55+00:00,1,1,0.0,50.0,sudden_spike,6.0,0.0,0.0,0.0,0.0,1.0,1.0,2026-07-19 23:48:24+00:00,29.0,0.0,0.0,0.0,0.0,0.0,0.0,0.0,0.0,-50.0
2026-07-19 23:48:01+00:00,1,1,1.0,50.0,sudden_spike,6.0,0.0,0.0,0.0,0.0,1.0,1.0,2026-07-19 23:48:29+00:00,28.0,1.0,1.0,0.03333333333333333,0.25,1.0,0.0,0.5,0.0,-49.0
